allocation_id,destination_site_id,product_id,qty,request_date,fulfilled_date
1,1,12,1,2026-07-04,2026-07-06
2,1,12,1,2025-10-17,2025-10-20
3,1,12,1,2025-11-22,2025-11-26
4,1,12,1,2026-02-21,2026-02-24
5,1,12,1,2026-03-16,2026-03-19
6,1,12,1,2025-09-05,2025-09-09
7,1,21,6,2025-12-22,2025-12-26
8,1,21,7,2025-08-08,2025-08-12
9,1,21,12,2025-12-27,2025-12-29
10,1,3,2,2025-12-09,2025-12-12
11,1,3,1,2026-05-20,2026-05-24
12,1,3,1,2026-05-18,2026-05-22
13,1,3,2,2026-06-02,2026-06-06
14,1,3,1,2026-04-26,2026-04-29
15,1,3,1,2026-02-16,2026-02-19
16,1,3,2,2026-02-18,2026-02-22
17,1,3,1,2025-10-01,2025-10-03
18,1,5,1,2026-03-09,2026-03-13
19,1,5,1,2025-10-16,2025-10-18
20,1,5,1,2026-07-06,2026-07-08
21,1,5,1,2025-12-15,2025-12-17
22,1,5,1,2026-06-27,2026-06-29
23,1,5,1,2026-05-11,2026-05-14
24,1,5,1,2026-03-14,2026-03-17
25,1,5,1,2026-01-11,2026-01-15
26,1,8,1,2025-11-01,2025-11-04
27,1,8,2,2025-08-27,2025-08-31
28,1,8,2,2025-12-14,2025-12-16
29,1,8,1,2026-07-04,
30,1,8,1,2025-11-17,2025-11-20
31,1,8,1,2025-08-03,2025-08-07
32,1,1,1,2025-12-15,2025-12-17
33,1,1,1,2026-07-09,2026-07-11
34,1,1,1,2025-10-05,2025-10-09
35,1,1,1,2026-04-07,2026-04-09
36,1,6,1,2026-04-07,2026-04-09
37,1,6,1,2026-02-21,2026-02-24
38,1,6,1,2026-04-15,2026-04-17
39,1,6,2,2026-06-13,
40,1,6,2,2025-08-10,2025-08-13
41,1,6,1,2026-01-20,2026-01-24
42,1,6,1,2026-06-17,2026-06-19
43,1,24,91,2026-03-22,
44,1,24,76,2025-10-17,2025-10-20
45,1,24,68,2025-09-04,2025-09-06
46,1,15,13,2026-01-19,2026-01-23
47,1,15,12,2026-04-12,2026-04-14
48,1,15,5,2026-01-09,2026-01-13
49,1,15,11,2026-01-06,
50,1,15,3,2026-03-17,2026-03-21
51,1,15,13,2025-12-14,2025-12-17
52,1,15,15,2026-07-14,2026-07-18
53,1,2,1,2026-01-24,
54,1,2,1,2026-05-04,
55,1,2,1,2025-10-25,2025-10-27
56,1,2,1,2026-03-24,2026-03-27
57,1,2,1,2026-01-17,2026-01-20
58,1,2,1,2025-11-02,2025-11-04
59,1,2,1,2026-06-05,2026-06-09
60,1,2,2,2025-12-23,2025-12-27
61,1,23,26,2026-07-22,2026-07-25
62,1,23,71,2025-08-14,2025-08-17
63,1,23,90,2025-08-23,2025-08-25
64,1,13,1,2025-08-19,2025-08-22
65,1,13,1,2025-08-09,2025-08-11
66,1,13,1,2026-06-03,2026-06-06
67,1,13,2,2026-02-09,2026-02-12
68,1,13,1,2026-06-23,2026-06-27
69,1,13,1,2025-08-23,2025-08-26
70,1,11,1,2026-02-25,2026-02-27
71,1,11,1,2026-06-03,2026-06-05
72,1,11,1,2026-06-10,2026-06-14
73,1,22,98,2026-04-10,2026-04-12
74,1,22,54,2025-11-13,2025-11-15
75,1,22,16,2026-03-11,2026-03-14
76,1,20,16,2026-02-22,2026-02-25
77,1,20,12,2026-07-06,2026-07-10
78,1,20,13,2026-07-24,2026-07-27
79,1,20,5,2026-01-09,2026-01-11
80,1,20,9,2025-11-17,2025-11-19
81,1,20,9,2025-12-02,2025-12-04
82,1,25,57,2026-04-16,2026-04-18
83,1,25,30,2026-04-01,2026-04-05
84,1,25,45,2026-01-24,
85,1,25,41,2025-08-03,2025-08-06
86,1,19,7,2026-04-12,2026-04-14
87,1,19,14,2026-02-26,2026-02-28
88,1,19,8,2026-05-13,2026-05-15
89,1,19,8,2026-02-11,2026-02-13
90,1,19,11,2025-11-20,2025-11-24
91,1,19,13,2026-04-15,2026-04-18
92,1,19,16,2026-04-27,2026-05-01
93,1,9,1,2025-08-12,2025-08-14
94,1,9,1,2025-09-27,2025-09-30
95,1,9,1,2025-10-26,2025-10-30
96,1,9,1,2025-12-13,2025-12-17
97,1,9,1,2025-12-08,2025-12-10
98,1,16,11,2025-08-12,2025-08-14
99,1,16,8,2025-08-03,2025-08-06
100,1,16,6,2026-07-04,2026-07-06
101,2,20,5,2025-08-19,2025-08-23
102,2,20,10,2026-04-08,2026-04-11
103,2,20,1,2025-09-10,2025-09-14
104,2,20,4,2026-02-20,2026-02-23
105,2,20,5,2025-09-03,2025-09-05
106,2,20,9,2025-12-24,2025-12-28
107,2,20,8,2025-12-14,2025-12-18
108,2,20,9,2026-03-25,2026-03-27
109,2,14,1,2026-04-12,2026-04-14
110,2,14,1,2026-07-27,2026-07-29
111,2,14,1,2026-01-10,2026-01-12
112,2,14,1,2026-03-11,2026-03-13
113,2,14,1,2026-05-13,2026-05-17
114,2,13,1,2026-03-17,2026-03-20
115,2,13,1,2026-03-07,2026-03-09
116,2,13,1,2025-09-08,2025-09-10
117,2,13,1,2026-01-05,2026-01-09
118,2,13,1,2026-01-01,2026-01-03
119,2,11,1,2025-12-07,2025-12-09
120,2,11,1,2026-05-11,
121,2,11,1,2025-09-22,2025-09-26
122,2,11,1,2025-08-22,2025-08-24
123,2,11,1,2026-07-03,
124,2,11,1,2026-07-23,2026-07-25
125,2,11,1,2026-05-08,2026-05-11
126,2,11,1,2026-05-17,2026-05-21
127,2,16,6,2025-12-10,2025-12-12
128,2,16,14,2026-05-01,
129,2,16,22,2026-05-07,2026-05-09
130,2,25,88,2026-07-10,2026-07-12
131,2,25,41,2026-05-01,2026-05-04
132,2,25,30,2025-11-23,2025-11-26
133,2,25,70,2026-02-08,2026-02-11
134,2,25,38,2026-01-04,2026-01-06
135,2,25,62,2026-06-05,2026-06-09
136,2,15,7,2026-06-09,2026-06-13
137,2,15,13,2026-07-25,
138,2,15,7,2026-03-19,2026-03-23
139,2,15,15,2026-07-25,2026-07-27
140,2,15,1,2026-07-02,2026-07-04
141,2,19,9,2026-06-02,2026-06-05
142,2,19,9,2026-07-11,2026-07-15
143,2,19,10,2026-04-06,2026-04-08
144,2,19,12,2026-04-26,2026-04-29
145,2,19,4,2025-09-24,2025-09-27
146,2,19,15,2026-01-01,2026-01-04
147,2,22,49,2026-02-10,2026-02-14
148,2,22,85,2025-10-03,2025-10-05
149,2,22,58,2025-10-26,2025-10-30
150,2,22,26,2025-12-04,2025-12-06
151,2,22,66,2026-01-04,2026-01-08
152,2,22,74,2026-01-13,
153,2,22,1,2026-06-17,2026-06-21
154,2,22,14,2025-12-11,2025-12-14
155,2,2,1,2026-02-01,
156,2,2,1,2026-06-01,2026-06-04
157,2,2,1,2025-10-01,2025-10-04
158,2,2,1,2026-07-19,2026-07-21
159,2,2,1,2026-05-19,2026-05-22
160,2,2,1,2025-10-09,2025-10-11
161,2,2,1,2026-03-22,2026-03-24
162,2,9,1,2026-03-16,2026-03-19
163,2,9,1,2025-12-19,2025-12-23
164,2,9,1,2026-05-06,2026-05-10
165,2,7,1,2026-07-15,2026-07-18
166,2,7,1,2025-08-05,2025-08-07
167,2,7,1,2025-10-10,2025-10-13
168,2,17,9,2026-01-21,2026-01-24
169,2,17,9,2025-10-07,2025-10-10
170,2,17,12,2026-03-07,2026-03-10
171,2,18,10,2026-04-10,2026-04-13
172,2,18,8,2026-07-19,2026-07-22
173,2,18,5,2026-03-18,2026-03-21
174,2,18,6,2026-05-14,2026-05-17
175,2,3,2,2026-03-10,2026-03-12
176,2,3,1,2025-10-14,2025-10-18
177,2,3,1,2026-01-20,
178,2,3,1,2026-07-13,2026-07-15
179,2,3,1,2025-11-17,2025-11-20
180,2,3,2,2025-09-07,2025-09-11
181,2,3,1,2026-04-06,2026-04-09
182,3,8,1,2025-10-16,2025-10-19
183,3,8,1,2026-05-15,2026-05-17
184,3,8,1,2026-02-20,2026-02-23
185,3,8,1,2026-04-04,2026-04-07
186,3,8,1,2025-12-10,2025-12-12
187,3,16,8,2026-01-19,2026-01-21
188,3,16,2,2025-09-01,2025-09-03
189,3,16,7,2025-12-24,2025-12-26
190,3,16,20,2025-11-11,2025-11-15
191,3,2,1,2026-03-26,2026-03-29
192,3,2,1,2026-07-03,2026-07-07
193,3,2,1,2025-08-08,2025-08-12
194,3,2,1,2026-03-09,2026-03-13
195,3,2,1,2026-07-26,2026-07-30
196,3,2,1,2026-07-07,2026-07-09
197,3,2,1,2026-02-21,2026-02-25
198,3,11,1,2026-06-12,2026-06-15
199,3,11,1,2026-05-03,2026-05-07
200,3,11,1,2026-07-13,2026-07-17
201,3,23,72,2025-10-26,2025-10-29
202,3,23,26,2026-04-06,2026-04-08
203,3,23,72,2025-08-07,2025-08-10
204,3,23,88,2026-01-05,2026-01-09
205,3,3,1,2025-11-09,2025-11-13
206,3,3,1,2026-06-24,2026-06-26
207,3,3,1,2026-07-16,2026-07-18
208,3,3,1,2025-08-03,2025-08-05
209,3,3,1,2026-01-26,2026-01-28
210,3,3,1,2026-07-13,2026-07-17
211,3,3,1,2025-10-03,2025-10-07
212,3,3,1,2026-07-14,2026-07-17
213,3,5,1,2026-04-25,2026-04-29
214,3,5,1,2026-07-25,2026-07-27
215,3,5,1,2026-03-18,2026-03-20
216,3,5,1,2025-11-18,2025-11-21
217,3,6,1,2025-10-04,2025-10-07
218,3,6,2,2026-03-27,2026-03-30
219,3,6,1,2025-11-03,2025-11-06
220,3,6,1,2025-09-11,
221,3,6,1,2025-09-15,2025-09-17
222,3,6,1,2026-04-17,2026-04-19
223,3,6,2,2026-07-07,2026-07-11
224,3,20,7,2025-08-09,2025-08-13
225,3,20,9,2026-05-21,2026-05-25
226,3,20,14,2025-11-18,2025-11-20
227,3,20,10,2026-01-22,2026-01-25
228,3,20,11,2025-10-15,2025-10-17
229,3,20,9,2026-04-23,2026-04-25
230,3,20,16,2025-09-15,2025-09-17
231,3,10,1,2025-10-19,
232,3,10,1,2025-10-05,2025-10-08
233,3,10,1,2026-07-20,2026-07-24
234,3,10,1,2026-04-24,2026-04-28
235,3,10,1,2026-07-07,2026-07-09
236,3,14,1,2026-07-22,2026-07-26
237,3,14,1,2025-10-09,2025-10-12
238,3,14,1,2026-04-22,2026-04-26
239,3,14,1,2025-11-05,2025-11-07
240,3,14,2,2026-06-24,2026-06-27
241,3,14,1,2026-01-07,2026-01-09
242,3,14,1,2026-06-22,2026-06-25
243,3,14,1,2026-04-12,
244,3,18,11,2026-07-15,2026-07-18
245,3,18,3,2026-03-08,2026-03-11
246,3,18,10,2025-08-08,2025-08-12
247,3,18,5,2026-02-08,2026-02-11
248,3,18,14,2026-07-02,2026-07-05
249,3,18,10,2025-10-19,2025-10-21
250,3,18,13,2025-12-08,2025-12-10
251,3,12,1,2025-09-25,2025-09-27
252,3,12,1,2026-01-03,2026-01-05
253,3,12,1,2026-01-12,2026-01-16
254,3,12,1,2025-12-11,2025-12-13
255,3,12,1,2026-01-09,2026-01-11
256,3,12,1,2025-10-27,2025-10-30
257,3,15,8,2026-01-21,2026-01-25
258,3,15,11,2026-05-16,2026-05-20
259,3,15,9,2026-01-22,2026-01-25
260,3,15,12,2026-01-18,
261,3,24,50,2026-04-23,2026-04-27
262,3,24,45,2025-11-17,2025-11-19
263,3,24,75,2025-10-10,2025-10-13
264,3,25,62,2025-12-22,2025-12-26
265,3,25,50,2026-03-16,2026-03-19
266,3,25,58,2025-10-08,2025-10-11
267,3,25,44,2025-09-16,2025-09-20
268,3,7,1,2025-10-18,2025-10-21
269,3,7,1,2026-06-07,2026-06-11
270,3,7,1,2026-05-01,2026-05-04
271,3,7,1,2026-01-02,2026-01-05
272,3,7,1,2026-02-24,2026-02-26
273,3,7,1,2026-04-26,2026-04-29
274,3,7,1,2026-07-18,2026-07-21
275,3,9,1,2026-02-21,2026-02-24
276,3,9,2,2026-02-06,2026-02-08
277,3,9,1,2026-05-19,2026-05-22
278,4,3,1,2025-12-18,2025-12-20
279,4,3,1,2026-02-12,2026-02-14
280,4,3,1,2026-04-25,
281,4,3,2,2025-09-23,2025-09-25
282,4,9,1,2025-08-05,2025-08-07
283,4,9,1,2025-11-02,2025-11-04
284,4,9,1,2026-04-07,2026-04-09
285,4,9,1,2025-10-02,2025-10-04
286,4,9,1,2026-05-12,
287,4,9,1,2025-12-27,
288,4,9,1,2025-08-17,2025-08-20
289,4,5,1,2026-06-19,2026-06-22
290,4,5,1,2026-01-02,2026-01-05
291,4,5,1,2026-01-19,2026-01-22
292,4,5,1,2026-04-20,
293,4,5,1,2026-06-16,2026-06-18
294,4,5,1,2026-02-27,2026-03-03
295,4,5,1,2025-10-27,2025-10-30
296,4,5,1,2026-07-23,
297,4,16,14,2026-05-07,2026-05-10
298,4,16,17,2025-12-13,2025-12-15
299,4,16,11,2025-10-17,2025-10-19
300,4,16,7,2026-02-16,2026-02-19
301,4,16,12,2026-04-02,2026-04-05
302,4,20,6,2025-11-05,2025-11-09
303,4,20,4,2025-08-10,2025-08-13
304,4,20,3,2025-09-23,2025-09-26
305,4,11,1,2026-07-07,2026-07-10
306,4,11,1,2025-10-07,
307,4,11,1,2025-08-25,
308,4,11,1,2026-02-19,2026-02-23
309,4,7,1,2026-03-26,2026-03-30
310,4,7,1,2025-09-07,2025-09-10
311,4,7,1,2026-04-17,2026-04-20
312,4,7,1,2026-07-22,2026-07-26
313,4,7,1,2026-06-16,2026-06-19
314,4,7,1,2026-07-09,2026-07-12
315,4,12,1,2025-12-03,2025-12-06
316,4,12,1,2025-10-15,2025-10-18
317,4,12,1,2025-09-27,2025-10-01
318,4,12,1,2025-08-13,2025-08-16
319,4,12,1,2025-12-14,2025-12-16
320,4,12,1,2026-06-04,2026-06-06
321,4,23,27,2026-04-17,2026-04-21
322,4,23,69,2025-11-16,2025-11-18
323,4,23,72,2025-08-18,2025-08-20
324,4,23,113,2026-07-01,2026-07-04
325,4,23,60,2026-05-09,2026-05-13
326,4,24,32,2025-09-02,2025-09-05
327,4,24,64,2026-05-13,
328,4,24,27,2026-07-16,2026-07-18
329,4,24,50,2026-05-05,2026-05-09
330,4,21,5,2026-06-27,2026-06-30
331,4,21,3,2026-03-14,2026-03-18
332,4,21,11,2026-05-04,2026-05-08
333,4,21,11,2025-08-10,2025-08-13
334,4,21,6,2026-03-23,2026-03-26
335,4,21,13,2025-12-11,2025-12-13
336,4,21,13,2026-01-04,2026-01-08
337,4,19,1,2026-04-05,2026-04-08
338,4,19,10,2026-01-06,
339,4,19,6,2026-04-09,2026-04-12
340,4,19,2,2025-12-08,2025-12-10
341,4,19,6,2025-08-14,2025-08-16
342,4,2,1,2026-06-03,2026-06-06
343,4,2,1,2026-05-15,2026-05-19
344,4,2,1,2026-05-09,2026-05-12
345,4,1,1,2025-10-25,2025-10-29
346,4,1,1,2026-06-15,2026-06-18
347,4,1,1,2026-06-03,2026-06-06
348,4,1,1,2026-06-20,
349,4,4,1,2026-01-10,2026-01-13
350,4,4,1,2026-04-13,2026-04-15
351,4,4,1,2026-01-01,
352,4,4,1,2025-11-19,2025-11-23
353,4,17,13,2026-03-01,2026-03-05
354,4,17,6,2026-04-22,2026-04-26
355,4,17,18,2026-01-02,2026-01-05
356,4,17,6,2026-07-08,2026-07-12
357,4,17,14,2026-03-15,2026-03-18
358,4,17,5,2025-11-15,2025-11-17
359,4,17,18,2026-02-05,2026-02-08
360,4,17,14,2026-04-27,2026-04-29
361,4,18,12,2026-03-14,2026-03-18
362,4,18,3,2026-04-05,2026-04-08
363,4,18,10,2026-04-05,2026-04-07
364,4,14,1,2026-03-21,2026-03-23
365,4,14,1,2025-12-07,2025-12-11
366,4,14,1,2026-05-25,2026-05-29
367,4,14,1,2026-05-09,2026-05-12
368,5,16,9,2025-12-11,2025-12-15
369,5,16,10,2025-11-12,2025-11-14
370,5,16,5,2025-09-15,2025-09-18
371,5,16,9,2025-11-15,2025-11-17
372,5,16,10,2025-12-05,2025-12-07
373,5,16,12,2025-08-19,2025-08-21
374,5,16,10,2026-05-03,2026-05-06
375,5,16,15,2026-06-08,2026-06-10
376,5,17,9,2025-12-26,2025-12-28
377,5,17,9,2026-04-09,2026-04-13
378,5,17,11,2026-02-21,2026-02-23
379,5,17,3,2026-04-19,
380,5,17,17,2026-06-05,2026-06-08
381,5,17,12,2025-11-14,2025-11-17
382,5,17,14,2025-11-04,2025-11-06
383,5,15,11,2026-02-01,2026-02-03
384,5,15,10,2026-01-23,2026-01-25
385,5,15,8,2025-09-26,2025-09-28
386,5,15,6,2025-10-06,2025-10-09
387,5,15,9,2025-09-13,2025-09-15
388,5,15,13,2025-11-17,
389,5,7,2,2026-04-03,2026-04-07
390,5,7,1,2025-12-15,2025-12-17
391,5,7,1,2026-03-09,2026-03-13
392,5,5,2,2025-12-03,2025-12-07
393,5,5,1,2026-03-22,2026-03-25
394,5,5,2,2026-02-14,2026-02-16
395,5,14,1,2026-01-06,
396,5,14,1,2025-12-14,2025-12-17
397,5,14,1,2025-10-20,
398,5,14,1,2026-04-08,2026-04-10
399,5,14,1,2025-11-20,2025-11-24
400,5,14,1,2026-04-13,2026-04-17
401,5,3,1,2025-08-03,2025-08-06
402,5,3,1,2026-01-10,2026-01-14
403,5,3,1,2026-05-17,2026-05-21
404,5,3,1,2026-04-11,2026-04-14
405,5,3,1,2025-08-21,2025-08-24
406,5,8,2,2025-08-23,2025-08-26
407,5,8,1,2025-08-22,2025-08-26
408,5,8,1,2026-06-12,2026-06-16
409,5,8,1,2025-10-12,2025-10-16
410,5,8,1,2026-06-03,2026-06-07
411,5,8,2,2026-06-09,2026-06-11
412,5,8,3,2026-01-14,2026-01-18
413,5,8,1,2025-10-23,2025-10-25
414,5,1,2,2025-11-04,
415,5,1,1,2026-01-23,2026-01-27
416,5,1,1,2026-05-12,2026-05-15
417,5,1,1,2025-10-09,2025-10-13
418,5,1,2,2026-02-04,2026-02-06
419,5,23,57,2026-06-10,2026-06-13
420,5,23,57,2026-03-24,2026-03-27
421,5,23,39,2026-05-07,2026-05-10
422,5,23,52,2026-03-10,2026-03-14
423,5,23,106,2026-01-04,
424,5,23,47,2025-09-12,2025-09-15
425,5,23,130,2025-10-20,2025-10-23
426,5,9,1,2025-12-27,2025-12-31
427,5,9,1,2026-05-24,2026-05-26
428,5,9,1,2026-02-01,2026-02-04
429,5,9,1,2025-10-06,2025-10-10
430,5,9,1,2026-04-16,2026-04-19
431,5,19,5,2026-02-17,2026-02-19
432,5,19,2,2025-11-13,
433,5,19,7,2026-07-26,2026-07-30
434,5,19,12,2026-06-01,2026-06-04
435,5,20,4,2025-11-11,2025-11-14
436,5,20,5,2025-10-13,2025-10-17
437,5,20,5,2026-01-04,2026-01-08
438,5,20,2,2026-05-19,2026-05-23
439,5,20,9,2025-10-10,2025-10-13
440,5,11,2,2025-10-22,2025-10-24
441,5,11,1,2025-11-20,2025-11-24
442,5,11,1,2026-02-26,2026-03-01
443,5,11,1,2026-01-17,2026-01-21
444,5,11,1,2026-05-02,2026-05-04
445,5,11,1,2026-04-04,2026-04-07
446,5,21,18,2026-03-16,2026-03-20
447,5,21,15,2026-03-06,2026-03-08
448,5,21,9,2026-04-22,2026-04-26
449,5,21,18,2025-09-27,2025-09-30
450,5,21,8,2025-09-22,2025-09-26
451,5,21,12,2026-03-21,2026-03-24
452,5,21,11,2026-04-14,2026-04-17
453,5,6,1,2026-04-03,2026-04-06
454,5,6,1,2026-04-18,2026-04-20
455,5,6,1,2026-07-17,2026-07-20
456,5,6,1,2025-09-12,
457,5,6,1,2026-05-17,2026-05-19
458,5,6,1,2026-01-15,2026-01-19
459,5,6,1,2026-02-25,2026-02-27
460,5,6,1,2025-11-01,2025-11-05
461,5,18,14,2025-08-19,
462,5,18,14,2026-07-08,2026-07-12
463,5,18,3,2026-06-08,2026-06-10
464,5,18,9,2026-06-15,2026-06-19
465,5,18,10,2025-12-26,
466,5,18,8,2026-02-20,2026-02-23
467,5,18,10,2026-06-26,2026-06-28
468,5,2,2,2025-10-10,2025-10-13
469,5,2,2,2025-11-11,2025-11-14
470,5,2,2,2026-01-21,2026-01-23
471,5,2,2,2025-11-02,2025-11-06
472,5,2,1,2026-03-24,2026-03-27
473,5,2,2,2025-11-27,2025-12-01
474,5,2,1,2025-11-08,2025-11-12
475,6,16,7,2026-06-09,2026-06-12
476,6,16,11,2026-03-21,2026-03-25
477,6,16,7,2025-08-22,2025-08-25
478,6,16,7,2025-12-16,2025-12-19
479,6,16,4,2025-08-02,2025-08-05
480,6,16,5,2025-09-12,2025-09-15
481,6,16,9,2025-10-10,2025-10-13
482,6,13,1,2026-06-17,2026-06-21
483,6,13,1,2025-11-25,2025-11-29
484,6,13,1,2026-07-03,2026-07-05
485,6,13,1,2026-07-02,2026-07-05
486,6,6,1,2026-07-10,2026-07-12
487,6,6,1,2026-05-11,2026-05-15
488,6,6,1,2026-05-05,2026-05-09
489,6,6,1,2025-10-08,2025-10-11
490,6,6,1,2026-02-15,2026-02-17
491,6,6,1,2025-10-03,2025-10-05
492,6,6,1,2025-10-11,2025-10-15
493,6,3,1,2026-01-10,2026-01-12
494,6,3,1,2026-05-19,2026-05-22
495,6,3,1,2026-04-23,2026-04-25
496,6,3,1,2026-07-14,2026-07-17
497,6,3,1,2026-03-23,2026-03-26
498,6,3,1,2026-05-02,2026-05-04
499,6,3,1,2026-06-12,2026-06-16
500,6,5,3,2025-11-19,2025-11-21
501,6,5,1,2026-07-26,2026-07-29
502,6,5,2,2026-01-17,2026-01-20
503,6,5,1,2026-05-24,2026-05-26
504,6,5,1,2025-11-25,2025-11-28
505,6,20,15,2025-12-22,2025-12-26
506,6,20,7,2025-09-26,2025-09-30
507,6,20,18,2026-03-06,2026-03-08
508,6,20,11,2026-06-14,2026-06-17
509,6,20,5,2025-10-19,2025-10-21
510,6,20,12,2026-05-19,2026-05-22
511,6,20,5,2026-07-14,2026-07-18
512,6,25,136,2025-11-24,2025-11-27
513,6,25,82,2025-09-22,2025-09-26
514,6,25,107,2026-01-02,2026-01-04
515,6,25,96,2026-06-25,2026-06-27
516,6,12,1,2026-05-16,2026-05-20
517,6,12,1,2026-06-14,2026-06-16
518,6,12,1,2025-11-14,2025-11-18
519,6,12,1,2026-02-04,2026-02-08
520,6,12,1,2025-11-04,2025-11-08
521,6,12,1,2026-03-04,2026-03-07
522,6,12,1,2026-07-12,2026-07-14
523,6,12,1,2026-06-01,2026-06-04
524,6,9,1,2026-04-22,2026-04-24
525,6,9,1,2026-05-06,2026-05-09
526,6,9,1,2026-03-03,2026-03-07
527,6,19,7,2026-02-22,2026-02-26
528,6,19,15,2026-04-06,2026-04-10
529,6,19,6,2025-11-27,2025-12-01
530,6,19,11,2025-10-17,2025-10-19
531,6,19,6,2025-12-24,2025-12-26
532,6,23,51,2025-11-04,2025-11-08
533,6,23,95,2025-10-16,2025-10-20
534,6,23,88,2026-01-19,2026-01-23
535,6,23,80,2026-01-23,2026-01-25
536,6,23,57,2025-09-14,2025-09-16
537,6,23,70,2025-08-01,
538,6,23,32,2026-06-05,2026-06-08
539,6,11,1,2025-08-17,2025-08-19
540,6,11,1,2026-06-16,2026-06-18
541,6,11,1,2026-02-07,2026-02-10
542,6,11,1,2025-12-01,2025-12-05
543,6,11,1,2026-07-22,2026-07-25
544,6,11,2,2026-05-27,2026-05-30
545,6,11,1,2026-05-12,2026-05-14
546,6,11,1,2025-11-27,2025-12-01
547,6,4,1,2026-01-15,2026-01-19
548,6,4,1,2025-11-25,2025-11-29
549,6,4,1,2026-04-25,2026-04-29
550,6,4,1,2026-02-07,2026-02-10
551,6,4,1,2026-05-07,2026-05-09
552,6,4,1,2026-06-16,2026-06-18
553,6,1,2,2025-09-13,2025-09-15
554,6,1,1,2026-01-22,2026-01-25
555,6,1,2,2026-07-27,2026-07-31
556,6,1,1,2026-04-02,2026-04-04
557,6,1,1,2025-11-23,2025-11-27
558,6,22,87,2025-12-16,2025-12-18
559,6,22,40,2025-11-11,2025-11-15
560,6,22,76,2025-08-17,2025-08-20
561,6,22,41,2026-02-01,2026-02-03
562,6,22,67,2026-03-26,2026-03-29
563,6,22,46,2026-03-02,2026-03-06
564,6,22,49,2026-03-21,2026-03-23
565,6,22,79,2025-11-27,2025-12-01
566,6,10,1,2026-01-21,2026-01-23
567,6,10,2,2025-11-15,2025-11-19
568,6,10,1,2026-01-13,2026-01-15
569,6,10,2,2026-03-09,2026-03-13
570,6,10,1,2025-12-24,2025-12-26
571,6,10,1,2026-01-18,2026-01-22
572,6,7,1,2026-03-25,2026-03-28
573,6,7,2,2025-08-12,2025-08-15
574,6,7,1,2025-09-17,2025-09-20
575,6,7,2,2026-06-07,2026-06-10
576,6,7,2,2025-09-14,2025-09-17
577,6,7,3,2026-05-09,2026-05-11
578,6,7,2,2025-10-01,2025-10-03
579,6,2,1,2026-02-13,2026-02-16
580,6,2,1,2026-05-17,2026-05-21
581,6,2,1,2026-05-14,2026-05-16
582,6,2,1,2026-05-07,2026-05-11
583,6,2,1,2025-12-25,2025-12-27
584,6,2,1,2026-02-04,2026-02-07
585,6,2,1,2025-08-07,2025-08-09
586,7,20,10,2026-05-26,
587,7,20,17,2026-05-26,2026-05-28
588,7,20,5,2026-04-11,2026-04-15
589,7,20,13,2025-10-20,2025-10-24
590,7,20,18,2026-07-26,2026-07-29
591,7,5,1,2026-07-18,2026-07-20
592,7,5,1,2026-07-17,
593,7,5,1,2025-10-15,2025-10-17
594,7,5,1,2026-04-21,2026-04-23
595,7,5,1,2026-03-25,2026-03-29
596,7,5,1,2025-12-18,2025-12-22
597,7,1,1,2025-12-25,2025-12-27
598,7,1,1,2026-07-11,2026-07-13
599,7,1,1,2026-03-27,2026-03-30
600,7,1,1,2025-11-26,2025-11-29
601,7,1,1,2026-05-07,2026-05-09
602,7,1,1,2026-04-10,2026-04-12
603,7,1,1,2026-07-03,2026-07-07
604,7,1,1,2025-12-27,2025-12-31
605,7,12,1,2025-11-19,2025-11-23
606,7,12,2,2025-09-16,2025-09-20
607,7,12,1,2025-08-15,2025-08-19
608,7,12,1,2026-06-12,2026-06-15
609,7,6,1,2025-10-12,2025-10-15
610,7,6,2,2026-06-08,2026-06-12
611,7,6,1,2025-09-25,2025-09-27
612,7,6,2,2025-11-08,2025-11-11
613,7,6,2,2026-03-17,2026-03-20
614,7,6,1,2025-08-23,2025-08-25
615,7,6,2,2026-05-05,
616,7,6,1,2026-04-24,2026-04-28
617,7,15,5,2026-01-22,2026-01-26
618,7,15,11,2025-12-17,2025-12-20
619,7,15,9,2026-05-08,2026-05-10
620,7,15,7,2026-02-27,2026-03-02
621,7,15,8,2026-02-12,2026-02-16
622,7,15,8,2026-07-15,
623,7,15,8,2026-07-23,2026-07-25
624,7,7,1,2026-01-08,2026-01-12
625,7,7,1,2026-02-07,2026-02-11
626,7,7,1,2025-09-15,2025-09-18
627,7,7,1,2026-07-01,2026-07-05
628,7,7,1,2026-02-22,2026-02-25
629,7,7,1,2026-01-20,2026-01-22
630,7,7,1,2025-10-24,2025-10-27
631,7,7,1,2025-11-05,2025-11-07
632,7,17,8,2025-08-02,2025-08-05
633,7,17,9,2026-02-08,2026-02-10
634,7,17,8,2025-12-25,2025-12-28
635,7,17,19,2026-05-27,2026-05-29
636,7,17,15,2026-06-17,2026-06-21
637,7,13,1,2026-02-01,2026-02-03
638,7,13,1,2026-07-19,2026-07-22
639,7,13,1,2026-04-24,2026-04-28
640,7,13,1,2026-02-24,2026-02-28
641,7,13,1,2026-02-26,2026-03-02
642,7,13,1,2025-11-02,2025-11-05
643,7,13,1,2025-09-20,2025-09-24
644,7,13,1,2026-06-17,2026-06-19
645,7,16,10,2025-10-13,2025-10-15
646,7,16,3,2025-12-20,2025-12-23
647,7,16,8,2025-11-18,2025-11-22
648,7,16,7,2025-12-27,2025-12-31
649,7,4,1,2026-04-24,2026-04-26
650,7,4,1,2025-09-10,2025-09-12
651,7,4,1,2025-09-26,2025-09-28
652,7,4,1,2025-10-27,2025-10-29
653,7,10,1,2026-02-25,2026-02-27
654,7,10,1,2025-10-03,
655,7,10,1,2026-04-04,
656,7,10,1,2025-09-07,2025-09-09
657,7,10,2,2025-12-04,2025-12-08
658,7,10,1,2026-05-01,2026-05-03
659,7,10,1,2026-02-05,2026-02-09
660,7,10,1,2025-10-09,2025-10-11
661,7,11,1,2026-03-23,2026-03-25
662,7,11,1,2026-01-22,2026-01-25
663,7,11,1,2026-04-25,2026-04-29
664,7,11,1,2026-05-12,2026-05-14
665,7,11,1,2026-07-06,2026-07-08
666,7,11,1,2025-10-24,2025-10-26
667,7,11,1,2025-12-10,2025-12-13
668,7,11,1,2026-03-04,2026-03-06
669,7,2,1,2025-09-17,2025-09-19
670,7,2,1,2025-10-07,2025-10-09
671,7,2,1,2026-06-19,2026-06-22
672,7,2,1,2025-09-01,2025-09-04
673,7,2,1,2026-07-04,2026-07-08
674,7,2,1,2026-05-10,2026-05-12
675,7,19,9,2026-06-26,2026-06-29
676,7,19,8,2026-02-11,2026-02-15
677,7,19,12,2025-08-04,2025-08-06
678,7,19,7,2026-06-20,2026-06-23
679,7,19,13,2026-04-09,2026-04-13
680,7,21,9,2026-04-05,2026-04-08
681,7,21,6,2026-04-20,2026-04-22
682,7,21,5,2026-05-16,2026-05-19
683,7,21,10,2025-09-13,2025-09-17
684,7,21,4,2026-01-25,2026-01-28
685,7,21,2,2025-11-07,
686,7,8,1,2026-05-07,2026-05-09
687,7,8,1,2026-01-20,2026-01-23
688,7,8,1,2025-08-08,2025-08-11
689,7,8,1,2025-09-18,2025-09-22
690,7,8,1,2025-11-09,2025-11-11
691,7,18,14,2025-12-02,2025-12-06
692,7,18,13,2025-09-07,2025-09-10
693,7,18,9,2025-11-17,2025-11-21
694,7,18,7,2025-08-21,2025-08-23
695,7,18,14,2026-06-12,2026-06-14
696,7,18,11,2026-06-23,2026-06-25
697,7,18,14,2026-02-23,2026-02-27
698,7,18,9,2026-06-08,2026-06-11
699,8,21,8,2026-07-22,2026-07-26
700,8,21,7,2026-01-08,2026-01-11
701,8,21,3,2025-08-27,2025-08-30
702,8,21,11,2026-01-05,2026-01-09
703,8,21,10,2025-10-01,2025-10-03
704,8,21,4,2026-03-10,2026-03-14
705,8,18,4,2026-03-05,
706,8,18,12,2026-04-11,2026-04-15
707,8,18,6,2026-07-26,2026-07-30
708,8,18,1,2025-12-16,2025-12-18
709,8,18,8,2026-02-14,2026-02-17
710,8,18,6,2026-03-02,2026-03-04
711,8,9,1,2026-02-02,2026-02-06
712,8,9,1,2025-11-27,
713,8,9,1,2026-01-12,2026-01-14
714,8,9,1,2026-06-15,2026-06-17
715,8,9,1,2025-10-24,2025-10-28
716,8,9,1,2025-09-09,2025-09-13
717,8,9,1,2026-07-06,2026-07-10
718,8,1,1,2025-10-20,2025-10-23
719,8,1,1,2026-06-02,2026-06-04
720,8,1,1,2026-06-04,2026-06-07
721,8,1,1,2026-01-06,2026-01-09
722,8,7,1,2026-05-07,2026-05-11
723,8,7,1,2026-04-13,2026-04-15
724,8,7,1,2026-05-19,2026-05-23
725,8,7,1,2026-06-25,2026-06-29
726,8,7,1,2025-12-27,2025-12-31
727,8,7,2,2026-02-09,2026-02-11
728,8,23,34,2026-04-16,2026-04-19
729,8,23,22,2025-08-05,2025-08-07
730,8,23,13,2026-05-03,2026-05-07
731,8,23,28,2026-05-23,2026-05-27
732,8,23,73,2026-04-15,2026-04-18
733,8,15,10,2026-04-08,2026-04-12
734,8,15,12,2026-04-24,2026-04-26
735,8,15,13,2025-08-05,2025-08-09
736,8,15,8,2026-01-10,2026-01-12
737,8,15,11,2026-05-09,2026-05-11
738,8,17,9,2025-08-12,2025-08-14
739,8,17,13,2026-06-07,2026-06-10
740,8,17,1,2026-02-18,2026-02-22
741,8,17,9,2026-03-21,
742,8,17,10,2025-10-02,2025-10-06
743,8,17,11,2026-04-12,2026-04-15
744,8,17,9,2025-11-02,2025-11-06
745,8,8,1,2026-05-09,2026-05-13
746,8,8,1,2026-05-02,
747,8,8,1,2025-08-21,2025-08-23
748,8,8,1,2026-05-23,2026-05-26
749,8,10,1,2026-07-19,2026-07-23
750,8,10,1,2026-02-27,2026-03-03
751,8,10,1,2026-06-03,2026-06-07
752,8,10,1,2025-08-11,
753,8,10,1,2026-01-27,2026-01-30
754,8,10,1,2025-12-20,2025-12-23
755,8,16,5,2026-06-07,
756,8,16,12,2026-06-24,2026-06-28
757,8,16,5,2025-11-25,2025-11-28
758,8,16,8,2026-04-10,2026-04-13
759,8,16,11,2026-01-16,
760,8,16,9,2026-07-24,2026-07-27
761,8,16,11,2026-06-23,2026-06-25
762,8,2,1,2026-03-15,
763,8,2,1,2026-05-20,2026-05-22
764,8,2,2,2025-10-10,2025-10-12
765,8,2,1,2026-06-23,2026-06-26
766,8,2,2,2026-01-18,2026-01-21
767,8,2,1,2026-03-10,2026-03-12
768,8,12,1,2025-08-24,2025-08-28
769,8,12,1,2025-09-18,2025-09-21
770,8,12,1,2025-11-20,2025-11-22
771,8,12,1,2026-06-04,2026-06-07
772,8,12,1,2026-04-12,2026-04-16
773,8,12,1,2026-04-21,2026-04-24
774,8,25,50,2025-11-06,2025-11-10
775,8,25,79,2026-04-10,2026-04-12
776,8,25,62,2026-03-08,2026-03-11
777,8,25,3,2026-06-11,2026-06-13
778,8,25,18,2026-07-16,2026-07-18
779,8,25,97,2026-05-12,2026-05-14
780,8,25,47,2026-06-18,2026-06-21
781,8,22,22,2026-01-21,2026-01-25
782,8,22,51,2026-07-04,2026-07-08
783,8,22,51,2026-07-22,2026-07-24
784,8,22,55,2026-05-03,2026-05-06
785,8,22,62,2025-08-06,2025-08-08
786,9,11,1,2025-09-25,2025-09-28
787,9,11,1,2026-03-07,2026-03-10
788,9,11,1,2025-12-26,2025-12-30
789,9,11,1,2026-01-06,2026-01-08
790,9,11,1,2025-11-17,2025-11-21
791,9,18,10,2025-09-01,2025-09-04
792,9,18,8,2025-12-20,2025-12-22
793,9,18,9,2026-07-14,2026-07-16
794,9,18,15,2025-09-16,2025-09-19
795,9,18,13,2026-02-10,2026-02-13
796,9,18,5,2026-04-15,2026-04-17
797,9,18,15,2026-02-06,2026-02-09
798,9,2,1,2025-09-11,2025-09-15
799,9,2,2,2025-08-09,2025-08-11
800,9,2,2,2026-04-22,2026-04-26
801,9,2,1,2026-02-19,2026-02-21
802,9,2,1,2026-01-13,2026-01-15
803,9,2,2,2025-09-26,2025-09-30
804,9,20,8,2026-07-13,2026-07-17
805,9,20,8,2026-07-10,2026-07-14
806,9,20,15,2025-11-17,2025-11-21
807,9,20,14,2025-10-05,2025-10-07
808,9,20,16,2026-02-23,2026-02-27
809,9,6,1,2025-11-22,2025-11-25
810,9,6,2,2026-05-26,2026-05-29
811,9,6,2,2025-09-15,2025-09-18
812,9,6,1,2026-01-03,2026-01-06
813,9,6,2,2026-03-10,2026-03-14
814,9,6,1,2026-06-13,2026-06-17
815,9,17,8,2025-09-01,2025-09-04
816,9,17,10,2026-01-02,2026-01-06
817,9,17,7,2026-01-13,2026-01-17
818,9,24,22,2025-12-08,2025-12-12
819,9,24,38,2026-06-25,2026-06-27
820,9,24,43,2026-05-06,2026-05-10
821,9,24,59,2026-05-27,2026-05-31
822,9,24,76,2025-12-27,2025-12-29
823,9,24,135,2026-03-21,2026-03-23
824,9,24,46,2025-09-27,2025-09-30
825,9,12,1,2026-07-09,2026-07-12
826,9,12,1,2026-04-12,2026-04-15
827,9,12,1,2025-08-05,2025-08-09
828,9,12,1,2025-08-21,2025-08-24
829,9,12,1,2025-10-06,2025-10-09
830,9,25,54,2025-10-16,2025-10-18
831,9,25,42,2026-04-10,2026-04-14
832,9,25,44,2025-08-26,2025-08-29
833,9,25,56,2025-12-01,2025-12-04
834,9,25,81,2025-11-05,2025-11-07
835,9,10,1,2026-03-23,2026-03-25
836,9,10,1,2025-12-14,2025-12-18
837,9,10,1,2025-09-14,2025-09-18
838,9,10,1,2026-07-20,2026-07-22
839,9,10,1,2026-04-03,2026-04-06
840,9,10,2,2026-02-27,2026-03-03
841,9,10,1,2026-07-01,2026-07-04
842,9,10,1,2025-10-07,2025-10-11
843,9,15,7,2025-08-09,2025-08-12
844,9,15,4,2026-03-20,2026-03-22
845,9,15,6,2026-07-07,2026-07-09
846,9,15,10,2025-09-24,2025-09-27
847,9,15,6,2026-03-24,2026-03-28
848,9,4,1,2026-05-01,2026-05-03
849,9,4,1,2026-06-17,2026-06-20
850,9,4,1,2026-05-21,
851,9,4,1,2025-10-24,2025-10-26
852,9,4,1,2026-04-25,2026-04-28
853,9,4,1,2025-11-11,2025-11-14
854,9,4,4,2026-01-26,2026-01-30
855,9,4,1,2025-12-23,2025-12-26
856,9,7,1,2025-10-26,2025-10-28
857,9,7,1,2025-12-01,2025-12-04
858,9,7,1,2025-12-05,2025-12-07
859,9,7,1,2026-01-16,2026-01-19
860,9,7,1,2026-03-21,2026-03-23
861,9,7,1,2026-05-03,2026-05-05
862,9,7,1,2025-08-04,2025-08-06
863,9,7,1,2025-12-10,2025-12-14
864,9,13,1,2026-02-03,2026-02-06
865,9,13,1,2026-01-27,2026-01-29
866,9,13,1,2026-06-22,2026-06-24
867,9,13,1,2026-03-05,2026-03-09
868,9,13,1,2025-12-27,2025-12-30
869,9,5,1,2026-06-27,2026-06-30
870,9,5,1,2026-04-26,2026-04-30
871,9,5,1,2026-07-10,2026-07-13
872,9,5,1,2026-04-03,2026-04-07
873,9,5,1,2026-03-04,2026-03-08
874,9,5,1,2026-06-05,2026-06-09
875,9,5,2,2026-03-13,2026-03-16
876,9,16,11,2025-12-18,2025-12-22
877,9,16,16,2026-01-14,2026-01-17
878,9,16,12,2025-12-03,2025-12-06
879,9,16,8,2026-05-06,2026-05-10
880,10,9,1,2025-10-01,2025-10-05
881,10,9,1,2025-12-03,2025-12-07
882,10,9,1,2025-11-06,2025-11-08
883,10,9,1,2026-03-26,2026-03-28
884,10,9,1,2025-09-05,2025-09-07
885,10,13,1,2026-06-19,2026-06-22
886,10,13,1,2025-08-06,2025-08-09
887,10,13,1,2025-11-14,2025-11-16
888,10,13,1,2026-05-25,2026-05-28
889,10,13,1,2026-06-05,
890,10,13,2,2026-07-11,2026-07-14
891,10,4,1,2026-03-10,2026-03-12
892,10,4,1,2026-07-12,2026-07-14
893,10,4,1,2025-08-21,
894,10,4,1,2026-07-21,2026-07-25
895,10,4,3,2026-01-02,2026-01-04
896,10,4,1,2026-06-26,2026-06-28
897,10,8,1,2025-11-22,2025-11-24
898,10,8,1,2026-04-25,2026-04-28
899,10,8,1,2025-12-17,2025-12-19
900,10,8,1,2025-09-05,2025-09-09
901,10,8,1,2026-06-08,2026-06-11
902,10,8,2,2025-12-02,
903,10,20,10,2026-03-04,2026-03-07
904,10,20,9,2026-03-17,2026-03-20
905,10,20,19,2026-03-04,2026-03-06
906,10,20,8,2026-01-21,2026-01-24
907,10,20,14,2026-07-11,2026-07-13
908,10,20,17,2025-09-07,2025-09-11
909,10,20,15,2025-10-12,2025-10-16
910,10,20,9,2026-07-26,2026-07-29
911,10,14,1,2025-12-23,2025-12-25
912,10,14,1,2026-03-12,2026-03-14
913,10,14,1,2025-09-14,2025-09-18
914,10,14,1,2025-08-19,2025-08-21
915,10,14,1,2026-05-19,2026-05-21
916,10,14,1,2025-09-14,2025-09-17
917,10,25,54,2025-12-14,2025-12-17
918,10,25,28,2025-12-04,2025-12-08
919,10,25,47,2026-07-12,2026-07-15
920,10,25,27,2026-03-27,2026-03-30
921,10,3,2,2025-11-01,2025-11-03
922,10,3,2,2026-04-20,2026-04-24
923,10,3,1,2026-03-04,2026-03-07
924,10,3,1,2026-03-10,2026-03-13
925,10,2,1,2026-04-26,2026-04-28
926,10,2,1,2026-05-04,2026-05-07
927,10,2,1,2025-08-14,2025-08-17
928,10,2,1,2025-11-06,2025-11-10
929,10,2,1,2026-01-21,2026-01-25
930,10,2,1,2026-05-16,2026-05-19
931,10,2,1,2026-07-11,2026-07-13
932,10,18,12,2026-06-06,2026-06-09
933,10,18,11,2025-08-05,2025-08-09
934,10,18,18,2026-03-03,2026-03-05
935,10,18,11,2026-04-04,2026-04-08
936,10,18,5,2026-07-05,2026-07-07
937,10,1,2,2025-09-13,2025-09-16
938,10,1,2,2025-11-05,2025-11-08
939,10,1,2,2025-11-15,2025-11-19
940,10,11,1,2025-08-24,2025-08-27
941,10,11,1,2025-12-03,2025-12-07
942,10,11,1,2026-02-17,2026-02-19
943,10,11,1,2025-08-04,2025-08-06
944,10,17,8,2025-09-16,2025-09-18
945,10,17,9,2025-11-04,2025-11-08
946,10,17,5,2025-11-18,2025-11-22
947,10,17,5,2025-12-17,2025-12-19
948,10,7,3,2025-08-12,2025-08-15
949,10,7,1,2025-11-20,2025-11-24
950,10,7,1,2026-07-24,2026-07-26
951,10,7,1,2025-08-14,2025-08-17
952,10,7,1,2025-12-20,2025-12-22
953,10,7,2,2026-04-17,
954,10,6,3,2026-02-10,2026-02-14
955,10,6,2,2026-04-26,2026-04-30
956,10,6,1,2025-08-22,2025-08-26
957,10,6,2,2026-07-27,2026-07-30
958,10,6,1,2026-04-03,2026-04-06
959,10,6,1,2025-12-16,2025-12-19
960,10,6,2,2026-04-18,2026-04-21
961,10,19,11,2026-05-26,2026-05-28
962,10,19,10,2026-05-20,2026-05-24
963,10,19,3,2025-11-19,2025-11-22
964,10,19,16,2025-12-06,2025-12-10
965,10,19,9,2025-09-19,2025-09-21
966,10,19,6,2026-04-24,2026-04-28
967,10,19,13,2025-11-10,2025-11-14
968,10,19,11,2026-04-18,
969,10,23,30,2026-06-26,2026-06-29
970,10,23,30,2025-11-04,2025-11-06
971,10,23,28,2025-09-26,2025-09-29
972,10,23,63,2026-04-15,2026-04-17
973,10,23,1,2025-12-21,2025-12-24
974,10,23,20,2025-10-15,2025-10-17
975,10,22,63,2026-01-20,2026-01-24
976,10,22,75,2025-08-23,2025-08-26
977,10,22,76,2025-12-24,2025-12-27
978,10,22,85,2026-02-19,2026-02-21
979,10,22,13,2026-06-02,2026-06-05
980,10,22,93,2025-12-12,2025-12-16
981,11,19,11,2026-07-05,2026-07-09
982,11,19,9,2025-09-20,2025-09-23
983,11,19,12,2025-12-19,2025-12-21
984,11,19,9,2025-09-04,2025-09-06
985,11,19,1,2025-09-17,2025-09-20
986,11,23,24,2026-02-12,2026-02-15
987,11,23,42,2025-09-27,2025-09-29
988,11,23,42,2025-10-13,2025-10-16
989,11,23,53,2025-10-13,2025-10-17
990,11,23,23,2025-11-27,2025-11-29
991,11,23,45,2026-02-22,2026-02-25
992,11,23,47,2025-12-25,2025-12-27
993,11,23,15,2026-02-08,2026-02-12
994,11,11,1,2025-08-18,2025-08-20
995,11,11,1,2026-02-24,2026-02-27
996,11,11,1,2025-11-01,2025-11-04
997,11,11,1,2025-11-16,2025-11-19
998,11,11,1,2025-10-20,2025-10-24
999,11,16,10,2026-02-09,2026-02-13
1000,11,16,13,2025-10-11,2025-10-14
1001,11,16,4,2025-12-20,2025-12-23
1002,11,16,9,2025-11-18,2025-11-22
1003,11,16,11,2026-07-15,2026-07-18
1004,11,4,1,2026-03-22,2026-03-26
1005,11,4,1,2026-07-26,2026-07-30
1006,11,4,1,2026-07-24,2026-07-26
1007,11,4,1,2026-07-08,
1008,11,4,1,2026-01-27,2026-01-29
1009,11,4,1,2025-10-25,2025-10-28
1010,11,21,17,2025-08-24,2025-08-26
1011,11,21,1,2026-07-02,
1012,11,21,10,2026-05-15,2026-05-19
1013,11,21,4,2026-06-13,2026-06-16
1014,11,21,9,2026-05-05,2026-05-08
1015,11,8,1,2026-06-13,2026-06-16
1016,11,8,1,2026-06-12,2026-06-16
1017,11,8,1,2025-09-07,2025-09-09
1018,11,8,1,2026-05-03,2026-05-07
1019,11,8,1,2026-06-03,2026-06-06
1020,11,8,1,2026-05-08,2026-05-10
1021,11,13,1,2026-04-15,
1022,11,13,1,2026-03-17,2026-03-20
1023,11,13,1,2026-03-21,2026-03-25
1024,11,3,1,2026-03-23,2026-03-25
1025,11,3,1,2026-06-18,2026-06-21
1026,11,3,1,2026-01-23,2026-01-25
1027,11,3,1,2026-03-14,2026-03-18
1028,11,3,1,2026-03-02,2026-03-05
1029,11,3,1,2026-02-06,2026-02-09
1030,11,3,1,2025-08-11,
1031,11,3,1,2026-03-20,2026-03-22
1032,11,17,11,2026-07-01,2026-07-04
1033,11,17,1,2025-11-14,2025-11-17
1034,11,17,5,2025-09-09,2025-09-11
1035,11,17,11,2025-10-24,2025-10-27
1036,11,17,6,2025-11-18,
1037,11,17,9,2026-04-21,2026-04-24
1038,11,17,7,2026-02-16,2026-02-18
1039,11,17,6,2026-01-15,2026-01-19
1040,11,15,13,2026-06-08,2026-06-11
1041,11,15,12,2025-08-03,2025-08-05
1042,11,15,12,2026-01-13,2026-01-17
1043,11,15,12,2026-04-11,2026-04-13
1044,11,2,1,2026-02-14,2026-02-18
1045,11,2,2,2025-12-09,2025-12-11
1046,11,2,2,2026-02-08,2026-02-12
1047,11,2,1,2026-04-18,2026-04-21
1048,11,2,2,2026-05-10,2026-05-14
1049,11,5,1,2026-04-25,2026-04-27
1050,11,5,1,2025-10-12,2025-10-15
1051,11,5,2,2025-12-08,2025-12-12
1052,11,5,1,2025-09-03,2025-09-06
1053,11,5,1,2025-09-09,2025-09-12
1054,11,25,40,2026-05-21,2026-05-25
1055,11,25,40,2026-06-22,2026-06-25
1056,11,25,41,2026-05-26,2026-05-29
1057,11,25,44,2026-03-09,2026-03-13
1058,11,25,26,2026-05-05,2026-05-09
1059,11,10,1,2025-12-25,2025-12-27
1060,11,10,1,2026-06-25,2026-06-27
1061,11,10,1,2026-05-05,2026-05-07
1062,11,10,1,2026-02-11,2026-02-13
1063,11,10,1,2026-05-22,2026-05-24
1064,11,10,1,2026-03-20,2026-03-23
1065,11,10,1,2026-05-08,2026-05-12
1066,11,20,4,2026-05-26,2026-05-28
1067,11,20,11,2025-09-19,2025-09-21
1068,11,20,5,2025-08-14,2025-08-17
1069,11,20,8,2026-02-17,2026-02-19
1070,11,20,11,2026-03-04,2026-03-06
1071,11,14,1,2025-10-04,2025-10-07
1072,11,14,1,2025-09-04,2025-09-06
1073,11,14,1,2025-09-20,2025-09-23
1074,11,14,1,2025-10-16,2025-10-18
1075,11,24,90,2025-10-20,2025-10-23
1076,11,24,60,2025-10-12,2025-10-16
1077,11,24,53,2025-11-10,2025-11-12
1078,12,23,83,2025-10-12,2025-10-14
1079,12,23,22,2026-02-16,
1080,12,23,24,2025-11-26,2025-11-28
1081,12,7,1,2026-04-01,2026-04-03
1082,12,7,1,2025-10-09,2025-10-11
1083,12,7,1,2026-07-19,2026-07-22
1084,12,7,1,2026-06-21,2026-06-23
1085,12,7,1,2026-02-07,2026-02-11
1086,12,7,1,2025-10-23,2025-10-26
1087,12,3,1,2025-10-07,2025-10-10
1088,12,3,1,2025-10-11,2025-10-14
1089,12,3,1,2025-08-15,2025-08-17
1090,12,21,4,2026-05-08,2026-05-12
1091,12,21,7,2025-08-04,2025-08-06
1092,12,21,4,2026-07-18,2026-07-21
1093,12,21,7,2025-09-18,2025-09-22
1094,12,21,3,2026-03-09,2026-03-12
1095,12,10,1,2026-05-24,2026-05-26
1096,12,10,1,2025-10-24,2025-10-28
1097,12,10,1,2026-07-10,2026-07-12
1098,12,10,1,2025-12-05,2025-12-07
1099,12,10,1,2026-01-26,2026-01-28
1100,12,1,1,2026-02-11,2026-02-14
1101,12,1,1,2026-05-22,2026-05-25
1102,12,1,1,2026-02-04,2026-02-07
1103,12,1,1,2025-11-11,2025-11-13
1104,12,6,1,2026-04-07,
1105,12,6,1,2026-06-09,2026-06-11
1106,12,6,1,2026-01-15,2026-01-17
1107,12,6,2,2026-02-14,2026-02-17
1108,12,18,7,2026-06-22,2026-06-24
1109,12,18,3,2025-11-21,
1110,12,18,9,2026-06-06,
1111,12,18,8,2026-06-13,2026-06-16
1112,12,18,4,2025-10-18,2025-10-21
1113,12,2,1,2025-08-06,2025-08-08
1114,12,2,2,2026-07-23,2026-07-25
1115,12,2,1,2026-01-01,2026-01-05
1116,12,8,1,2026-06-26,2026-06-30
1117,12,8,1,2025-11-10,2025-11-12
1118,12,8,2,2026-03-18,2026-03-22
1119,12,8,3,2026-06-26,2026-06-28
1120,12,19,10,2025-12-20,2025-12-23
1121,12,19,13,2026-06-08,2026-06-11
1122,12,19,1,2026-07-21,2026-07-24
1123,12,19,9,2025-08-12,2025-08-16
1124,12,19,9,2025-10-13,2025-10-16
1125,12,14,1,2025-08-21,2025-08-24
1126,12,14,1,2026-07-04,2026-07-06
1127,12,14,1,2025-08-23,2025-08-27
1128,12,14,1,2026-06-24,2026-06-26
1129,12,14,1,2025-09-18,2025-09-22
1130,12,14,1,2026-01-05,2026-01-08
1131,12,22,92,2026-04-01,2026-04-04
1132,12,22,106,2025-12-23,2025-12-27
1133,12,22,116,2026-04-09,2026-04-12
1134,12,22,61,2026-04-13,2026-04-17
1135,12,22,120,2025-08-09,2025-08-13
1136,12,22,47,2026-06-21,2026-06-25
1137,12,22,74,2025-08-04,2025-08-06
1138,12,22,131,2026-03-12,2026-03-15
1139,12,13,1,2026-05-16,2026-05-20
1140,12,13,1,2025-11-21,
1141,12,13,1,2025-11-09,2025-11-12
1142,12,13,1,2026-06-26,2026-06-28
1143,12,13,1,2026-07-17,2026-07-21
1144,12,12,1,2026-02-04,2026-02-08
1145,12,12,1,2026-04-26,2026-04-30
1146,12,12,1,2026-03-27,2026-03-29
1147,12,12,1,2025-12-16,2025-12-20
1148,12,12,1,2026-04-03,2026-04-05
1149,12,12,1,2026-01-21,2026-01-23
1150,12,12,1,2026-04-06,2026-04-09
1151,12,12,1,2026-02-13,2026-02-17
1152,13,11,1,2026-01-23,2026-01-26
1153,13,11,1,2025-09-23,2025-09-26
1154,13,11,1,2025-09-08,2025-09-12
1155,13,11,1,2026-07-04,2026-07-06
1156,13,11,1,2025-10-21,2025-10-24
1157,13,11,1,2026-04-08,2026-04-10
1158,13,16,6,2025-08-09,2025-08-12
1159,13,16,10,2026-05-01,2026-05-05
1160,13,16,7,2026-04-05,2026-04-07
1161,13,16,5,2025-09-03,2025-09-07
1162,13,16,10,2025-12-04,2025-12-08
1163,13,16,3,2026-04-06,2026-04-10
1164,13,16,6,2026-01-05,2026-01-07
1165,13,19,5,2026-06-07,2026-06-10
1166,13,19,7,2025-10-11,2025-10-15
1167,13,19,14,2026-05-26,2026-05-29
1168,13,19,11,2025-10-12,2025-10-15
1169,13,19,19,2025-12-26,2025-12-29
1170,13,19,8,2026-06-07,2026-06-11
1171,13,19,20,2026-04-18,2026-04-21
1172,13,19,7,2026-04-12,2026-04-15
1173,13,15,3,2026-04-02,2026-04-04
1174,13,15,11,2026-01-25,2026-01-28
1175,13,15,10,2026-04-04,2026-04-07
1176,13,5,1,2026-06-26,2026-06-30
1177,13,5,1,2025-09-11,2025-09-15
1178,13,5,3,2026-06-20,2026-06-22
1179,13,10,1,2025-08-17,2025-08-20
1180,13,10,1,2025-08-09,2025-08-13
1181,13,10,1,2026-03-08,2026-03-12
1182,13,10,1,2025-08-23,2025-08-26
1183,13,10,1,2026-07-26,2026-07-29
1184,13,10,1,2026-07-01,2026-07-03
1185,13,10,1,2025-09-02,2025-09-04
1186,13,12,1,2026-04-15,2026-04-17
1187,13,12,1,2025-08-01,2025-08-04
1188,13,12,1,2026-07-27,2026-07-30
1189,13,12,1,2026-01-21,2026-01-24
1190,13,12,1,2026-01-10,2026-01-14
1191,13,12,1,2026-06-15,2026-06-18
1192,13,24,60,2026-05-15,
1193,13,24,89,2026-03-05,
1194,13,24,63,2025-12-21,2025-12-23
1195,13,24,162,2025-09-10,2025-09-13
1196,13,24,76,2026-06-10,2026-06-14
1197,13,23,82,2025-09-27,2025-09-29
1198,13,23,48,2026-01-23,2026-01-25
1199,13,23,63,2026-07-25,2026-07-28
1200,13,23,41,2025-10-11,2025-10-15
1201,13,23,52,2026-07-24,2026-07-27
1202,13,9,1,2025-09-14,2025-09-17
1203,13,9,1,2026-07-14,2026-07-17
1204,13,9,1,2026-07-11,2026-07-13
1205,13,9,1,2025-11-19,2025-11-23
1206,13,9,1,2025-10-23,2025-10-26
1207,13,9,1,2025-09-05,2025-09-08
1208,13,9,1,2025-10-10,2025-10-14
1209,13,3,1,2026-06-12,2026-06-16
1210,13,3,1,2026-01-24,2026-01-26
1211,13,3,1,2025-08-11,2025-08-15
1212,13,3,1,2025-09-17,2025-09-20
1213,13,13,1,2026-04-07,2026-04-09
1214,13,13,1,2025-09-04,2025-09-07
1215,13,13,1,2025-08-14,2025-08-16
1216,13,13,1,2025-10-18,2025-10-21
1217,13,14,1,2025-10-03,2025-10-06
1218,13,14,1,2026-05-03,2026-05-07
1219,13,14,1,2026-05-07,2026-05-11
1220,13,14,1,2026-03-11,2026-03-15
1221,13,14,1,2026-06-13,2026-06-15
1222,13,14,1,2025-09-01,2025-09-05
1223,13,14,1,2025-11-10,2025-11-13
1224,13,21,19,2026-02-20,2026-02-24
1225,13,21,15,2026-04-14,2026-04-16
1226,13,21,9,2026-05-24,2026-05-28
1227,13,1,1,2026-02-18,2026-02-21
1228,13,1,2,2025-10-06,2025-10-08
1229,13,1,1,2025-12-24,2025-12-27
1230,13,1,3,2026-05-13,2026-05-17
1231,13,1,1,2026-04-09,2026-04-13
1232,13,1,1,2025-12-19,2025-12-22
1233,13,25,15,2025-11-09,2025-11-11
1234,13,25,80,2025-09-18,2025-09-22
1235,13,25,54,2026-02-24,
1236,13,2,1,2026-02-11,
1237,13,2,1,2026-04-10,
1238,13,2,1,2026-04-25,2026-04-28
1239,13,2,2,2025-09-15,2025-09-18
1240,13,2,2,2026-06-18,2026-06-20
1241,13,2,1,2026-01-19,2026-01-21
1242,13,2,2,2026-04-06,2026-04-10
1243,14,19,8,2026-05-27,
1244,14,19,3,2025-11-13,2025-11-23
1245,14,19,7,2026-03-18,2026-03-25
1246,14,19,8,2026-07-24,2026-08-03
1247,14,19,13,2025-12-18,2025-12-26
1248,14,19,7,2025-08-22,2025-08-30
1249,14,19,7,2026-01-18,2026-01-26
1250,14,19,12,2026-06-03,2026-06-13
1251,14,18,8,2026-07-25,2026-08-01
1252,14,18,11,2026-05-16,2026-05-24
1253,14,18,12,2025-08-14,2025-08-21
1254,14,7,2,2025-11-12,2025-11-22
1255,14,7,1,2026-06-01,2026-06-10
1256,14,7,1,2026-07-04,2026-07-13
1257,14,7,1,2026-07-02,2026-07-11
1258,14,7,1,2025-11-12,2025-11-20
1259,14,7,1,2026-01-11,2026-01-18
1260,14,7,1,2025-08-09,
1261,14,7,1,2026-05-05,2026-05-14
1262,14,6,1,2025-10-17,2025-10-25
1263,14,6,2,2026-04-20,2026-04-29
1264,14,6,1,2025-10-16,2025-10-24
1265,14,6,1,2025-09-11,
1266,14,6,1,2025-08-09,2025-08-18
1267,14,6,1,2025-12-25,2026-01-02
1268,14,6,1,2026-02-18,
1269,14,23,68,2026-05-19,2026-05-28
1270,14,23,49,2026-06-27,2026-07-06
1271,14,23,31,2025-10-08,
1272,14,23,42,2025-10-09,2025-10-18
1273,14,23,83,2026-07-23,2026-07-31
1274,14,23,58,2026-07-05,2026-07-15
1275,14,17,11,2025-08-18,2025-08-28
1276,14,17,5,2025-09-17,2025-09-24
1277,14,17,8,2025-10-03,2025-10-11
1278,14,8,1,2026-01-16,2026-01-23
1279,14,8,1,2025-12-06,2025-12-14
1280,14,8,1,2025-10-25,2025-11-02
1281,14,9,1,2026-06-26,2026-07-04
1282,14,9,1,2026-03-11,2026-03-18
1283,14,9,1,2026-07-12,2026-07-20
1284,14,15,24,2026-01-06,2026-01-13
1285,14,15,24,2026-05-12,2026-05-21
1286,14,15,8,2026-04-05,2026-04-13
1287,14,24,56,2025-11-19,2025-11-26
1288,14,24,66,2025-11-11,2025-11-18
1289,14,24,64,2025-11-26,2025-12-03
1290,14,24,65,2025-09-12,2025-09-19
1291,14,11,1,2025-11-06,2025-11-14
1292,14,11,2,2025-09-27,
1293,14,11,2,2025-09-14,2025-09-23
1294,14,11,1,2025-11-06,2025-11-13
1295,14,11,2,2026-02-04,2026-02-13
1296,14,4,1,2026-04-02,2026-04-10
1297,14,4,1,2026-01-02,2026-01-10
1298,14,4,1,2025-09-26,2025-10-05
1299,14,4,1,2025-09-26,2025-10-03
1300,14,4,1,2025-09-10,2025-09-17
1301,14,4,1,2026-02-25,2026-03-04
1302,14,22,42,2025-12-07,2025-12-16
1303,14,22,60,2026-02-12,2026-02-22
1304,14,22,50,2026-04-17,2026-04-25
1305,14,22,54,2025-08-04,2025-08-11
1306,14,22,91,2025-09-12,2025-09-20
1307,14,22,68,2026-05-10,2026-05-18
1308,14,22,25,2026-02-04,2026-02-14
1309,14,22,43,2025-08-12,2025-08-21
1310,14,10,1,2025-08-15,2025-08-25
1311,14,10,1,2025-11-17,2025-11-26
1312,14,10,1,2026-06-17,2026-06-25
1313,14,10,1,2025-08-27,2025-09-06
1314,14,10,1,2025-09-21,2025-09-28
1315,14,10,1,2025-11-03,2025-11-10
1316,14,20,7,2025-11-19,2025-11-26
1317,14,20,4,2026-07-09,2026-07-17
1318,14,20,12,2025-11-09,2025-11-19
1319,15,1,2,2026-07-24,2026-07-31
1320,15,1,1,2026-03-24,2026-03-31
1321,15,1,2,2025-08-08,2025-08-18
1322,15,1,2,2026-07-20,2026-07-27
1323,15,1,2,2025-09-27,2025-10-07
1324,15,1,2,2025-12-26,2026-01-03
1325,15,1,1,2026-02-23,2026-03-03
1326,15,1,1,2026-01-08,2026-01-16
1327,15,3,1,2025-10-18,2025-10-28
1328,15,3,1,2026-07-06,2026-07-16
1329,15,3,1,2026-05-02,2026-05-11
1330,15,3,3,2026-03-16,2026-03-26
1331,15,23,1,2026-05-12,2026-05-20
1332,15,23,39,2025-10-02,2025-10-09
1333,15,23,47,2025-10-22,2025-10-31
1334,15,23,67,2026-07-11,2026-07-21
1335,15,23,26,2026-07-07,2026-07-16
1336,15,2,1,2025-09-22,
1337,15,2,1,2026-07-20,2026-07-29
1338,15,2,1,2026-02-07,2026-02-17
1339,15,2,1,2026-06-20,2026-06-27
1340,15,19,3,2026-07-05,2026-07-13
1341,15,19,1,2026-07-13,
1342,15,19,1,2025-10-08,2025-10-17
1343,15,19,2,2025-09-09,2025-09-18
1344,15,19,2,2025-08-07,2025-08-17
1345,15,19,3,2026-03-24,2026-03-31
1346,15,19,1,2026-01-08,2026-01-15
1347,15,19,3,2025-12-17,2025-12-24
1348,15,20,2,2026-03-11,2026-03-18
1349,15,20,6,2026-07-26,2026-08-05
1350,15,20,4,2026-05-21,2026-05-30
1351,15,20,8,2025-08-20,2025-08-28
1352,15,20,6,2026-07-05,2026-07-12
1353,15,20,3,2026-04-14,2026-04-21
1354,15,20,8,2026-02-03,
1355,15,20,3,2025-12-20,2025-12-30
1356,15,22,99,2026-04-09,
1357,15,22,17,2025-11-16,2025-11-25
1358,15,22,128,2026-07-06,2026-07-14
1359,15,22,124,2025-09-15,2025-09-22
1360,15,6,1,2025-11-16,2025-11-23
1361,15,6,1,2025-08-21,2025-08-30
1362,15,6,2,2026-01-15,2026-01-22
1363,15,6,1,2025-12-27,2026-01-03
1364,15,8,1,2025-09-18,2025-09-25
1365,15,8,1,2026-03-18,2026-03-27
1366,15,8,1,2026-03-21,2026-03-28
1367,15,8,1,2026-07-22,2026-07-31
1368,15,8,1,2026-05-17,2026-05-25
1369,15,8,1,2026-01-11,2026-01-21
1370,15,7,1,2025-12-10,2025-12-20
1371,15,7,1,2026-03-17,2026-03-27
1372,15,7,1,2026-04-21,2026-05-01
1373,15,7,2,2026-05-05,2026-05-15
1374,15,7,2,2026-03-15,2026-03-25
1375,15,24,28,2026-06-24,2026-07-04
1376,15,24,12,2025-08-12,2025-08-19
1377,15,24,44,2026-02-11,2026-02-19
1378,15,4,1,2026-03-03,2026-03-11
1379,15,4,1,2026-06-26,2026-07-04
1380,15,4,2,2026-03-20,2026-03-30
1381,15,16,4,2026-06-09,2026-06-16
1382,15,16,12,2025-11-27,2025-12-06
1383,15,16,14,2025-08-14,2025-08-23
1384,15,16,9,2025-10-05,2025-10-15
1385,15,16,9,2026-01-19,2026-01-27
1386,15,16,8,2026-03-18,2026-03-28
1387,15,25,39,2025-11-17,2025-11-26
1388,15,25,45,2026-05-01,
1389,15,25,65,2025-10-01,2025-10-08
1390,15,25,38,2026-03-12,2026-03-19
1391,15,25,54,2025-12-19,2025-12-29
1392,15,18,12,2026-01-23,2026-01-30
1393,15,18,9,2026-05-01,2026-05-11
1394,15,18,10,2025-09-03,2025-09-10
1395,15,18,10,2025-12-10,2025-12-18
1396,15,18,10,2026-07-02,2026-07-12
1397,15,18,9,2026-06-10,2026-06-20
1398,15,18,11,2025-09-14,2025-09-24
1399,15,18,2,2025-09-02,2025-09-11
1400,15,12,1,2025-09-11,2025-09-21
1401,15,12,1,2025-11-07,2025-11-16
1402,15,12,1,2026-01-20,2026-01-28
1403,15,12,1,2025-09-25,2025-10-03
1404,15,12,1,2026-02-03,2026-02-11
1405,16,11,1,2026-01-05,2026-01-12
1406,16,11,1,2026-05-25,2026-06-02
1407,16,11,1,2026-01-18,2026-01-28
1408,16,11,1,2026-03-05,2026-03-12
1409,16,11,1,2026-05-06,2026-05-15
1410,16,11,1,2026-04-10,2026-04-17
1411,16,11,1,2026-02-14,2026-02-24
1412,16,11,1,2026-02-25,2026-03-05
1413,16,10,1,2025-10-05,2025-10-13
1414,16,10,1,2025-12-22,2025-12-30
1415,16,10,1,2025-08-19,
1416,16,10,1,2026-02-03,2026-02-13
1417,16,10,1,2026-07-13,
1418,16,10,1,2026-04-05,2026-04-15
1419,16,10,1,2026-01-17,2026-01-25
1420,16,10,1,2026-02-01,2026-02-11
1421,16,16,10,2026-01-19,2026-01-29
1422,16,16,13,2026-07-11,2026-07-18
1423,16,16,15,2026-04-17,2026-04-27
1424,16,16,10,2026-06-13,2026-06-21
1425,16,16,17,2025-12-14,2025-12-22
1426,16,14,1,2026-05-13,2026-05-21
1427,16,14,1,2025-08-02,
1428,16,14,1,2026-05-24,2026-06-03
1429,16,14,1,2025-10-22,2025-10-31
1430,16,14,1,2026-06-10,2026-06-19
1431,16,14,1,2025-12-21,2025-12-29
1432,16,14,1,2026-07-17,2026-07-27
1433,16,22,107,2026-07-21,2026-07-29
1434,16,22,57,2025-10-22,
1435,16,22,66,2025-11-07,2025-11-15
1436,16,22,109,2025-09-08,2025-09-18
1437,16,22,71,2026-07-26,2026-08-04
1438,16,22,48,2025-11-19,
1439,16,21,3,2025-09-27,
1440,16,21,6,2026-04-01,2026-04-10
1441,16,21,4,2026-04-07,2026-04-17
1442,16,21,2,2026-01-10,2026-01-18
1443,16,21,2,2025-11-19,2025-11-26
1444,16,24,38,2025-12-24,2026-01-03
1445,16,24,69,2026-07-05,2026-07-15
1446,16,24,56,2026-04-26,2026-05-05
1447,16,6,1,2026-03-08,2026-03-16
1448,16,6,1,2026-05-03,2026-05-10
1449,16,6,1,2025-11-16,2025-11-24
1450,16,6,1,2026-02-14,2026-02-23
1451,16,6,1,2025-12-19,2025-12-29
1452,16,17,4,2026-03-19,2026-03-29
1453,16,17,8,2025-11-11,2025-11-19
1454,16,17,3,2026-04-20,2026-04-30
1455,16,17,5,2026-05-01,2026-05-11
1456,16,17,9,2025-09-02,2025-09-10
1457,16,12,1,2026-02-23,2026-03-02
1458,16,12,1,2025-08-10,2025-08-18
1459,16,12,1,2025-12-05,2025-12-13
1460,16,12,1,2026-05-16,2026-05-24
1461,16,12,1,2026-01-21,2026-01-30
1462,16,12,1,2026-04-02,2026-04-11
1463,16,12,1,2026-05-13,2026-05-23
1464,16,12,1,2025-11-20,2025-11-28
1465,16,2,1,2025-09-19,2025-09-27
1466,16,2,1,2025-12-09,2025-12-16
1467,16,2,1,2025-09-08,2025-09-15
1468,16,2,1,2026-02-01,2026-02-09
1469,16,4,1,2026-05-25,2026-06-04
1470,16,4,1,2025-09-13,2025-09-23
1471,16,4,1,2025-10-09,2025-10-18
1472,16,4,1,2025-10-05,2025-10-14
1473,16,4,1,2026-02-14,2026-02-21
1474,16,4,1,2025-12-15,2025-12-25
1475,16,4,1,2025-11-08,2025-11-15
1476,16,19,10,2025-12-15,2025-12-23
1477,16,19,10,2026-07-02,2026-07-11
1478,16,19,11,2025-12-24,2025-12-31
1479,16,19,20,2026-06-06,2026-06-15
1480,16,8,1,2026-07-02,2026-07-10
1481,16,8,1,2025-08-05,2025-08-12
1482,16,8,2,2026-05-24,2026-06-03
1483,16,8,1,2026-05-18,2026-05-27
1484,16,8,1,2025-11-08,2025-11-18
1485,16,13,1,2026-05-17,2026-05-26
1486,16,13,1,2026-07-26,2026-08-04
1487,16,13,1,2026-03-15,2026-03-24
1488,16,13,1,2026-06-15,2026-06-22
1489,16,13,1,2026-02-07,2026-02-17
1490,16,13,1,2026-02-16,2026-02-24
1491,16,13,1,2026-01-20,2026-01-30
1492,16,15,7,2026-01-21,2026-01-31
1493,16,15,10,2025-09-25,2025-10-03
1494,16,15,8,2025-11-22,
1495,16,23,62,2026-05-10,2026-05-19
1496,16,23,82,2025-11-21,2025-11-28
1497,16,23,77,2025-11-06,2025-11-15
1498,17,9,1,2026-06-13,2026-06-22
1499,17,9,1,2026-05-21,2026-05-28
1500,17,9,1,2025-08-07,2025-08-17
1501,17,9,1,2026-07-08,2026-07-16
1502,17,9,1,2025-11-04,
1503,17,9,1,2025-12-12,2025-12-20
1504,17,9,1,2026-06-02,
1505,17,9,1,2026-04-09,2026-04-16
1506,17,20,9,2026-03-06,2026-03-15
1507,17,20,16,2025-10-13,2025-10-21
1508,17,20,10,2025-12-18,2025-12-26
1509,17,20,16,2025-08-16,2025-08-26
1510,17,20,5,2025-11-17,
1511,17,25,107,2025-08-13,2025-08-22
1512,17,25,64,2025-08-22,2025-09-01
1513,17,25,48,2026-04-12,2026-04-22
1514,17,25,49,2026-02-14,2026-02-21
1515,17,25,71,2026-07-17,2026-07-24
1516,17,24,42,2025-10-15,2025-10-25
1517,17,24,45,2026-05-03,2026-05-13
1518,17,24,47,2026-06-19,2026-06-29
1519,17,24,57,2026-03-26,2026-04-03
1520,17,24,43,2025-10-19,2025-10-29
1521,17,24,21,2025-09-10,2025-09-17
1522,17,24,33,2026-01-24,2026-02-01
1523,17,24,40,2026-03-12,2026-03-20
1524,17,14,1,2025-12-22,2025-12-29
1525,17,14,1,2026-05-18,2026-05-27
1526,17,14,1,2025-11-15,2025-11-23
1527,17,14,1,2026-05-12,2026-05-21
1528,17,5,1,2025-10-22,2025-11-01
1529,17,5,1,2026-07-08,2026-07-17
1530,17,5,1,2026-03-15,2026-03-25
1531,17,21,11,2025-12-10,2025-12-19
1532,17,21,11,2026-03-09,2026-03-16
1533,17,21,14,2026-01-07,
1534,17,21,4,2025-08-23,2025-08-30
1535,17,21,11,2026-02-23,2026-03-05
1536,17,21,9,2026-01-20,2026-01-28
1537,17,21,7,2026-01-10,2026-01-19
1538,17,22,115,2026-06-27,2026-07-05
1539,17,22,47,2025-08-16,2025-08-25
1540,17,22,52,2026-03-21,2026-03-30
1541,17,10,1,2025-12-13,2025-12-23
1542,17,10,1,2025-09-11,2025-09-20
1543,17,10,1,2025-08-24,2025-09-03
1544,17,10,1,2026-07-24,2026-08-02
1545,17,10,1,2026-03-04,2026-03-13
1546,17,10,1,2026-01-05,2026-01-14
1547,17,10,1,2026-07-15,2026-07-25
1548,17,10,1,2026-04-27,2026-05-04
1549,17,16,15,2025-12-27,2026-01-04
1550,17,16,14,2026-04-12,2026-04-21
1551,17,16,15,2026-06-27,2026-07-04
1552,17,16,8,2026-05-06,2026-05-14
1553,17,16,21,2025-09-23,2025-10-03
1554,17,13,1,2026-06-22,2026-06-30
1555,17,13,1,2025-10-19,2025-10-26
1556,17,13,1,2025-08-26,2025-09-05
1557,17,13,2,2026-05-24,2026-06-02
1558,17,18,5,2025-10-25,2025-11-03
1559,17,18,1,2025-12-27,2026-01-03
1560,17,18,8,2026-01-04,2026-01-12
1561,17,18,12,2026-04-20,2026-04-29
1562,17,18,9,2025-12-02,2025-12-12
1563,17,19,16,2026-06-11,2026-06-19
1564,17,19,12,2025-10-04,2025-10-11
1565,17,19,16,2026-06-10,2026-06-19
1566,17,12,1,2025-08-20,2025-08-27
1567,17,12,1,2026-06-15,2026-06-24
1568,17,12,1,2026-03-08,2026-03-18
1569,17,12,1,2026-02-24,2026-03-05
1570,17,12,1,2025-12-07,2025-12-17
1571,17,12,1,2026-03-18,2026-03-25
1572,17,12,1,2025-10-09,
1573,17,6,1,2025-09-11,2025-09-20
1574,17,6,1,2026-01-23,2026-01-30
1575,17,6,1,2026-04-19,2026-04-28
1576,17,3,1,2025-12-19,2025-12-27
1577,17,3,1,2026-05-22,2026-05-29
1578,17,3,1,2026-01-24,2026-02-03
1579,17,3,1,2025-11-07,2025-11-17
1580,17,8,1,2026-06-07,2026-06-14
1581,17,8,1,2026-06-25,2026-07-05
1582,17,8,1,2026-04-13,2026-04-20
1583,17,7,1,2026-07-01,2026-07-11
1584,17,7,2,2026-07-15,
1585,17,7,1,2026-03-18,2026-03-25
1586,17,7,1,2025-11-09,2025-11-18
1587,17,7,1,2026-05-15,2026-05-24
1588,17,23,51,2025-10-18,2025-10-25
1589,17,23,101,2026-04-16,2026-04-26
1590,17,23,68,2026-06-09,2026-06-17
1591,17,23,78,2026-05-22,2026-05-30
1592,18,25,63,2026-04-24,2026-05-04
1593,18,25,61,2026-02-14,
1594,18,25,37,2026-05-08,2026-05-15
1595,18,25,63,2026-01-15,
1596,18,25,45,2026-01-23,2026-02-01
1597,18,25,24,2025-11-19,2025-11-29
1598,18,25,46,2026-01-20,2026-01-27
1599,18,25,80,2026-03-03,2026-03-11
1600,18,17,12,2025-11-26,2025-12-03
1601,18,17,7,2025-09-07,2025-09-17
1602,18,17,7,2025-08-27,2025-09-04
1603,18,17,7,2025-11-13,2025-11-21
1604,18,17,7,2026-05-09,2026-05-18
1605,18,17,6,2025-09-13,2025-09-21
1606,18,20,10,2025-10-25,2025-11-01
1607,18,20,12,2026-03-24,2026-04-01
1608,18,20,17,2026-07-20,2026-07-28
1609,18,20,5,2026-02-27,2026-03-09
1610,18,20,18,2025-11-15,
1611,18,20,9,2026-07-10,2026-07-18
1612,18,20,8,2026-01-23,2026-01-31
1613,18,20,12,2025-12-15,2025-12-23
1614,18,10,1,2026-02-02,2026-02-12
1615,18,10,1,2025-09-06,2025-09-16
1616,18,10,1,2026-02-19,
1617,18,10,1,2026-06-23,2026-07-03
1618,18,10,1,2025-09-26,2025-10-05
1619,18,10,1,2026-01-24,2026-01-31
1620,18,10,1,2026-04-12,2026-04-21
1621,18,10,1,2025-08-08,2025-08-16
1622,18,1,2,2025-12-17,2025-12-27
1623,18,1,1,2026-01-24,2026-01-31
1624,18,1,2,2026-07-09,2026-07-19
1625,18,1,1,2025-11-10,2025-11-18
1626,18,1,2,2025-09-01,2025-09-09
1627,18,1,3,2025-08-26,2025-09-02
1628,18,1,2,2026-03-06,2026-03-14
1629,18,1,1,2026-01-09,2026-01-16
1630,18,23,52,2025-09-24,2025-10-03
1631,18,23,42,2026-01-11,2026-01-21
1632,18,23,48,2025-10-03,2025-10-13
1633,18,23,45,2026-01-03,2026-01-11
1634,18,23,28,2025-10-09,2025-10-18
1635,18,23,38,2026-07-13,2026-07-22
1636,18,23,33,2026-07-14,2026-07-23
1637,18,23,20,2026-03-01,2026-03-09
1638,18,6,2,2026-03-19,2026-03-29
1639,18,6,1,2026-03-20,
1640,18,6,1,2026-03-15,2026-03-25
1641,18,6,1,2025-08-15,2025-08-25
1642,18,6,1,2026-06-17,2026-06-26
1643,18,2,1,2026-01-04,2026-01-11
1644,18,2,1,2026-01-21,2026-01-28
1645,18,2,1,2025-09-19,2025-09-26
1646,18,2,1,2026-04-21,2026-04-29
1647,18,2,1,2025-09-14,2025-09-22
1648,18,2,1,2026-02-23,2026-03-05
1649,18,2,1,2026-01-26,2026-02-04
1650,18,5,1,2026-03-10,2026-03-18
1651,18,5,1,2026-07-02,
1652,18,5,1,2025-08-12,2025-08-22
1653,18,5,2,2026-02-10,2026-02-17
1654,18,8,1,2025-08-26,2025-09-03
1655,18,8,1,2026-04-08,2026-04-16
1656,18,8,1,2026-01-22,2026-02-01
1657,18,8,1,2025-12-07,2025-12-17
1658,18,8,1,2025-08-23,2025-09-01
1659,18,8,1,2026-02-04,2026-02-12
1660,18,8,1,2026-06-02,2026-06-10
1661,18,3,2,2026-05-16,2026-05-26
1662,18,3,1,2026-03-18,2026-03-26
1663,18,3,2,2025-09-27,2025-10-06
1664,18,22,81,2025-11-06,2025-11-13
1665,18,22,50,2026-06-14,
1666,18,22,46,2026-02-22,2026-03-04
1667,18,22,28,2026-03-01,2026-03-09
1668,18,22,52,2026-01-04,2026-01-14
1669,18,22,28,2026-05-02,2026-05-11
1670,18,18,6,2025-10-13,2025-10-23
1671,18,18,5,2026-06-11,2026-06-19
1672,18,18,8,2026-05-16,2026-05-23
1673,18,18,9,2025-10-16,2025-10-24
1674,18,18,4,2026-07-15,2026-07-23
1675,18,13,1,2026-06-10,2026-06-19
1676,18,13,1,2025-08-21,2025-08-28
1677,18,13,1,2026-01-04,2026-01-11
1678,18,16,6,2026-05-08,2026-05-17
1679,18,16,5,2026-03-04,2026-03-11
1680,18,16,6,2026-03-07,2026-03-14
1681,18,16,10,2025-11-16,2025-11-23
1682,18,16,7,2026-04-01,2026-04-08
1683,18,16,14,2025-11-16,2025-11-26
1684,18,16,5,2025-10-12,2025-10-20
1685,18,14,1,2025-10-03,2025-10-11
1686,18,14,1,2025-08-16,2025-08-23
1687,18,14,1,2025-12-19,2025-12-27
1688,18,14,1,2026-05-16,2026-05-24
1689,18,14,1,2026-03-05,2026-03-15
1690,18,14,1,2025-12-06,
1691,18,14,1,2025-11-17,2025-11-27
1692,18,14,1,2025-12-25,2026-01-02
1693,18,15,11,2026-03-09,2026-03-16
1694,18,15,14,2026-04-07,2026-04-14
1695,18,15,23,2026-03-17,2026-03-24
1696,18,15,9,2025-09-07,2025-09-16
1697,18,15,13,2026-01-24,2026-02-03
1698,18,15,16,2025-08-03,2025-08-11
1699,18,15,15,2026-01-15,2026-01-23
1700,18,4,2,2025-10-18,2025-10-28
1701,18,4,1,2026-02-01,2026-02-11
1702,18,4,1,2025-08-02,2025-08-09
1703,18,4,1,2025-09-18,2025-09-26
1704,18,12,2,2025-11-01,2025-11-09
1705,18,12,1,2026-05-05,2026-05-15
1706,18,12,1,2025-08-09,2025-08-16
1707,18,12,1,2025-12-21,2025-12-29
1708,18,12,1,2025-08-07,2025-08-17
1709,18,12,1,2025-08-10,2025-08-19
1710,18,12,1,2025-09-10,2025-09-18
