case_id,site_id,product_id,case_date,qty_required,case_status
1,1,1,2025-08-16,1,Fulfilled
2,1,8,2025-08-09,1,Fulfilled
3,1,5,2025-08-02,2,Fulfilled
4,1,3,2025-08-19,3,Fulfilled
5,1,2,2025-08-13,3,Fulfilled
6,1,8,2025-08-08,2,Fulfilled
7,1,1,2025-08-23,1,Delayed
8,1,1,2025-08-25,2,Fulfilled
9,1,1,2025-08-10,1,Fulfilled
10,1,6,2025-08-09,2,Fulfilled
11,1,6,2025-09-18,2,Fulfilled
12,1,8,2025-09-27,1,Fulfilled
13,1,2,2025-09-17,1,Fulfilled
14,1,3,2025-09-27,3,Fulfilled
15,1,2,2025-10-08,3,Fulfilled
16,1,3,2025-10-26,1,Fulfilled
17,1,8,2025-10-15,2,Fulfilled
18,1,1,2025-10-12,3,Fulfilled
19,1,2,2025-11-24,2,Fulfilled
20,1,6,2025-11-24,2,Fulfilled
21,1,5,2025-11-05,3,Fulfilled
22,1,3,2025-11-15,3,Fulfilled
23,1,2,2025-11-06,3,Fulfilled
24,1,2,2025-11-08,1,Fulfilled
25,1,2,2025-11-01,2,Fulfilled
26,1,8,2025-11-21,1,Fulfilled
27,1,6,2025-11-21,2,Fulfilled
28,1,1,2025-11-04,1,Fulfilled
29,1,6,2025-11-24,2,Fulfilled
30,1,5,2025-11-09,1,Fulfilled
31,1,1,2025-12-24,3,Fulfilled
32,1,1,2025-12-07,1,Fulfilled
33,1,5,2025-12-09,3,Fulfilled
34,1,2,2025-12-20,1,Fulfilled
35,1,3,2025-12-21,3,Fulfilled
36,1,8,2025-12-01,3,Fulfilled
37,1,1,2025-12-19,3,Fulfilled
38,1,2,2025-12-19,2,Fulfilled
39,1,6,2025-12-18,2,Fulfilled
40,1,1,2025-12-04,2,Fulfilled
41,1,3,2025-12-24,2,Fulfilled
42,1,8,2026-01-02,3,Fulfilled
43,1,8,2026-01-19,3,Fulfilled
44,1,8,2026-01-08,2,Delayed
45,1,5,2026-01-04,1,Fulfilled
46,1,5,2026-02-13,1,Fulfilled
47,1,6,2026-02-19,2,Fulfilled
48,1,3,2026-02-24,3,Fulfilled
49,1,6,2026-02-01,2,Fulfilled
50,1,1,2026-02-27,3,Fulfilled
51,1,5,2026-02-22,3,Fulfilled
52,1,1,2026-02-27,2,Fulfilled
53,1,6,2026-02-15,2,Fulfilled
54,1,1,2026-02-03,1,Fulfilled
55,1,2,2026-02-10,3,Fulfilled
56,1,5,2026-03-23,1,Fulfilled
57,1,2,2026-03-16,2,Fulfilled
58,1,3,2026-03-22,2,Fulfilled
59,1,6,2026-03-19,3,Fulfilled
60,1,6,2026-03-14,1,Fulfilled
61,1,3,2026-03-05,2,Fulfilled
62,1,2,2026-03-14,3,Fulfilled
63,1,3,2026-03-11,1,Delayed
64,1,5,2026-03-12,3,Fulfilled
65,1,2,2026-03-01,1,Fulfilled
66,1,8,2026-03-25,2,Delayed
67,1,1,2026-04-19,2,Fulfilled
68,1,2,2026-04-25,3,Fulfilled
69,1,5,2026-04-27,1,Fulfilled
70,1,8,2026-04-02,1,Fulfilled
71,1,6,2026-04-09,3,Fulfilled
72,1,1,2026-04-13,1,Fulfilled
73,1,1,2026-04-14,2,Fulfilled
74,1,2,2026-05-18,3,Fulfilled
75,1,1,2026-05-18,1,Fulfilled
76,1,1,2026-05-09,3,Fulfilled
77,1,5,2026-05-10,1,Fulfilled
78,1,5,2026-05-09,2,Fulfilled
79,1,6,2026-05-26,2,Fulfilled
80,1,3,2026-05-19,1,Fulfilled
81,1,2,2026-05-15,1,Fulfilled
82,1,5,2026-05-13,1,Fulfilled
83,1,5,2026-06-27,2,Fulfilled
84,1,5,2026-06-21,1,Fulfilled
85,1,5,2026-06-23,1,Fulfilled
86,1,8,2026-06-19,1,Fulfilled
87,1,3,2026-06-24,3,Fulfilled
88,1,3,2026-06-27,1,Fulfilled
89,1,1,2026-06-19,1,Fulfilled
90,1,8,2026-07-03,1,Fulfilled
91,1,3,2026-07-18,2,Fulfilled
92,1,6,2026-07-24,2,Fulfilled
93,1,6,2026-07-13,1,Fulfilled
94,1,5,2026-07-08,3,Delayed
95,1,6,2026-07-02,1,Fulfilled
96,1,3,2026-07-03,3,Fulfilled
97,2,3,2025-08-02,3,Fulfilled
98,2,7,2025-08-21,3,Fulfilled
99,2,3,2025-08-08,1,Fulfilled
100,2,7,2025-08-21,3,Fulfilled
101,2,3,2025-08-07,3,Fulfilled
102,2,3,2025-08-12,3,Fulfilled
103,2,7,2025-08-11,2,Fulfilled
104,2,2,2025-08-24,2,Delayed
105,2,3,2025-08-12,3,Fulfilled
106,2,3,2025-08-07,2,Fulfilled
107,2,3,2025-09-14,1,Fulfilled
108,2,7,2025-09-10,1,Fulfilled
109,2,7,2025-09-08,1,Fulfilled
110,2,7,2025-09-16,2,Fulfilled
111,2,3,2025-09-12,2,Fulfilled
112,2,7,2025-10-12,1,Fulfilled
113,2,7,2025-10-08,3,Fulfilled
114,2,3,2025-10-21,1,Fulfilled
115,2,7,2025-10-08,1,Fulfilled
116,2,3,2025-10-05,2,Fulfilled
117,2,2,2025-10-10,1,Fulfilled
118,2,3,2025-10-11,3,Fulfilled
119,2,3,2025-10-02,1,Fulfilled
120,2,2,2025-10-16,2,Fulfilled
121,2,7,2025-11-10,3,Fulfilled
122,2,2,2025-11-01,1,Fulfilled
123,2,7,2025-11-11,2,Fulfilled
124,2,3,2025-11-06,3,Fulfilled
125,2,2,2025-11-06,2,Fulfilled
126,2,2,2025-12-13,2,Delayed
127,2,7,2025-12-02,2,Fulfilled
128,2,2,2025-12-24,2,Fulfilled
129,2,7,2025-12-14,3,Delayed
130,2,3,2025-12-15,1,Fulfilled
131,2,7,2025-12-06,3,Delayed
132,2,2,2025-12-08,2,Fulfilled
133,2,7,2025-12-13,1,Fulfilled
134,2,2,2026-01-12,2,Fulfilled
135,2,3,2026-01-21,1,Fulfilled
136,2,7,2026-01-27,2,Fulfilled
137,2,2,2026-01-11,2,Fulfilled
138,2,3,2026-01-09,1,Fulfilled
139,2,7,2026-01-04,1,Fulfilled
140,2,3,2026-01-01,3,Fulfilled
141,2,3,2026-01-14,3,Fulfilled
142,2,2,2026-01-06,3,Fulfilled
143,2,3,2026-01-16,3,Fulfilled
144,2,3,2026-01-06,1,Fulfilled
145,2,7,2026-02-22,2,Fulfilled
146,2,2,2026-02-20,2,Fulfilled
147,2,7,2026-02-16,2,Fulfilled
148,2,2,2026-02-24,3,Fulfilled
149,2,7,2026-02-12,2,Fulfilled
150,2,2,2026-02-20,1,Fulfilled
151,2,3,2026-03-10,2,Fulfilled
152,2,3,2026-03-18,2,Fulfilled
153,2,3,2026-03-08,2,Fulfilled
154,2,7,2026-03-12,3,Fulfilled
155,2,3,2026-03-05,3,Fulfilled
156,2,7,2026-03-19,1,Fulfilled
157,2,2,2026-03-19,1,Fulfilled
158,2,3,2026-03-01,2,Fulfilled
159,2,2,2026-04-24,1,Fulfilled
160,2,7,2026-04-19,1,Fulfilled
161,2,7,2026-04-09,1,Fulfilled
162,2,2,2026-04-12,2,Fulfilled
163,2,2,2026-04-06,1,Fulfilled
164,2,2,2026-04-09,3,Fulfilled
165,2,2,2026-04-26,1,Fulfilled
166,2,3,2026-04-17,2,Fulfilled
167,2,2,2026-04-14,3,Fulfilled
168,2,2,2026-04-26,1,Fulfilled
169,2,3,2026-04-04,3,Fulfilled
170,2,2,2026-05-12,1,Fulfilled
171,2,7,2026-05-15,2,Fulfilled
172,2,2,2026-05-16,1,Fulfilled
173,2,2,2026-05-22,2,Fulfilled
174,2,2,2026-05-11,1,Fulfilled
175,2,7,2026-05-26,1,Fulfilled
176,2,7,2026-05-10,2,Fulfilled
177,2,3,2026-06-03,3,Fulfilled
178,2,3,2026-06-18,2,Fulfilled
179,2,3,2026-06-08,3,Fulfilled
180,2,7,2026-06-19,1,Fulfilled
181,2,3,2026-06-06,1,Fulfilled
182,2,3,2026-07-22,3,Fulfilled
183,2,7,2026-07-25,1,Fulfilled
184,2,2,2026-07-20,1,Fulfilled
185,2,7,2026-07-14,3,Fulfilled
186,2,2,2026-07-06,2,Fulfilled
187,2,2,2026-07-02,2,Fulfilled
188,2,7,2026-07-09,3,Fulfilled
189,2,7,2026-07-04,3,Fulfilled
190,2,3,2026-07-12,1,Fulfilled
191,3,8,2025-08-08,3,Fulfilled
192,3,5,2025-08-06,2,Fulfilled
193,3,3,2025-08-14,2,Fulfilled
194,3,3,2025-08-15,1,Fulfilled
195,3,6,2025-08-22,2,Fulfilled
196,3,3,2025-08-18,2,Fulfilled
197,3,8,2025-08-20,3,Fulfilled
198,3,5,2025-08-11,1,Fulfilled
199,3,7,2025-08-17,1,Delayed
200,3,5,2025-09-22,2,Fulfilled
201,3,3,2025-09-22,3,Delayed
202,3,5,2025-09-07,2,Fulfilled
203,3,5,2025-09-24,1,Fulfilled
204,3,7,2025-09-07,3,Cancelled
205,3,5,2025-09-03,1,Fulfilled
206,3,3,2025-09-05,1,Fulfilled
207,3,8,2025-09-16,2,Fulfilled
208,3,2,2025-09-01,2,Fulfilled
209,3,8,2025-09-16,1,Fulfilled
210,3,8,2025-09-17,2,Fulfilled
211,3,2,2025-09-19,1,Fulfilled
212,3,3,2025-10-02,2,Fulfilled
213,3,3,2025-10-22,3,Cancelled
214,3,8,2025-10-21,3,Fulfilled
215,3,2,2025-10-05,3,Fulfilled
216,3,2,2025-10-17,1,Fulfilled
217,3,5,2025-10-25,1,Fulfilled
218,3,3,2025-10-10,1,Fulfilled
219,3,7,2025-10-10,2,Fulfilled
220,3,2,2025-10-25,1,Fulfilled
221,3,2,2025-10-10,3,Fulfilled
222,3,3,2025-10-15,1,Fulfilled
223,3,5,2025-11-26,1,Fulfilled
224,3,8,2025-11-21,2,Fulfilled
225,3,7,2025-11-22,3,Delayed
226,3,3,2025-11-15,2,Fulfilled
227,3,7,2025-11-21,3,Delayed
228,3,2,2025-11-14,3,Fulfilled
229,3,3,2025-11-26,2,Fulfilled
230,3,3,2025-11-23,2,Fulfilled
231,3,3,2025-11-09,2,Fulfilled
232,3,6,2025-12-12,2,Fulfilled
233,3,2,2025-12-01,2,Fulfilled
234,3,7,2025-12-02,3,Delayed
235,3,8,2025-12-17,1,Fulfilled
236,3,3,2025-12-21,3,Cancelled
237,3,2,2025-12-21,3,Fulfilled
238,3,2,2025-12-05,1,Fulfilled
239,3,2,2025-12-07,2,Delayed
240,3,5,2025-12-22,1,Fulfilled
241,3,5,2026-01-22,3,Fulfilled
242,3,2,2026-01-16,2,Fulfilled
243,3,5,2026-01-15,3,Fulfilled
244,3,2,2026-01-15,3,Fulfilled
245,3,5,2026-01-16,1,Fulfilled
246,3,2,2026-01-09,3,Fulfilled
247,3,2,2026-01-08,3,Fulfilled
248,3,5,2026-01-10,1,Fulfilled
249,3,2,2026-01-11,2,Fulfilled
250,3,2,2026-01-13,1,Fulfilled
251,3,5,2026-01-17,3,Fulfilled
252,3,3,2026-02-03,1,Fulfilled
253,3,3,2026-02-05,3,Delayed
254,3,3,2026-02-10,2,Fulfilled
255,3,8,2026-02-12,1,Fulfilled
256,3,7,2026-02-21,2,Fulfilled
257,3,7,2026-02-12,3,Delayed
258,3,3,2026-03-10,2,Delayed
259,3,8,2026-03-01,2,Fulfilled
260,3,6,2026-03-23,2,Fulfilled
261,3,2,2026-03-23,2,Fulfilled
262,3,2,2026-03-17,3,Fulfilled
263,3,2,2026-03-24,2,Fulfilled
264,3,8,2026-03-14,2,Fulfilled
265,3,3,2026-03-12,1,Fulfilled
266,3,5,2026-03-26,2,Fulfilled
267,3,8,2026-03-05,3,Fulfilled
268,3,5,2026-03-02,3,Fulfilled
269,3,5,2026-04-09,2,Fulfilled
270,3,2,2026-04-22,2,Fulfilled
271,3,5,2026-04-12,2,Fulfilled
272,3,6,2026-04-14,3,Fulfilled
273,3,7,2026-04-05,3,Delayed
274,3,2,2026-04-10,2,Fulfilled
275,3,7,2026-04-02,2,Fulfilled
276,3,7,2026-04-10,1,Fulfilled
277,3,7,2026-04-16,1,Fulfilled
278,3,6,2026-04-07,3,Fulfilled
279,3,8,2026-05-21,3,Fulfilled
280,3,3,2026-05-08,3,Delayed
281,3,8,2026-05-27,1,Fulfilled
282,3,3,2026-05-02,1,Fulfilled
283,3,3,2026-05-15,1,Fulfilled
284,3,5,2026-05-09,1,Delayed
285,3,7,2026-06-04,2,Fulfilled
286,3,5,2026-06-09,2,Fulfilled
287,3,6,2026-06-21,1,Fulfilled
288,3,7,2026-06-18,1,Fulfilled
289,3,6,2026-06-23,3,Fulfilled
290,3,6,2026-06-25,1,Fulfilled
291,3,8,2026-06-01,2,Fulfilled
292,3,7,2026-06-13,2,Fulfilled
293,3,5,2026-07-07,1,Fulfilled
294,3,6,2026-07-24,1,Fulfilled
295,3,6,2026-07-13,2,Fulfilled
296,3,7,2026-07-17,3,Delayed
297,3,6,2026-07-05,1,Fulfilled
298,3,6,2026-07-27,1,Fulfilled
299,3,2,2026-07-21,2,Fulfilled
300,3,6,2026-07-07,3,Fulfilled
301,3,7,2026-07-09,1,Fulfilled
302,4,2,2025-08-27,1,Fulfilled
303,4,3,2025-08-02,1,Fulfilled
304,4,4,2025-08-24,2,Fulfilled
305,4,5,2025-08-25,3,Delayed
306,4,2,2025-08-07,2,Fulfilled
307,4,7,2025-08-08,2,Fulfilled
308,4,7,2025-08-10,1,Fulfilled
309,4,2,2025-08-03,2,Fulfilled
310,4,7,2025-09-04,3,Fulfilled
311,4,7,2025-09-03,1,Fulfilled
312,4,5,2025-09-25,1,Fulfilled
313,4,5,2025-09-21,2,Delayed
314,4,1,2025-09-05,3,Fulfilled
315,4,1,2025-09-18,2,Fulfilled
316,4,2,2025-09-08,3,Delayed
317,4,4,2025-09-27,1,Fulfilled
318,4,7,2025-09-14,1,Fulfilled
319,4,2,2025-09-19,1,Fulfilled
320,4,1,2025-09-02,2,Fulfilled
321,4,1,2025-10-21,2,Fulfilled
322,4,4,2025-10-10,2,Fulfilled
323,4,7,2025-10-06,2,Fulfilled
324,4,5,2025-10-11,2,Cancelled
325,4,4,2025-11-07,2,Fulfilled
326,4,3,2025-11-24,3,Fulfilled
327,4,3,2025-11-13,2,Fulfilled
328,4,4,2025-11-23,2,Fulfilled
329,4,7,2025-11-27,2,Fulfilled
330,4,4,2025-12-21,3,Fulfilled
331,4,5,2025-12-26,3,Delayed
332,4,4,2025-12-05,3,Fulfilled
333,4,7,2025-12-04,3,Fulfilled
334,4,2,2025-12-24,2,Delayed
335,4,5,2025-12-09,3,Delayed
336,4,2,2025-12-11,3,Delayed
337,4,1,2025-12-16,3,Delayed
338,4,2,2025-12-09,1,Fulfilled
339,4,5,2025-12-15,3,Delayed
340,4,1,2026-01-10,2,Fulfilled
341,4,7,2026-01-02,2,Fulfilled
342,4,4,2026-01-05,3,Fulfilled
343,4,7,2026-01-27,2,Fulfilled
344,4,5,2026-01-18,1,Fulfilled
345,4,3,2026-01-15,2,Fulfilled
346,4,3,2026-01-11,1,Fulfilled
347,4,7,2026-01-22,1,Fulfilled
348,4,2,2026-01-02,2,Fulfilled
349,4,2,2026-01-25,1,Fulfilled
350,4,1,2026-02-04,2,Fulfilled
351,4,7,2026-02-21,1,Fulfilled
352,4,7,2026-02-11,1,Fulfilled
353,4,7,2026-02-19,1,Fulfilled
354,4,5,2026-02-07,3,Delayed
355,4,5,2026-02-02,3,Cancelled
356,4,1,2026-02-23,2,Fulfilled
357,4,5,2026-02-20,3,Delayed
358,4,3,2026-02-21,2,Fulfilled
359,4,7,2026-03-15,3,Fulfilled
360,4,2,2026-03-25,3,Cancelled
361,4,2,2026-03-09,2,Fulfilled
362,4,7,2026-03-23,1,Fulfilled
363,4,3,2026-03-23,1,Fulfilled
364,4,7,2026-04-12,3,Fulfilled
365,4,4,2026-04-22,2,Fulfilled
366,4,3,2026-04-17,1,Delayed
367,4,3,2026-04-01,3,Fulfilled
368,4,3,2026-04-15,2,Fulfilled
369,4,1,2026-05-05,3,Fulfilled
370,4,5,2026-05-06,1,Fulfilled
371,4,4,2026-05-26,3,Fulfilled
372,4,5,2026-05-22,1,Fulfilled
373,4,5,2026-05-11,1,Fulfilled
374,4,7,2026-05-16,1,Fulfilled
375,4,1,2026-05-01,3,Fulfilled
376,4,7,2026-05-12,2,Fulfilled
377,4,5,2026-05-11,1,Fulfilled
378,4,1,2026-05-19,2,Fulfilled
379,4,7,2026-06-04,3,Fulfilled
380,4,7,2026-06-14,3,Fulfilled
381,4,7,2026-06-07,3,Fulfilled
382,4,4,2026-06-03,1,Fulfilled
383,4,1,2026-06-06,2,Fulfilled
384,4,5,2026-06-10,2,Cancelled
385,4,3,2026-06-04,2,Fulfilled
386,4,4,2026-06-27,2,Fulfilled
387,4,7,2026-06-01,1,Fulfilled
388,4,2,2026-07-26,3,Delayed
389,4,2,2026-07-04,3,Delayed
390,4,2,2026-07-12,1,Fulfilled
391,4,5,2026-07-10,2,Delayed
392,4,1,2026-07-23,2,Fulfilled
393,5,2,2025-08-05,3,Fulfilled
394,5,3,2025-08-05,3,Fulfilled
395,5,6,2025-08-26,1,Fulfilled
396,5,5,2025-08-11,3,Fulfilled
397,5,1,2025-09-02,2,Fulfilled
398,5,7,2025-09-21,2,Fulfilled
399,5,2,2025-09-17,3,Fulfilled
400,5,8,2025-09-18,1,Fulfilled
401,5,7,2025-09-18,1,Fulfilled
402,5,1,2025-09-03,1,Fulfilled
403,5,3,2025-09-09,1,Fulfilled
404,5,8,2025-10-26,1,Fulfilled
405,5,8,2025-10-18,2,Fulfilled
406,5,1,2025-10-22,3,Fulfilled
407,5,5,2025-10-04,1,Fulfilled
408,5,7,2025-10-15,2,Delayed
409,5,1,2025-10-01,3,Fulfilled
410,5,3,2025-10-26,2,Fulfilled
411,5,3,2025-10-25,1,Fulfilled
412,5,6,2025-10-17,1,Fulfilled
413,5,3,2025-10-09,2,Fulfilled
414,5,2,2025-10-23,1,Fulfilled
415,5,3,2025-11-25,1,Fulfilled
416,5,2,2025-11-01,1,Fulfilled
417,5,6,2025-11-18,1,Fulfilled
418,5,8,2025-11-17,2,Fulfilled
419,5,8,2025-11-01,2,Fulfilled
420,5,5,2025-11-22,3,Fulfilled
421,5,7,2025-12-15,2,Fulfilled
422,5,6,2025-12-10,1,Delayed
423,5,7,2025-12-05,2,Fulfilled
424,5,8,2025-12-17,1,Fulfilled
425,5,8,2025-12-07,1,Fulfilled
426,5,8,2025-12-02,3,Fulfilled
427,5,5,2025-12-09,3,Fulfilled
428,5,7,2025-12-24,3,Fulfilled
429,5,8,2026-01-22,3,Fulfilled
430,5,8,2026-01-23,2,Fulfilled
431,5,8,2026-01-06,1,Fulfilled
432,5,1,2026-01-01,3,Fulfilled
433,5,1,2026-01-01,2,Fulfilled
434,5,1,2026-01-15,1,Fulfilled
435,5,7,2026-01-20,3,Fulfilled
436,5,1,2026-01-13,1,Fulfilled
437,5,2,2026-01-09,1,Fulfilled
438,5,3,2026-01-18,1,Fulfilled
439,5,2,2026-01-16,1,Fulfilled
440,5,3,2026-02-07,1,Fulfilled
441,5,2,2026-02-03,2,Fulfilled
442,5,2,2026-02-21,3,Fulfilled
443,5,5,2026-02-05,3,Fulfilled
444,5,8,2026-02-02,3,Fulfilled
445,5,5,2026-02-14,3,Fulfilled
446,5,3,2026-03-04,1,Delayed
447,5,1,2026-03-07,3,Fulfilled
448,5,6,2026-03-19,2,Fulfilled
449,5,1,2026-03-26,1,Fulfilled
450,5,6,2026-03-26,2,Fulfilled
451,5,7,2026-03-16,1,Fulfilled
452,5,8,2026-03-12,2,Fulfilled
453,5,5,2026-03-16,2,Fulfilled
454,5,7,2026-03-18,1,Fulfilled
455,5,7,2026-03-05,2,Fulfilled
456,5,1,2026-03-15,3,Fulfilled
457,5,2,2026-04-25,2,Fulfilled
458,5,8,2026-04-02,2,Fulfilled
459,5,7,2026-04-12,2,Fulfilled
460,5,1,2026-04-13,1,Fulfilled
461,5,1,2026-04-18,3,Fulfilled
462,5,2,2026-04-05,1,Fulfilled
463,5,2,2026-05-27,2,Fulfilled
464,5,7,2026-05-09,1,Fulfilled
465,5,5,2026-05-26,2,Fulfilled
466,5,7,2026-05-20,2,Fulfilled
467,5,7,2026-05-18,1,Fulfilled
468,5,3,2026-05-05,3,Fulfilled
469,5,5,2026-05-24,1,Fulfilled
470,5,8,2026-06-03,1,Fulfilled
471,5,1,2026-06-16,1,Fulfilled
472,5,7,2026-06-18,3,Fulfilled
473,5,6,2026-06-17,1,Fulfilled
474,5,6,2026-06-23,2,Fulfilled
475,5,5,2026-07-27,1,Fulfilled
476,5,2,2026-07-16,3,Fulfilled
477,5,3,2026-07-26,1,Fulfilled
478,5,5,2026-07-22,3,Fulfilled
479,6,7,2025-08-12,3,Fulfilled
480,6,5,2025-08-04,2,Fulfilled
481,6,6,2025-08-19,3,Fulfilled
482,6,1,2025-08-10,3,Fulfilled
483,6,1,2025-08-17,3,Fulfilled
484,6,1,2025-08-18,2,Fulfilled
485,6,4,2025-08-25,2,Fulfilled
486,6,2,2025-08-08,2,Fulfilled
487,6,7,2025-08-24,3,Fulfilled
488,6,2,2025-08-21,1,Fulfilled
489,6,1,2025-08-01,3,Fulfilled
490,6,3,2025-09-21,3,Fulfilled
491,6,3,2025-09-03,2,Fulfilled
492,6,6,2025-09-24,2,Fulfilled
493,6,6,2025-09-05,1,Fulfilled
494,6,6,2025-09-24,3,Delayed
495,6,5,2025-09-02,3,Fulfilled
496,6,6,2025-09-21,3,Delayed
497,6,6,2025-09-22,2,Fulfilled
498,6,2,2025-09-02,3,Fulfilled
499,6,7,2025-10-15,3,Delayed
500,6,2,2025-10-18,3,Delayed
501,6,6,2025-10-23,2,Delayed
502,6,6,2025-10-27,1,Fulfilled
503,6,6,2025-10-02,1,Fulfilled
504,6,1,2025-10-27,3,Fulfilled
505,6,7,2025-10-18,3,Fulfilled
506,6,5,2025-10-09,3,Fulfilled
507,6,1,2025-11-04,3,Fulfilled
508,6,1,2025-11-05,3,Fulfilled
509,6,2,2025-11-27,2,Fulfilled
510,6,1,2025-11-11,1,Fulfilled
511,6,6,2025-11-24,2,Fulfilled
512,6,7,2025-11-19,2,Fulfilled
513,6,3,2025-12-26,3,Fulfilled
514,6,6,2025-12-07,3,Fulfilled
515,6,6,2025-12-21,1,Fulfilled
516,6,3,2025-12-09,1,Fulfilled
517,6,7,2026-01-12,2,Fulfilled
518,6,3,2026-01-03,3,Cancelled
519,6,5,2026-01-10,3,Fulfilled
520,6,2,2026-01-12,3,Fulfilled
521,6,7,2026-01-18,2,Fulfilled
522,6,5,2026-01-22,3,Fulfilled
523,6,7,2026-01-27,1,Fulfilled
524,6,4,2026-01-02,2,Fulfilled
525,6,1,2026-01-10,2,Fulfilled
526,6,5,2026-02-24,3,Fulfilled
527,6,2,2026-02-24,1,Fulfilled
528,6,6,2026-02-22,3,Fulfilled
529,6,2,2026-02-22,3,Delayed
530,6,7,2026-02-04,3,Fulfilled
531,6,1,2026-02-04,1,Fulfilled
532,6,6,2026-02-18,2,Fulfilled
533,6,4,2026-02-18,2,Fulfilled
534,6,2,2026-02-22,2,Fulfilled
535,6,1,2026-02-16,3,Fulfilled
536,6,7,2026-03-20,3,Fulfilled
537,6,5,2026-03-10,1,Fulfilled
538,6,7,2026-03-03,3,Fulfilled
539,6,4,2026-03-14,3,Delayed
540,6,4,2026-03-09,1,Fulfilled
541,6,5,2026-03-09,2,Fulfilled
542,6,5,2026-03-23,1,Fulfilled
543,6,3,2026-04-10,2,Fulfilled
544,6,4,2026-04-20,3,Delayed
545,6,3,2026-04-22,2,Fulfilled
546,6,2,2026-04-23,1,Fulfilled
547,6,5,2026-04-15,2,Fulfilled
548,6,2,2026-05-14,3,Fulfilled
549,6,6,2026-05-08,1,Fulfilled
550,6,5,2026-05-08,2,Fulfilled
551,6,3,2026-05-03,2,Fulfilled
552,6,2,2026-05-06,3,Fulfilled
553,6,2,2026-05-19,3,Fulfilled
554,6,2,2026-05-01,1,Fulfilled
555,6,5,2026-05-17,1,Fulfilled
556,6,7,2026-05-14,2,Fulfilled
557,6,2,2026-05-13,1,Fulfilled
558,6,1,2026-05-18,1,Fulfilled
559,6,2,2026-05-16,3,Fulfilled
560,6,4,2026-06-04,3,Delayed
561,6,6,2026-06-18,2,Fulfilled
562,6,1,2026-06-13,1,Fulfilled
563,6,3,2026-06-13,1,Fulfilled
564,6,4,2026-06-01,1,Fulfilled
565,6,1,2026-06-09,1,Fulfilled
566,6,7,2026-07-26,3,Fulfilled
567,6,5,2026-07-11,1,Fulfilled
568,6,3,2026-07-23,3,Fulfilled
569,6,6,2026-07-23,3,Fulfilled
570,6,1,2026-07-23,2,Fulfilled
571,6,1,2026-07-09,3,Fulfilled
572,6,6,2026-07-15,2,Fulfilled
573,6,3,2026-07-15,3,Fulfilled
574,7,2,2025-08-23,3,Fulfilled
575,7,7,2025-08-18,2,Fulfilled
576,7,4,2025-08-21,1,Fulfilled
577,7,5,2025-08-03,2,Fulfilled
578,7,1,2025-09-08,2,Fulfilled
579,7,4,2025-09-24,3,Fulfilled
580,7,2,2025-09-08,1,Fulfilled
581,7,4,2025-09-04,1,Fulfilled
582,7,2,2025-09-16,1,Fulfilled
583,7,7,2025-09-20,3,Fulfilled
584,7,2,2025-09-02,1,Delayed
585,7,4,2025-09-24,1,Fulfilled
586,7,5,2025-10-07,1,Fulfilled
587,7,7,2025-10-11,2,Fulfilled
588,7,8,2025-10-07,3,Fulfilled
589,7,4,2025-10-04,3,Fulfilled
590,7,8,2025-10-13,1,Fulfilled
591,7,1,2025-10-19,2,Fulfilled
592,7,4,2025-11-10,3,Fulfilled
593,7,7,2025-11-23,2,Fulfilled
594,7,5,2025-11-18,1,Fulfilled
595,7,5,2025-11-12,1,Fulfilled
596,7,4,2025-11-01,3,Fulfilled
597,7,8,2025-11-05,2,Fulfilled
598,7,6,2025-11-07,1,Fulfilled
599,7,5,2025-11-10,1,Fulfilled
600,7,4,2025-11-11,1,Fulfilled
601,7,2,2025-11-13,2,Fulfilled
602,7,4,2025-12-19,1,Fulfilled
603,7,2,2025-12-05,3,Fulfilled
604,7,8,2025-12-04,2,Fulfilled
605,7,7,2025-12-10,2,Fulfilled
606,7,4,2025-12-16,2,Fulfilled
607,7,5,2025-12-26,2,Fulfilled
608,7,4,2025-12-14,1,Fulfilled
609,7,4,2025-12-25,2,Fulfilled
610,7,5,2025-12-21,2,Fulfilled
611,7,4,2025-12-24,1,Fulfilled
612,7,7,2025-12-02,2,Fulfilled
613,7,5,2025-12-05,2,Fulfilled
614,7,7,2026-01-18,2,Fulfilled
615,7,6,2026-01-03,3,Fulfilled
616,7,8,2026-01-19,3,Fulfilled
617,7,1,2026-01-15,2,Fulfilled
618,7,5,2026-01-05,3,Delayed
619,7,2,2026-02-26,3,Delayed
620,7,7,2026-02-20,3,Fulfilled
621,7,5,2026-02-23,1,Fulfilled
622,7,2,2026-02-20,1,Fulfilled
623,7,5,2026-02-05,1,Fulfilled
624,7,5,2026-02-08,2,Fulfilled
625,7,5,2026-02-27,3,Cancelled
626,7,7,2026-02-05,3,Fulfilled
627,7,2,2026-03-11,2,Fulfilled
628,7,7,2026-03-22,3,Delayed
629,7,2,2026-03-13,2,Fulfilled
630,7,6,2026-03-03,2,Fulfilled
631,7,7,2026-03-20,2,Fulfilled
632,7,7,2026-03-23,1,Fulfilled
633,7,5,2026-04-02,2,Fulfilled
634,7,4,2026-04-07,2,Fulfilled
635,7,2,2026-04-18,3,Fulfilled
636,7,1,2026-04-25,1,Fulfilled
637,7,6,2026-04-24,3,Fulfilled
638,7,2,2026-04-01,1,Fulfilled
639,7,6,2026-05-03,3,Fulfilled
640,7,5,2026-05-05,1,Fulfilled
641,7,5,2026-05-20,2,Delayed
642,7,4,2026-05-02,3,Fulfilled
643,7,5,2026-05-05,1,Fulfilled
644,7,5,2026-05-03,2,Delayed
645,7,2,2026-06-14,2,Fulfilled
646,7,2,2026-06-01,2,Fulfilled
647,7,2,2026-06-04,1,Fulfilled
648,7,5,2026-06-05,2,Fulfilled
649,7,8,2026-06-02,2,Fulfilled
650,7,5,2026-06-11,2,Fulfilled
651,7,5,2026-06-06,3,Delayed
652,7,1,2026-06-20,3,Cancelled
653,7,7,2026-06-27,1,Fulfilled
654,7,5,2026-06-26,2,Fulfilled
655,7,7,2026-07-13,2,Fulfilled
656,7,1,2026-07-12,2,Fulfilled
657,7,7,2026-07-19,2,Fulfilled
658,7,5,2026-07-01,2,Fulfilled
659,7,7,2026-07-04,2,Fulfilled
660,7,4,2026-07-02,3,Delayed
661,7,7,2026-07-27,1,Fulfilled
662,7,5,2026-07-04,1,Fulfilled
663,7,6,2026-07-09,2,Fulfilled
664,8,7,2025-08-23,1,Fulfilled
665,8,1,2025-08-06,2,Fulfilled
666,8,1,2025-08-19,2,Fulfilled
667,8,1,2025-08-03,3,Fulfilled
668,8,7,2025-08-19,2,Fulfilled
669,8,8,2025-08-09,3,Cancelled
670,8,2,2025-08-21,3,Fulfilled
671,8,2,2025-08-10,1,Fulfilled
672,8,2,2025-08-06,2,Fulfilled
673,8,1,2025-08-02,2,Fulfilled
674,8,2,2025-09-19,1,Fulfilled
675,8,2,2025-09-06,2,Fulfilled
676,8,8,2025-09-18,3,Delayed
677,8,8,2025-09-27,2,Fulfilled
678,8,7,2025-09-27,2,Fulfilled
679,8,8,2025-09-22,2,Fulfilled
680,8,1,2025-10-15,3,Fulfilled
681,8,8,2025-10-11,3,Delayed
682,8,1,2025-10-27,1,Fulfilled
683,8,8,2025-10-18,2,Fulfilled
684,8,1,2025-10-01,3,Fulfilled
685,8,8,2025-10-17,3,Delayed
686,8,1,2025-10-06,3,Fulfilled
687,8,8,2025-11-21,2,Fulfilled
688,8,1,2025-11-22,2,Fulfilled
689,8,2,2025-11-27,2,Fulfilled
690,8,2,2025-11-14,2,Fulfilled
691,8,7,2025-11-08,1,Fulfilled
692,8,7,2025-12-03,2,Fulfilled
693,8,7,2025-12-23,1,Fulfilled
694,8,7,2025-12-10,3,Fulfilled
695,8,7,2025-12-07,3,Fulfilled
696,8,8,2025-12-10,2,Fulfilled
697,8,8,2026-01-11,2,Fulfilled
698,8,7,2026-01-16,1,Fulfilled
699,8,8,2026-01-18,2,Fulfilled
700,8,1,2026-01-09,1,Fulfilled
701,8,7,2026-01-13,2,Fulfilled
702,8,2,2026-01-23,3,Fulfilled
703,8,7,2026-01-03,2,Fulfilled
704,8,1,2026-01-19,3,Fulfilled
705,8,7,2026-01-27,2,Fulfilled
706,8,8,2026-01-02,2,Fulfilled
707,8,1,2026-02-03,2,Fulfilled
708,8,8,2026-02-10,3,Delayed
709,8,8,2026-02-23,1,Fulfilled
710,8,7,2026-02-09,2,Fulfilled
711,8,7,2026-02-25,2,Fulfilled
712,8,1,2026-03-14,3,Fulfilled
713,8,1,2026-03-13,3,Fulfilled
714,8,1,2026-03-20,2,Fulfilled
715,8,7,2026-03-05,3,Fulfilled
716,8,1,2026-03-02,2,Fulfilled
717,8,2,2026-03-02,2,Fulfilled
718,8,1,2026-03-01,3,Fulfilled
719,8,7,2026-03-18,3,Fulfilled
720,8,1,2026-03-21,1,Fulfilled
721,8,7,2026-03-19,3,Fulfilled
722,8,7,2026-03-03,2,Fulfilled
723,8,8,2026-04-14,3,Cancelled
724,8,7,2026-04-11,2,Fulfilled
725,8,2,2026-04-26,3,Fulfilled
726,8,2,2026-04-18,3,Fulfilled
727,8,1,2026-04-22,1,Fulfilled
728,8,7,2026-05-27,2,Fulfilled
729,8,2,2026-05-23,2,Fulfilled
730,8,8,2026-05-20,2,Fulfilled
731,8,1,2026-05-13,3,Fulfilled
732,8,2,2026-05-20,1,Fulfilled
733,8,7,2026-05-02,3,Fulfilled
734,8,2,2026-05-19,1,Fulfilled
735,8,1,2026-05-10,2,Fulfilled
736,8,8,2026-05-17,2,Fulfilled
737,8,1,2026-05-20,2,Fulfilled
738,8,8,2026-06-11,2,Fulfilled
739,8,1,2026-06-16,3,Fulfilled
740,8,1,2026-06-13,1,Fulfilled
741,8,7,2026-06-14,1,Fulfilled
742,8,2,2026-06-24,3,Fulfilled
743,8,7,2026-06-10,2,Fulfilled
744,8,8,2026-06-15,3,Cancelled
745,8,2,2026-06-24,1,Fulfilled
746,8,7,2026-06-24,1,Fulfilled
747,8,8,2026-06-20,2,Fulfilled
748,8,8,2026-06-25,3,Cancelled
749,8,1,2026-07-11,3,Fulfilled
750,8,7,2026-07-14,3,Fulfilled
751,8,7,2026-07-03,3,Fulfilled
752,8,8,2026-07-10,2,Fulfilled
753,8,2,2026-07-12,2,Fulfilled
754,8,1,2026-07-10,3,Fulfilled
755,8,1,2026-07-11,1,Fulfilled
756,8,8,2026-07-24,2,Fulfilled
757,8,7,2026-07-09,3,Fulfilled
758,8,8,2026-07-06,2,Fulfilled
759,9,5,2025-08-08,1,Fulfilled
760,9,4,2025-08-04,3,Fulfilled
761,9,5,2025-08-21,2,Fulfilled
762,9,2,2025-08-15,3,Fulfilled
763,9,6,2025-08-27,3,Fulfilled
764,9,4,2025-08-15,1,Fulfilled
765,9,7,2025-08-04,1,Fulfilled
766,9,2,2025-08-13,3,Fulfilled
767,9,7,2025-08-16,1,Fulfilled
768,9,5,2025-08-09,1,Fulfilled
769,9,2,2025-09-05,2,Fulfilled
770,9,2,2025-09-26,2,Fulfilled
771,9,4,2025-09-04,2,Fulfilled
772,9,6,2025-09-21,2,Fulfilled
773,9,4,2025-09-15,3,Fulfilled
774,9,2,2025-10-09,2,Fulfilled
775,9,6,2025-10-19,2,Fulfilled
776,9,7,2025-10-19,2,Fulfilled
777,9,7,2025-10-03,1,Fulfilled
778,9,6,2025-10-07,1,Fulfilled
779,9,6,2025-10-04,3,Fulfilled
780,9,4,2025-10-09,2,Fulfilled
781,9,2,2025-10-17,2,Fulfilled
782,9,4,2025-11-09,3,Fulfilled
783,9,6,2025-11-21,2,Fulfilled
784,9,4,2025-11-23,2,Fulfilled
785,9,5,2025-11-01,1,Fulfilled
786,9,2,2025-11-13,2,Fulfilled
787,9,7,2025-12-08,1,Fulfilled
788,9,5,2025-12-12,2,Fulfilled
789,9,6,2025-12-21,3,Fulfilled
790,9,2,2025-12-22,3,Fulfilled
791,9,4,2025-12-07,3,Fulfilled
792,9,6,2025-12-19,3,Fulfilled
793,9,6,2025-12-24,2,Fulfilled
794,9,7,2026-01-26,2,Fulfilled
795,9,7,2026-01-02,2,Delayed
796,9,7,2026-01-16,3,Delayed
797,9,2,2026-01-25,1,Fulfilled
798,9,7,2026-01-07,2,Fulfilled
799,9,7,2026-01-03,3,Cancelled
800,9,4,2026-01-20,3,Delayed
801,9,7,2026-01-25,3,Delayed
802,9,6,2026-01-01,2,Delayed
803,9,6,2026-01-18,1,Fulfilled
804,9,7,2026-01-05,2,Fulfilled
805,9,2,2026-02-12,2,Fulfilled
806,9,2,2026-02-07,2,Fulfilled
807,9,4,2026-02-09,1,Fulfilled
808,9,4,2026-02-25,3,Fulfilled
809,9,5,2026-03-07,3,Fulfilled
810,9,2,2026-03-16,3,Fulfilled
811,9,2,2026-03-22,1,Fulfilled
812,9,2,2026-03-05,1,Fulfilled
813,9,7,2026-03-25,3,Delayed
814,9,7,2026-03-09,2,Fulfilled
815,9,6,2026-03-10,2,Fulfilled
816,9,2,2026-03-10,1,Delayed
817,9,2,2026-03-08,1,Fulfilled
818,9,2,2026-03-03,1,Fulfilled
819,9,5,2026-04-20,1,Fulfilled
820,9,4,2026-04-14,2,Fulfilled
821,9,2,2026-04-16,3,Fulfilled
822,9,5,2026-04-08,3,Fulfilled
823,9,5,2026-04-25,1,Fulfilled
824,9,7,2026-04-02,1,Fulfilled
825,9,5,2026-04-16,1,Fulfilled
826,9,6,2026-05-24,1,Fulfilled
827,9,2,2026-05-25,3,Fulfilled
828,9,2,2026-05-11,1,Fulfilled
829,9,7,2026-05-16,1,Fulfilled
830,9,5,2026-05-13,1,Fulfilled
831,9,2,2026-05-15,1,Fulfilled
832,9,5,2026-05-19,3,Fulfilled
833,9,7,2026-05-17,2,Fulfilled
834,9,7,2026-05-19,1,Fulfilled
835,9,5,2026-05-08,2,Fulfilled
836,9,7,2026-05-17,1,Fulfilled
837,9,5,2026-05-12,3,Fulfilled
838,9,6,2026-06-26,3,Fulfilled
839,9,7,2026-06-05,1,Fulfilled
840,9,7,2026-06-16,1,Fulfilled
841,9,2,2026-06-24,3,Fulfilled
842,9,7,2026-06-21,1,Fulfilled
843,9,7,2026-06-22,1,Delayed
844,9,7,2026-06-22,2,Fulfilled
845,9,6,2026-06-03,2,Fulfilled
846,9,4,2026-06-23,1,Fulfilled
847,9,2,2026-06-05,2,Fulfilled
848,9,2,2026-06-17,1,Fulfilled
849,9,5,2026-06-03,2,Fulfilled
850,9,7,2026-07-07,2,Fulfilled
851,9,2,2026-07-05,1,Fulfilled
852,9,5,2026-07-12,1,Fulfilled
853,9,5,2026-07-01,1,Fulfilled
854,9,6,2026-07-08,2,Fulfilled
855,9,2,2026-07-17,2,Fulfilled
856,9,2,2026-07-18,3,Fulfilled
857,9,6,2026-07-11,1,Fulfilled
858,10,1,2025-08-17,1,Fulfilled
859,10,6,2025-08-22,1,Fulfilled
860,10,2,2025-08-26,1,Fulfilled
861,10,1,2025-08-11,1,Fulfilled
862,10,1,2025-08-17,3,Fulfilled
863,10,8,2025-08-17,3,Fulfilled
864,10,4,2025-08-09,1,Fulfilled
865,10,4,2025-08-09,1,Fulfilled
866,10,1,2025-08-18,3,Fulfilled
867,10,1,2025-08-15,1,Fulfilled
868,10,1,2025-09-26,3,Fulfilled
869,10,8,2025-09-12,2,Fulfilled
870,10,3,2025-09-04,1,Fulfilled
871,10,6,2025-09-20,1,Fulfilled
872,10,7,2025-09-13,3,Fulfilled
873,10,7,2025-10-10,1,Fulfilled
874,10,1,2025-10-13,2,Fulfilled
875,10,2,2025-10-04,1,Fulfilled
876,10,6,2025-10-18,3,Fulfilled
877,10,4,2025-10-18,2,Fulfilled
878,10,2,2025-10-02,2,Fulfilled
879,10,7,2025-10-10,1,Fulfilled
880,10,7,2025-10-10,3,Fulfilled
881,10,2,2025-10-13,2,Fulfilled
882,10,8,2025-10-24,3,Fulfilled
883,10,7,2025-10-08,1,Fulfilled
884,10,4,2025-11-20,2,Fulfilled
885,10,6,2025-11-09,1,Delayed
886,10,1,2025-11-04,1,Fulfilled
887,10,6,2025-11-12,2,Fulfilled
888,10,8,2025-11-17,2,Fulfilled
889,10,8,2025-11-17,1,Fulfilled
890,10,7,2025-11-18,1,Fulfilled
891,10,3,2025-11-17,3,Fulfilled
892,10,2,2025-12-10,2,Fulfilled
893,10,2,2025-12-11,1,Fulfilled
894,10,4,2025-12-09,1,Fulfilled
895,10,3,2025-12-01,1,Fulfilled
896,10,8,2025-12-02,3,Fulfilled
897,10,1,2025-12-15,2,Fulfilled
898,10,8,2025-12-13,3,Delayed
899,10,4,2025-12-01,1,Fulfilled
900,10,8,2025-12-11,3,Fulfilled
901,10,3,2025-12-10,1,Fulfilled
902,10,4,2026-01-03,3,Fulfilled
903,10,3,2026-01-03,2,Fulfilled
904,10,2,2026-01-19,1,Fulfilled
905,10,2,2026-01-01,1,Fulfilled
906,10,7,2026-01-12,2,Fulfilled
907,10,3,2026-01-08,3,Fulfilled
908,10,6,2026-01-07,3,Fulfilled
909,10,8,2026-01-17,2,Fulfilled
910,10,6,2026-01-09,2,Fulfilled
911,10,4,2026-01-10,3,Fulfilled
912,10,8,2026-02-02,2,Fulfilled
913,10,3,2026-02-13,3,Delayed
914,10,4,2026-02-15,2,Fulfilled
915,10,3,2026-02-15,1,Fulfilled
916,10,2,2026-02-08,3,Delayed
917,10,3,2026-02-17,2,Fulfilled
918,10,1,2026-02-03,2,Fulfilled
919,10,2,2026-02-20,2,Fulfilled
920,10,7,2026-03-11,2,Fulfilled
921,10,4,2026-03-18,3,Fulfilled
922,10,1,2026-03-15,1,Fulfilled
923,10,6,2026-03-04,1,Fulfilled
924,10,2,2026-03-11,2,Fulfilled
925,10,3,2026-03-23,2,Fulfilled
926,10,8,2026-04-21,3,Fulfilled
927,10,2,2026-04-12,3,Delayed
928,10,7,2026-04-18,1,Fulfilled
929,10,3,2026-04-03,1,Fulfilled
930,10,3,2026-04-21,1,Fulfilled
931,10,1,2026-04-04,1,Fulfilled
932,10,3,2026-04-27,2,Fulfilled
933,10,2,2026-05-21,1,Fulfilled
934,10,1,2026-05-01,3,Fulfilled
935,10,7,2026-05-03,2,Fulfilled
936,10,7,2026-05-17,2,Fulfilled
937,10,7,2026-05-08,3,Fulfilled
938,10,3,2026-05-02,1,Fulfilled
939,10,3,2026-05-25,3,Fulfilled
940,10,6,2026-05-27,2,Fulfilled
941,10,4,2026-05-07,2,Fulfilled
942,10,1,2026-05-06,2,Fulfilled
943,10,1,2026-05-11,1,Delayed
944,10,6,2026-05-11,3,Fulfilled
945,10,3,2026-06-04,1,Fulfilled
946,10,7,2026-06-05,1,Fulfilled
947,10,3,2026-06-04,1,Fulfilled
948,10,7,2026-06-11,3,Fulfilled
949,10,4,2026-06-15,2,Fulfilled
950,10,8,2026-06-19,2,Fulfilled
951,10,4,2026-06-16,3,Fulfilled
952,10,3,2026-06-09,2,Fulfilled
953,10,4,2026-07-12,1,Fulfilled
954,10,2,2026-07-09,3,Delayed
955,10,6,2026-07-27,1,Fulfilled
956,10,4,2026-07-11,2,Fulfilled
957,10,7,2026-07-20,3,Fulfilled
958,10,6,2026-07-08,3,Fulfilled
959,10,2,2026-07-08,2,Fulfilled
960,11,5,2025-08-21,1,Fulfilled
961,11,8,2025-08-04,1,Fulfilled
962,11,3,2025-08-24,1,Fulfilled
963,11,2,2025-08-10,2,Fulfilled
964,11,2,2025-08-23,3,Fulfilled
965,11,8,2025-08-23,2,Fulfilled
966,11,5,2025-08-22,3,Fulfilled
967,11,5,2025-08-21,2,Fulfilled
968,11,3,2025-08-12,2,Fulfilled
969,11,5,2025-09-25,3,Fulfilled
970,11,8,2025-09-08,1,Fulfilled
971,11,2,2025-09-05,3,Fulfilled
972,11,2,2025-09-14,2,Fulfilled
973,11,8,2025-09-10,1,Fulfilled
974,11,8,2025-09-09,1,Delayed
975,11,2,2025-09-12,1,Fulfilled
976,11,2,2025-09-19,1,Fulfilled
977,11,4,2025-09-01,3,Fulfilled
978,11,5,2025-09-02,2,Fulfilled
979,11,2,2025-10-14,3,Fulfilled
980,11,8,2025-10-26,2,Fulfilled
981,11,8,2025-10-20,3,Delayed
982,11,5,2025-10-23,3,Fulfilled
983,11,5,2025-10-27,3,Fulfilled
984,11,5,2025-10-12,2,Fulfilled
985,11,8,2025-11-27,1,Fulfilled
986,11,3,2025-11-25,1,Fulfilled
987,11,8,2025-11-22,1,Fulfilled
988,11,3,2025-11-03,3,Delayed
989,11,8,2025-11-24,2,Fulfilled
990,11,4,2025-11-16,3,Fulfilled
991,11,5,2025-11-20,2,Fulfilled
992,11,8,2025-11-16,1,Fulfilled
993,11,2,2025-11-24,3,Fulfilled
994,11,4,2025-11-20,1,Fulfilled
995,11,5,2025-12-08,2,Fulfilled
996,11,5,2025-12-27,1,Fulfilled
997,11,2,2025-12-02,3,Fulfilled
998,11,3,2025-12-26,1,Fulfilled
999,11,2,2026-01-07,3,Fulfilled
1000,11,3,2026-01-23,1,Fulfilled
1001,11,3,2026-01-25,2,Fulfilled
1002,11,5,2026-01-21,2,Fulfilled
1003,11,3,2026-01-06,2,Fulfilled
1004,11,2,2026-02-23,2,Fulfilled
1005,11,5,2026-02-01,1,Fulfilled
1006,11,3,2026-02-25,1,Fulfilled
1007,11,5,2026-02-20,2,Fulfilled
1008,11,5,2026-02-14,3,Fulfilled
1009,11,8,2026-02-01,2,Fulfilled
1010,11,3,2026-02-14,3,Delayed
1011,11,5,2026-02-14,3,Fulfilled
1012,11,3,2026-03-17,1,Fulfilled
1013,11,2,2026-03-27,2,Fulfilled
1014,11,5,2026-03-07,2,Fulfilled
1015,11,3,2026-03-15,1,Fulfilled
1016,11,4,2026-03-03,1,Fulfilled
1017,11,5,2026-04-26,1,Fulfilled
1018,11,4,2026-04-11,1,Fulfilled
1019,11,4,2026-04-26,1,Fulfilled
1020,11,4,2026-04-09,2,Fulfilled
1021,11,8,2026-04-08,2,Delayed
1022,11,8,2026-04-15,1,Fulfilled
1023,11,4,2026-05-03,1,Fulfilled
1024,11,8,2026-05-04,3,Delayed
1025,11,8,2026-05-12,2,Fulfilled
1026,11,4,2026-05-08,1,Fulfilled
1027,11,8,2026-05-04,2,Fulfilled
1028,11,5,2026-05-26,2,Fulfilled
1029,11,4,2026-05-03,3,Fulfilled
1030,11,2,2026-06-11,1,Fulfilled
1031,11,3,2026-06-13,2,Fulfilled
1032,11,3,2026-06-11,3,Cancelled
1033,11,4,2026-06-22,3,Fulfilled
1034,11,8,2026-06-24,3,Delayed
1035,11,8,2026-06-21,3,Delayed
1036,11,8,2026-06-04,1,Fulfilled
1037,11,4,2026-06-13,2,Fulfilled
1038,11,3,2026-06-14,3,Delayed
1039,11,4,2026-07-17,1,Fulfilled
1040,11,3,2026-07-07,1,Fulfilled
1041,11,5,2026-07-22,2,Fulfilled
1042,11,8,2026-07-02,3,Delayed
1043,11,8,2026-07-26,1,Fulfilled
1044,11,2,2026-07-10,1,Fulfilled
1045,11,5,2026-07-16,3,Fulfilled
1046,11,3,2026-07-15,1,Fulfilled
1047,11,3,2026-07-16,3,Delayed
1048,11,8,2026-07-07,3,Delayed
1049,12,1,2025-08-01,2,Fulfilled
1050,12,6,2025-08-06,3,Delayed
1051,12,3,2025-08-09,3,Delayed
1052,12,8,2025-08-12,3,Fulfilled
1053,12,3,2025-08-18,2,Fulfilled
1054,12,8,2025-08-01,2,Fulfilled
1055,12,3,2025-08-04,2,Fulfilled
1056,12,3,2025-08-22,3,Delayed
1057,12,7,2025-08-20,2,Fulfilled
1058,12,1,2025-08-22,1,Fulfilled
1059,12,7,2025-09-10,2,Fulfilled
1060,12,2,2025-09-17,1,Fulfilled
1061,12,7,2025-09-01,3,Delayed
1062,12,8,2025-09-22,3,Fulfilled
1063,12,1,2025-09-24,3,Fulfilled
1064,12,8,2025-09-05,1,Fulfilled
1065,12,1,2025-09-05,2,Fulfilled
1066,12,6,2025-09-26,1,Fulfilled
1067,12,1,2025-09-18,3,Fulfilled
1068,12,3,2025-09-01,2,Fulfilled
1069,12,3,2025-09-05,2,Fulfilled
1070,12,8,2025-10-04,2,Fulfilled
1071,12,7,2025-10-27,3,Cancelled
1072,12,6,2025-10-13,1,Fulfilled
1073,12,3,2025-10-19,2,Fulfilled
1074,12,3,2025-10-02,1,Fulfilled
1075,12,1,2025-10-09,2,Fulfilled
1076,12,6,2025-10-10,2,Fulfilled
1077,12,6,2025-10-15,3,Fulfilled
1078,12,1,2025-10-09,3,Fulfilled
1079,12,8,2025-10-24,2,Fulfilled
1080,12,2,2025-11-11,1,Fulfilled
1081,12,8,2025-11-15,1,Fulfilled
1082,12,8,2025-11-11,3,Fulfilled
1083,12,7,2025-11-25,1,Fulfilled
1084,12,3,2025-11-14,2,Fulfilled
1085,12,8,2025-11-27,2,Fulfilled
1086,12,6,2025-11-02,3,Fulfilled
1087,12,8,2025-11-26,3,Fulfilled
1088,12,3,2025-11-06,1,Fulfilled
1089,12,7,2025-11-22,2,Fulfilled
1090,12,7,2025-11-03,3,Delayed
1091,12,3,2025-12-06,3,Cancelled
1092,12,8,2025-12-03,1,Fulfilled
1093,12,3,2025-12-11,2,Fulfilled
1094,12,6,2025-12-26,3,Fulfilled
1095,12,1,2025-12-14,3,Fulfilled
1096,12,8,2025-12-03,2,Fulfilled
1097,12,2,2026-01-01,3,Delayed
1098,12,1,2026-01-24,1,Fulfilled
1099,12,8,2026-01-27,3,Fulfilled
1100,12,6,2026-01-14,2,Fulfilled
1101,12,1,2026-01-19,2,Fulfilled
1102,12,6,2026-01-13,1,Fulfilled
1103,12,2,2026-02-02,2,Fulfilled
1104,12,1,2026-02-26,3,Fulfilled
1105,12,6,2026-02-16,3,Fulfilled
1106,12,8,2026-02-09,1,Fulfilled
1107,12,6,2026-02-10,3,Fulfilled
1108,12,6,2026-02-10,3,Fulfilled
1109,12,7,2026-02-20,3,Delayed
1110,12,7,2026-02-10,2,Fulfilled
1111,12,6,2026-02-20,2,Fulfilled
1112,12,7,2026-02-20,1,Fulfilled
1113,12,7,2026-02-26,1,Fulfilled
1114,12,1,2026-02-26,3,Fulfilled
1115,12,8,2026-03-06,1,Fulfilled
1116,12,1,2026-03-23,1,Fulfilled
1117,12,6,2026-03-17,2,Fulfilled
1118,12,8,2026-03-03,1,Fulfilled
1119,12,1,2026-03-06,2,Fulfilled
1120,12,7,2026-04-26,3,Delayed
1121,12,1,2026-04-13,3,Fulfilled
1122,12,2,2026-04-21,3,Fulfilled
1123,12,7,2026-04-11,1,Fulfilled
1124,12,7,2026-04-20,2,Fulfilled
1125,12,6,2026-04-05,2,Fulfilled
1126,12,7,2026-04-01,3,Delayed
1127,12,1,2026-04-02,1,Fulfilled
1128,12,1,2026-05-26,3,Fulfilled
1129,12,6,2026-05-05,2,Fulfilled
1130,12,8,2026-05-08,1,Fulfilled
1131,12,6,2026-05-03,1,Fulfilled
1132,12,8,2026-05-18,1,Fulfilled
1133,12,8,2026-05-06,3,Fulfilled
1134,12,6,2026-05-04,1,Fulfilled
1135,12,7,2026-05-14,2,Cancelled
1136,12,3,2026-06-10,1,Fulfilled
1137,12,3,2026-06-10,1,Fulfilled
1138,12,6,2026-06-09,1,Fulfilled
1139,12,7,2026-06-05,2,Cancelled
1140,12,2,2026-06-04,2,Fulfilled
1141,12,1,2026-06-20,3,Delayed
1142,12,3,2026-07-18,1,Fulfilled
1143,12,2,2026-07-20,3,Fulfilled
1144,12,8,2026-07-05,2,Fulfilled
1145,12,8,2026-07-23,1,Fulfilled
1146,13,2,2025-08-14,3,Fulfilled
1147,13,3,2025-08-15,3,Fulfilled
1148,13,3,2025-08-18,2,Fulfilled
1149,13,5,2025-08-26,3,Fulfilled
1150,13,3,2025-08-15,2,Fulfilled
1151,13,3,2025-08-26,2,Fulfilled
1152,13,1,2025-08-07,1,Fulfilled
1153,13,2,2025-08-04,3,Fulfilled
1154,13,3,2025-08-25,1,Fulfilled
1155,13,3,2025-08-06,1,Fulfilled
1156,13,2,2025-08-26,3,Fulfilled
1157,13,1,2025-09-17,1,Fulfilled
1158,13,2,2025-09-15,3,Fulfilled
1159,13,5,2025-09-21,1,Fulfilled
1160,13,1,2025-09-01,3,Fulfilled
1161,13,1,2025-09-25,2,Fulfilled
1162,13,1,2025-09-21,3,Fulfilled
1163,13,1,2025-09-05,1,Fulfilled
1164,13,1,2025-09-23,2,Fulfilled
1165,13,5,2025-09-20,3,Fulfilled
1166,13,3,2025-09-03,1,Fulfilled
1167,13,5,2025-09-19,1,Fulfilled
1168,13,3,2025-09-06,2,Delayed
1169,13,5,2025-10-17,1,Fulfilled
1170,13,2,2025-10-16,3,Fulfilled
1171,13,1,2025-10-04,2,Fulfilled
1172,13,3,2025-10-27,2,Fulfilled
1173,13,5,2025-10-07,1,Fulfilled
1174,13,3,2025-10-20,3,Fulfilled
1175,13,2,2025-10-05,3,Fulfilled
1176,13,1,2025-10-21,2,Fulfilled
1177,13,1,2025-11-10,2,Fulfilled
1178,13,3,2025-11-09,2,Fulfilled
1179,13,5,2025-11-20,2,Fulfilled
1180,13,2,2025-11-20,2,Fulfilled
1181,13,2,2025-11-10,1,Fulfilled
1182,13,1,2025-11-16,1,Fulfilled
1183,13,1,2025-11-16,3,Fulfilled
1184,13,2,2025-11-06,3,Fulfilled
1185,13,2,2025-11-08,3,Fulfilled
1186,13,2,2025-12-10,3,Fulfilled
1187,13,3,2025-12-11,2,Fulfilled
1188,13,5,2025-12-12,2,Fulfilled
1189,13,3,2025-12-25,2,Fulfilled
1190,13,3,2025-12-01,3,Fulfilled
1191,13,1,2025-12-08,2,Fulfilled
1192,13,3,2025-12-23,1,Fulfilled
1193,13,5,2025-12-01,1,Fulfilled
1194,13,3,2025-12-08,3,Fulfilled
1195,13,5,2026-01-19,3,Fulfilled
1196,13,1,2026-01-14,3,Fulfilled
1197,13,3,2026-01-03,1,Fulfilled
1198,13,1,2026-01-06,2,Fulfilled
1199,13,2,2026-01-18,2,Fulfilled
1200,13,1,2026-01-23,3,Fulfilled
1201,13,5,2026-01-04,2,Fulfilled
1202,13,1,2026-01-02,1,Fulfilled
1203,13,3,2026-01-22,3,Fulfilled
1204,13,1,2026-01-19,2,Fulfilled
1205,13,5,2026-02-02,3,Fulfilled
1206,13,5,2026-02-26,2,Fulfilled
1207,13,5,2026-02-07,1,Fulfilled
1208,13,1,2026-02-20,3,Fulfilled
1209,13,3,2026-02-03,3,Fulfilled
1210,13,5,2026-02-19,2,Fulfilled
1211,13,5,2026-02-26,3,Fulfilled
1212,13,3,2026-02-03,3,Fulfilled
1213,13,5,2026-02-26,2,Fulfilled
1214,13,1,2026-03-27,1,Fulfilled
1215,13,2,2026-03-13,1,Fulfilled
1216,13,1,2026-03-04,1,Fulfilled
1217,13,3,2026-03-16,3,Fulfilled
1218,13,1,2026-03-06,2,Fulfilled
1219,13,2,2026-04-09,1,Fulfilled
1220,13,1,2026-04-07,3,Fulfilled
1221,13,2,2026-04-08,1,Fulfilled
1222,13,5,2026-04-03,2,Fulfilled
1223,13,3,2026-04-01,3,Fulfilled
1224,13,5,2026-04-11,3,Fulfilled
1225,13,2,2026-04-26,1,Fulfilled
1226,13,5,2026-04-01,2,Delayed
1227,13,5,2026-04-25,2,Fulfilled
1228,13,1,2026-04-23,1,Fulfilled
1229,13,3,2026-04-23,3,Fulfilled
1230,13,2,2026-05-15,2,Fulfilled
1231,13,5,2026-05-17,1,Fulfilled
1232,13,2,2026-05-12,1,Fulfilled
1233,13,1,2026-05-25,3,Fulfilled
1234,13,2,2026-05-17,1,Fulfilled
1235,13,1,2026-05-15,1,Fulfilled
1236,13,1,2026-05-17,2,Delayed
1237,13,5,2026-05-01,3,Fulfilled
1238,13,1,2026-05-25,2,Delayed
1239,13,1,2026-05-04,3,Fulfilled
1240,13,5,2026-05-25,3,Fulfilled
1241,13,5,2026-05-03,3,Fulfilled
1242,13,3,2026-06-24,2,Fulfilled
1243,13,2,2026-06-19,2,Fulfilled
1244,13,2,2026-06-15,3,Fulfilled
1245,13,3,2026-06-03,2,Fulfilled
1246,13,2,2026-06-10,2,Fulfilled
1247,13,5,2026-06-25,2,Fulfilled
1248,13,3,2026-06-14,3,Fulfilled
1249,13,1,2026-06-24,3,Fulfilled
1250,13,3,2026-06-20,1,Fulfilled
1251,13,5,2026-06-26,3,Fulfilled
1252,13,3,2026-07-01,1,Fulfilled
1253,13,5,2026-07-17,1,Fulfilled
1254,13,1,2026-07-07,1,Fulfilled
1255,13,3,2026-07-27,2,Fulfilled
1256,13,3,2026-07-23,3,Fulfilled
1257,13,3,2026-07-27,2,Fulfilled
1258,13,5,2026-07-21,1,Fulfilled
1259,13,2,2026-07-05,3,Fulfilled
1260,14,4,2025-08-05,2,Fulfilled
1261,14,4,2025-08-26,3,Fulfilled
1262,14,8,2025-08-22,2,Fulfilled
1263,14,4,2025-08-18,2,Fulfilled
1264,14,8,2025-08-07,3,Cancelled
1265,14,8,2025-09-10,2,Fulfilled
1266,14,6,2025-09-08,1,Fulfilled
1267,14,7,2025-09-15,3,Delayed
1268,14,4,2025-09-19,2,Fulfilled
1269,14,8,2025-09-22,3,Delayed
1270,14,8,2025-10-10,2,Fulfilled
1271,14,8,2025-10-10,2,Fulfilled
1272,14,7,2025-10-14,2,Fulfilled
1273,14,6,2025-10-07,2,Fulfilled
1274,14,6,2025-11-23,3,Fulfilled
1275,14,7,2025-11-26,2,Fulfilled
1276,14,7,2025-11-15,3,Fulfilled
1277,14,7,2025-11-21,2,Fulfilled
1278,14,8,2025-11-13,2,Fulfilled
1279,14,6,2025-11-01,2,Fulfilled
1280,14,8,2025-12-08,2,Fulfilled
1281,14,7,2025-12-02,3,Fulfilled
1282,14,7,2025-12-21,3,Fulfilled
1283,14,4,2025-12-06,2,Fulfilled
1284,14,6,2025-12-16,1,Fulfilled
1285,14,6,2025-12-11,3,Fulfilled
1286,14,6,2025-12-25,1,Fulfilled
1287,14,4,2026-01-24,2,Fulfilled
1288,14,6,2026-01-07,2,Fulfilled
1289,14,8,2026-01-15,2,Fulfilled
1290,14,8,2026-01-03,1,Fulfilled
1291,14,8,2026-01-22,2,Fulfilled
1292,14,6,2026-01-25,2,Fulfilled
1293,14,8,2026-01-01,2,Fulfilled
1294,14,8,2026-01-08,1,Fulfilled
1295,14,6,2026-01-22,3,Fulfilled
1296,14,8,2026-02-25,3,Cancelled
1297,14,6,2026-02-04,2,Fulfilled
1298,14,6,2026-02-13,2,Fulfilled
1299,14,8,2026-02-26,3,Delayed
1300,14,8,2026-02-13,1,Fulfilled
1301,14,8,2026-02-20,3,Delayed
1302,14,4,2026-03-19,3,Fulfilled
1303,14,7,2026-03-22,1,Fulfilled
1304,14,7,2026-03-19,1,Fulfilled
1305,14,6,2026-03-12,1,Fulfilled
1306,14,4,2026-03-20,2,Fulfilled
1307,14,7,2026-03-12,1,Fulfilled
1308,14,6,2026-04-24,2,Fulfilled
1309,14,4,2026-04-23,3,Fulfilled
1310,14,4,2026-04-10,1,Fulfilled
1311,14,8,2026-04-05,3,Delayed
1312,14,4,2026-04-05,2,Fulfilled
1313,14,8,2026-04-24,3,Delayed
1314,14,7,2026-04-27,1,Fulfilled
1315,14,7,2026-04-10,3,Fulfilled
1316,14,7,2026-05-19,3,Fulfilled
1317,14,8,2026-05-08,2,Delayed
1318,14,4,2026-05-04,3,Fulfilled
1319,14,8,2026-05-17,3,Delayed
1320,14,8,2026-06-01,1,Fulfilled
1321,14,8,2026-06-27,2,Delayed
1322,14,8,2026-06-17,2,Delayed
1323,14,8,2026-06-07,2,Cancelled
1324,14,8,2026-06-25,1,Fulfilled
1325,14,4,2026-06-22,2,Fulfilled
1326,14,4,2026-07-19,2,Fulfilled
1327,14,6,2026-07-10,3,Delayed
1328,14,8,2026-07-08,1,Fulfilled
1329,14,6,2026-07-09,3,Cancelled
1330,14,6,2026-07-08,2,Fulfilled
1331,15,8,2025-08-03,3,Fulfilled
1332,15,1,2025-08-25,2,Fulfilled
1333,15,2,2025-08-19,1,Fulfilled
1334,15,8,2025-08-06,3,Fulfilled
1335,15,8,2025-08-08,1,Fulfilled
1336,15,2,2025-08-08,1,Fulfilled
1337,15,3,2025-08-21,1,Fulfilled
1338,15,4,2025-08-19,1,Fulfilled
1339,15,1,2025-09-21,3,Fulfilled
1340,15,6,2025-09-05,3,Fulfilled
1341,15,8,2025-09-24,3,Delayed
1342,15,1,2025-09-08,3,Fulfilled
1343,15,6,2025-09-26,2,Fulfilled
1344,15,1,2025-10-02,3,Fulfilled
1345,15,4,2025-10-08,1,Fulfilled
1346,15,1,2025-10-20,1,Fulfilled
1347,15,8,2025-10-10,2,Fulfilled
1348,15,2,2025-10-08,1,Fulfilled
1349,15,1,2025-11-13,2,Fulfilled
1350,15,4,2025-11-05,3,Fulfilled
1351,15,7,2025-11-13,2,Fulfilled
1352,15,8,2025-11-26,3,Fulfilled
1353,15,2,2025-11-19,2,Fulfilled
1354,15,8,2025-11-18,2,Fulfilled
1355,15,2,2025-11-11,1,Fulfilled
1356,15,8,2025-11-14,1,Fulfilled
1357,15,4,2025-11-05,3,Fulfilled
1358,15,1,2025-11-24,2,Fulfilled
1359,15,4,2025-12-24,3,Delayed
1360,15,7,2025-12-09,3,Fulfilled
1361,15,2,2025-12-11,3,Delayed
1362,15,4,2025-12-03,2,Fulfilled
1363,15,7,2025-12-05,1,Fulfilled
1364,15,3,2025-12-06,1,Fulfilled
1365,15,8,2025-12-16,1,Fulfilled
1366,15,7,2025-12-07,1,Fulfilled
1367,15,8,2025-12-06,1,Fulfilled
1368,15,1,2025-12-03,1,Fulfilled
1369,15,8,2025-12-10,3,Fulfilled
1370,15,6,2026-01-17,2,Fulfilled
1371,15,7,2026-01-01,3,Fulfilled
1372,15,2,2026-01-25,2,Fulfilled
1373,15,8,2026-01-08,2,Fulfilled
1374,15,4,2026-01-23,2,Fulfilled
1375,15,2,2026-02-07,2,Fulfilled
1376,15,2,2026-02-20,3,Delayed
1377,15,1,2026-02-19,1,Fulfilled
1378,15,6,2026-02-04,1,Fulfilled
1379,15,7,2026-02-23,2,Fulfilled
1380,15,2,2026-02-11,1,Fulfilled
1381,15,8,2026-02-15,2,Fulfilled
1382,15,7,2026-03-25,3,Fulfilled
1383,15,6,2026-03-12,3,Fulfilled
1384,15,4,2026-03-11,3,Cancelled
1385,15,6,2026-03-11,3,Fulfilled
1386,15,4,2026-03-06,3,Cancelled
1387,15,8,2026-03-23,3,Fulfilled
1388,15,3,2026-04-23,2,Fulfilled
1389,15,4,2026-04-24,2,Fulfilled
1390,15,1,2026-04-10,2,Fulfilled
1391,15,1,2026-04-07,1,Fulfilled
1392,15,4,2026-04-02,2,Fulfilled
1393,15,4,2026-04-01,2,Fulfilled
1394,15,1,2026-04-12,3,Fulfilled
1395,15,6,2026-04-23,2,Fulfilled
1396,15,2,2026-04-16,3,Delayed
1397,15,1,2026-05-07,2,Fulfilled
1398,15,1,2026-05-21,2,Fulfilled
1399,15,2,2026-05-16,1,Fulfilled
1400,15,8,2026-05-08,2,Fulfilled
1401,15,1,2026-05-12,2,Fulfilled
1402,15,3,2026-05-11,3,Fulfilled
1403,15,2,2026-05-24,3,Delayed
1404,15,8,2026-05-10,3,Delayed
1405,15,7,2026-05-13,1,Fulfilled
1406,15,1,2026-05-12,3,Fulfilled
1407,15,1,2026-06-23,1,Fulfilled
1408,15,1,2026-06-17,2,Fulfilled
1409,15,7,2026-06-26,2,Fulfilled
1410,15,8,2026-06-07,3,Delayed
1411,15,4,2026-06-19,2,Fulfilled
1412,15,2,2026-06-26,3,Delayed
1413,15,4,2026-06-26,3,Delayed
1414,15,1,2026-06-11,2,Fulfilled
1415,15,2,2026-06-24,2,Delayed
1416,15,3,2026-06-05,1,Fulfilled
1417,15,6,2026-06-26,2,Fulfilled
1418,15,1,2026-06-13,1,Fulfilled
1419,15,3,2026-07-01,3,Fulfilled
1420,15,2,2026-07-07,3,Delayed
1421,15,7,2026-07-03,3,Delayed
1422,15,6,2026-07-07,3,Cancelled
1423,15,8,2026-07-17,3,Delayed
1424,15,3,2026-07-03,1,Fulfilled
1425,15,7,2026-07-15,1,Fulfilled
1426,16,6,2025-08-16,1,Fulfilled
1427,16,2,2025-08-10,1,Fulfilled
1428,16,6,2025-08-24,1,Fulfilled
1429,16,8,2025-08-24,1,Fulfilled
1430,16,8,2025-08-10,2,Fulfilled
1431,16,2,2025-08-06,3,Fulfilled
1432,16,2,2025-08-01,3,Fulfilled
1433,16,4,2025-08-01,2,Fulfilled
1434,16,8,2025-08-06,3,Fulfilled
1435,16,4,2025-08-08,2,Fulfilled
1436,16,8,2025-08-05,3,Fulfilled
1437,16,4,2025-09-07,3,Fulfilled
1438,16,4,2025-09-11,1,Fulfilled
1439,16,2,2025-09-26,2,Fulfilled
1440,16,4,2025-09-06,3,Fulfilled
1441,16,6,2025-09-12,2,Fulfilled
1442,16,2,2025-09-17,1,Fulfilled
1443,16,8,2025-09-25,2,Fulfilled
1444,16,8,2025-09-23,1,Fulfilled
1445,16,6,2025-09-09,2,Fulfilled
1446,16,4,2025-09-21,2,Fulfilled
1447,16,2,2025-10-08,1,Fulfilled
1448,16,4,2025-10-21,2,Fulfilled
1449,16,4,2025-10-07,3,Fulfilled
1450,16,6,2025-10-25,3,Delayed
1451,16,6,2025-10-15,1,Fulfilled
1452,16,8,2025-11-17,1,Delayed
1453,16,2,2025-11-18,3,Fulfilled
1454,16,6,2025-11-10,1,Fulfilled
1455,16,4,2025-11-06,2,Fulfilled
1456,16,6,2025-11-11,3,Delayed
1457,16,8,2025-11-15,3,Fulfilled
1458,16,8,2025-11-11,1,Fulfilled
1459,16,4,2025-11-07,3,Delayed
1460,16,6,2025-12-27,1,Fulfilled
1461,16,8,2025-12-16,1,Fulfilled
1462,16,2,2025-12-23,2,Fulfilled
1463,16,2,2025-12-14,3,Delayed
1464,16,4,2025-12-04,2,Fulfilled
1465,16,8,2025-12-12,3,Fulfilled
1466,16,2,2025-12-06,3,Cancelled
1467,16,4,2025-12-04,1,Fulfilled
1468,16,8,2025-12-05,3,Fulfilled
1469,16,8,2026-01-13,1,Fulfilled
1470,16,2,2026-01-01,1,Delayed
1471,16,8,2026-01-19,1,Fulfilled
1472,16,4,2026-01-11,3,Fulfilled
1473,16,4,2026-01-23,2,Fulfilled
1474,16,4,2026-01-12,3,Delayed
1475,16,8,2026-01-23,3,Fulfilled
1476,16,4,2026-01-02,1,Fulfilled
1477,16,4,2026-02-12,1,Fulfilled
1478,16,8,2026-02-26,1,Fulfilled
1479,16,8,2026-02-25,1,Fulfilled
1480,16,2,2026-02-22,1,Fulfilled
1481,16,4,2026-02-26,1,Fulfilled
1482,16,6,2026-03-06,2,Fulfilled
1483,16,2,2026-03-25,2,Fulfilled
1484,16,8,2026-03-25,3,Fulfilled
1485,16,4,2026-03-21,3,Fulfilled
1486,16,2,2026-03-26,1,Delayed
1487,16,2,2026-04-26,1,Fulfilled
1488,16,2,2026-04-22,1,Fulfilled
1489,16,6,2026-04-02,1,Fulfilled
1490,16,6,2026-04-22,1,Fulfilled
1491,16,4,2026-04-19,1,Fulfilled
1492,16,4,2026-04-17,3,Delayed
1493,16,6,2026-05-14,2,Fulfilled
1494,16,2,2026-05-23,3,Cancelled
1495,16,8,2026-05-16,2,Fulfilled
1496,16,8,2026-05-06,3,Fulfilled
1497,16,8,2026-05-24,2,Fulfilled
1498,16,2,2026-05-27,1,Fulfilled
1499,16,2,2026-06-11,2,Fulfilled
1500,16,8,2026-06-21,3,Fulfilled
1501,16,8,2026-06-13,2,Fulfilled
1502,16,2,2026-06-03,2,Fulfilled
1503,16,4,2026-06-05,2,Fulfilled
1504,16,2,2026-06-02,3,Delayed
1505,16,2,2026-06-21,3,Cancelled
1506,16,6,2026-06-21,2,Delayed
1507,16,6,2026-06-12,3,Delayed
1508,16,6,2026-06-26,1,Fulfilled
1509,16,6,2026-06-20,3,Delayed
1510,16,8,2026-06-16,1,Fulfilled
1511,16,8,2026-07-13,1,Fulfilled
1512,16,4,2026-07-11,2,Cancelled
1513,16,8,2026-07-09,3,Delayed
1514,16,2,2026-07-09,1,Fulfilled
1515,16,4,2026-07-10,2,Cancelled
1516,16,8,2026-07-09,3,Delayed
1517,16,8,2026-07-01,1,Fulfilled
1518,16,4,2026-07-26,3,Cancelled
1519,17,6,2025-08-19,3,Delayed
1520,17,8,2025-08-21,3,Delayed
1521,17,3,2025-08-18,1,Fulfilled
1522,17,8,2025-08-05,2,Fulfilled
1523,17,6,2025-08-23,1,Fulfilled
1524,17,5,2025-08-12,2,Fulfilled
1525,17,8,2025-08-16,1,Fulfilled
1526,17,7,2025-08-15,2,Fulfilled
1527,17,7,2025-08-17,1,Fulfilled
1528,17,5,2025-08-01,1,Fulfilled
1529,17,3,2025-09-20,3,Fulfilled
1530,17,7,2025-09-15,2,Fulfilled
1531,17,5,2025-09-23,3,Fulfilled
1532,17,5,2025-09-05,1,Fulfilled
1533,17,7,2025-10-14,2,Fulfilled
1534,17,6,2025-10-25,2,Fulfilled
1535,17,7,2025-10-21,1,Fulfilled
1536,17,6,2025-10-09,1,Fulfilled
1537,17,3,2025-10-06,1,Fulfilled
1538,17,6,2025-10-15,2,Fulfilled
1539,17,3,2025-10-23,1,Fulfilled
1540,17,6,2025-10-18,2,Fulfilled
1541,17,3,2025-10-03,1,Fulfilled
1542,17,3,2025-10-10,1,Delayed
1543,17,6,2025-11-16,2,Fulfilled
1544,17,3,2025-11-19,1,Fulfilled
1545,17,6,2025-11-02,2,Fulfilled
1546,17,8,2025-11-15,1,Fulfilled
1547,17,8,2025-11-24,3,Delayed
1548,17,7,2025-11-14,2,Fulfilled
1549,17,8,2025-11-15,2,Cancelled
1550,17,7,2025-12-09,3,Fulfilled
1551,17,5,2025-12-24,3,Fulfilled
1552,17,7,2025-12-04,3,Fulfilled
1553,17,3,2025-12-08,2,Fulfilled
1554,17,6,2025-12-18,3,Cancelled
1555,17,7,2025-12-10,1,Fulfilled
1556,17,6,2025-12-01,1,Fulfilled
1557,17,7,2025-12-27,2,Fulfilled
1558,17,6,2025-12-15,2,Fulfilled
1559,17,8,2025-12-27,2,Fulfilled
1560,17,5,2025-12-06,1,Fulfilled
1561,17,3,2026-01-24,2,Fulfilled
1562,17,8,2026-01-12,1,Fulfilled
1563,17,3,2026-01-06,3,Fulfilled
1564,17,5,2026-01-09,3,Fulfilled
1565,17,3,2026-02-24,3,Fulfilled
1566,17,5,2026-02-17,2,Fulfilled
1567,17,8,2026-02-22,1,Fulfilled
1568,17,3,2026-02-27,1,Delayed
1569,17,5,2026-02-06,2,Fulfilled
1570,17,6,2026-02-09,3,Delayed
1571,17,7,2026-02-15,3,Fulfilled
1572,17,3,2026-02-15,2,Fulfilled
1573,17,6,2026-03-16,2,Fulfilled
1574,17,3,2026-03-14,1,Fulfilled
1575,17,8,2026-03-09,2,Fulfilled
1576,17,3,2026-03-12,3,Fulfilled
1577,17,5,2026-03-11,1,Fulfilled
1578,17,6,2026-03-13,2,Fulfilled
1579,17,7,2026-03-03,3,Fulfilled
1580,17,5,2026-03-23,2,Fulfilled
1581,17,6,2026-03-19,3,Cancelled
1582,17,8,2026-04-08,1,Fulfilled
1583,17,8,2026-04-06,2,Cancelled
1584,17,7,2026-04-01,2,Fulfilled
1585,17,7,2026-04-15,2,Fulfilled
1586,17,5,2026-04-02,3,Fulfilled
1587,17,3,2026-04-01,3,Delayed
1588,17,8,2026-04-24,1,Fulfilled
1589,17,3,2026-04-08,2,Fulfilled
1590,17,8,2026-04-07,1,Fulfilled
1591,17,7,2026-04-08,1,Fulfilled
1592,17,8,2026-04-08,2,Delayed
1593,17,5,2026-05-17,2,Fulfilled
1594,17,7,2026-05-15,3,Delayed
1595,17,3,2026-05-07,2,Fulfilled
1596,17,6,2026-05-12,2,Delayed
1597,17,5,2026-05-02,3,Fulfilled
1598,17,7,2026-05-21,3,Delayed
1599,17,3,2026-05-12,2,Fulfilled
1600,17,5,2026-05-26,3,Fulfilled
1601,17,8,2026-05-22,1,Fulfilled
1602,17,5,2026-05-04,3,Fulfilled
1603,17,5,2026-05-16,1,Fulfilled
1604,17,5,2026-05-27,3,Fulfilled
1605,17,3,2026-06-21,3,Delayed
1606,17,7,2026-06-20,3,Delayed
1607,17,8,2026-06-18,2,Delayed
1608,17,3,2026-06-06,3,Delayed
1609,17,8,2026-06-19,2,Delayed
1610,17,3,2026-06-25,1,Fulfilled
1611,17,7,2026-06-07,2,Fulfilled
1612,17,5,2026-06-15,1,Fulfilled
1613,17,8,2026-07-25,3,Delayed
1614,17,3,2026-07-22,1,Fulfilled
1615,17,8,2026-07-26,3,Delayed
1616,17,7,2026-07-26,2,Fulfilled
1617,17,8,2026-07-18,1,Fulfilled
1618,17,6,2026-07-05,1,Fulfilled
1619,17,5,2026-07-09,2,Fulfilled
1620,18,5,2025-08-16,3,Fulfilled
1621,18,2,2025-08-12,1,Fulfilled
1622,18,4,2025-08-01,2,Fulfilled
1623,18,5,2025-08-24,2,Fulfilled
1624,18,6,2025-08-09,1,Fulfilled
1625,18,3,2025-08-18,3,Fulfilled
1626,18,1,2025-08-24,2,Fulfilled
1627,18,5,2025-08-09,1,Delayed
1628,18,8,2025-09-12,2,Fulfilled
1629,18,1,2025-09-18,3,Fulfilled
1630,18,6,2025-09-05,1,Fulfilled
1631,18,8,2025-09-24,2,Fulfilled
1632,18,1,2025-09-18,3,Fulfilled
1633,18,2,2025-09-23,3,Delayed
1634,18,6,2025-09-26,1,Fulfilled
1635,18,1,2025-09-18,1,Fulfilled
1636,18,3,2025-10-24,1,Fulfilled
1637,18,2,2025-10-12,1,Fulfilled
1638,18,6,2025-10-09,2,Fulfilled
1639,18,5,2025-10-18,3,Fulfilled
1640,18,1,2025-10-18,2,Fulfilled
1641,18,6,2025-10-15,1,Fulfilled
1642,18,1,2025-10-14,1,Fulfilled
1643,18,4,2025-10-09,1,Fulfilled
1644,18,4,2025-10-18,2,Fulfilled
1645,18,8,2025-10-13,2,Fulfilled
1646,18,2,2025-11-26,2,Delayed
1647,18,2,2025-11-06,1,Fulfilled
1648,18,2,2025-11-06,1,Fulfilled
1649,18,1,2025-11-23,2,Fulfilled
1650,18,2,2025-11-08,2,Delayed
1651,18,2,2025-11-24,3,Fulfilled
1652,18,2,2025-12-14,2,Fulfilled
1653,18,8,2025-12-25,1,Fulfilled
1654,18,1,2025-12-17,2,Fulfilled
1655,18,4,2025-12-04,2,Fulfilled
1656,18,3,2026-01-19,1,Fulfilled
1657,18,8,2026-01-06,3,Delayed
1658,18,1,2026-01-21,2,Fulfilled
1659,18,5,2026-01-20,1,Fulfilled
1660,18,3,2026-02-05,1,Fulfilled
1661,18,1,2026-02-14,3,Fulfilled
1662,18,6,2026-02-19,1,Fulfilled
1663,18,1,2026-02-14,2,Fulfilled
1664,18,5,2026-02-15,2,Fulfilled
1665,18,2,2026-03-07,1,Fulfilled
1666,18,5,2026-03-10,3,Fulfilled
1667,18,1,2026-03-16,2,Fulfilled
1668,18,1,2026-03-01,2,Fulfilled
1669,18,8,2026-03-13,3,Delayed
1670,18,1,2026-04-11,3,Fulfilled
1671,18,1,2026-04-06,2,Fulfilled
1672,18,1,2026-04-27,2,Fulfilled
1673,18,1,2026-04-14,1,Fulfilled
1674,18,2,2026-04-19,3,Cancelled
1675,18,4,2026-05-19,3,Delayed
1676,18,2,2026-05-10,3,Delayed
1677,18,1,2026-05-16,2,Fulfilled
1678,18,2,2026-05-21,3,Delayed
1679,18,3,2026-05-21,2,Fulfilled
1680,18,2,2026-05-18,3,Delayed
1681,18,3,2026-05-19,2,Fulfilled
1682,18,6,2026-05-16,3,Fulfilled
1683,18,8,2026-06-24,3,Delayed
1684,18,3,2026-06-15,2,Fulfilled
1685,18,3,2026-06-22,3,Delayed
1686,18,2,2026-06-24,1,Fulfilled
1687,18,6,2026-06-05,2,Fulfilled
1688,18,6,2026-06-25,1,Fulfilled
1689,18,8,2026-06-08,3,Delayed
1690,18,3,2026-06-21,2,Fulfilled
1691,18,2,2026-06-27,3,Delayed
1692,18,8,2026-06-26,1,Fulfilled
1693,18,5,2026-07-14,3,Delayed
1694,18,3,2026-07-05,1,Fulfilled
1695,18,6,2026-07-09,3,Delayed
1696,18,4,2026-07-17,1,Fulfilled
