demand_id,site_id,product_id,usage_month,qty_used
1,1,12,2025-08-01,1
2,1,12,2025-09-01,1
3,1,12,2025-10-01,1
4,1,12,2025-11-01,1
5,1,12,2025-12-01,1
6,1,12,2026-01-01,1
7,1,12,2026-02-01,1
8,1,12,2026-03-01,1
9,1,12,2026-04-01,1
10,1,12,2026-05-01,1
11,1,12,2026-06-01,1
12,1,12,2026-07-01,1
13,1,21,2025-08-01,13
14,1,21,2025-09-01,7
15,1,21,2025-10-01,4
16,1,21,2025-11-01,5
17,1,21,2025-12-01,7
18,1,21,2026-01-01,13
19,1,21,2026-02-01,8
20,1,21,2026-03-01,7
21,1,21,2026-04-01,6
22,1,21,2026-05-01,5
23,1,21,2026-06-01,10
24,1,21,2026-07-01,8
25,1,3,2025-08-01,2
26,1,3,2025-09-01,2
27,1,3,2025-10-01,2
28,1,3,2025-11-01,1
29,1,3,2025-12-01,1
30,1,3,2026-01-01,1
31,1,3,2026-02-01,1
32,1,3,2026-03-01,2
33,1,3,2026-04-01,1
34,1,3,2026-05-01,2
35,1,3,2026-06-01,2
36,1,3,2026-07-01,1
37,1,5,2025-08-01,1
38,1,5,2025-09-01,2
39,1,5,2025-10-01,1
40,1,5,2025-11-01,2
41,1,5,2025-12-01,1
42,1,5,2026-01-01,2
43,1,5,2026-02-01,2
44,1,5,2026-03-01,2
45,1,5,2026-04-01,2
46,1,5,2026-05-01,2
47,1,5,2026-06-01,2
48,1,5,2026-07-01,2
49,1,8,2025-08-01,2
50,1,8,2025-09-01,1
51,1,8,2025-10-01,1
52,1,8,2025-11-01,1
53,1,8,2025-12-01,2
54,1,8,2026-01-01,1
55,1,8,2026-02-01,2
56,1,8,2026-03-01,2
57,1,8,2026-04-01,2
58,1,8,2026-05-01,1
59,1,8,2026-06-01,1
60,1,8,2026-07-01,2
61,1,1,2025-08-01,9
62,1,1,2025-09-01,9
63,1,1,2025-10-01,1
64,1,1,2025-11-01,0
65,1,1,2025-12-01,1
66,1,1,2026-01-01,0
67,1,1,2026-02-01,0
68,1,1,2026-03-01,0
69,1,1,2026-04-01,6
70,1,1,2026-05-01,9
71,1,1,2026-06-01,1
72,1,1,2026-07-01,0
73,1,6,2025-08-01,2
74,1,6,2025-09-01,1
75,1,6,2025-10-01,2
76,1,6,2025-11-01,1
77,1,6,2025-12-01,2
78,1,6,2026-01-01,1
79,1,6,2026-02-01,2
80,1,6,2026-03-01,2
81,1,6,2026-04-01,1
82,1,6,2026-05-01,1
83,1,6,2026-06-01,2
84,1,6,2026-07-01,2
85,1,24,2025-08-01,45
86,1,24,2025-09-01,40
87,1,24,2025-10-01,23
88,1,24,2025-11-01,36
89,1,24,2025-12-01,47
90,1,24,2026-01-01,32
91,1,24,2026-02-01,48
92,1,24,2026-03-01,40
93,1,24,2026-04-01,37
94,1,24,2026-05-01,54
95,1,24,2026-06-01,19
96,1,24,2026-07-01,32
97,1,15,2025-08-01,11
98,1,15,2025-09-01,12
99,1,15,2025-10-01,13
100,1,15,2025-11-01,8
101,1,15,2025-12-01,9
102,1,15,2026-01-01,10
103,1,15,2026-02-01,11
104,1,15,2026-03-01,9
105,1,15,2026-04-01,10
106,1,15,2026-05-01,9
107,1,15,2026-06-01,9
108,1,15,2026-07-01,6
109,1,2,2025-08-01,1
110,1,2,2025-09-01,1
111,1,2,2025-10-01,1
112,1,2,2025-11-01,1
113,1,2,2025-12-01,1
114,1,2,2026-01-01,1
115,1,2,2026-02-01,2
116,1,2,2026-03-01,2
117,1,2,2026-04-01,2
118,1,2,2026-05-01,1
119,1,2,2026-06-01,1
120,1,2,2026-07-01,2
121,1,23,2025-08-01,39
122,1,23,2025-09-01,35
123,1,23,2025-10-01,38
124,1,23,2025-11-01,31
125,1,23,2025-12-01,34
126,1,23,2026-01-01,33
127,1,23,2026-02-01,37
128,1,23,2026-03-01,48
129,1,23,2026-04-01,45
130,1,23,2026-05-01,59
131,1,23,2026-06-01,55
132,1,23,2026-07-01,63
133,1,13,2025-08-01,1
134,1,13,2025-09-01,1
135,1,13,2025-10-01,1
136,1,13,2025-11-01,1
137,1,13,2025-12-01,1
138,1,13,2026-01-01,1
139,1,13,2026-02-01,1
140,1,13,2026-03-01,1
141,1,13,2026-04-01,1
142,1,13,2026-05-01,1
143,1,13,2026-06-01,1
144,1,13,2026-07-01,1
145,1,11,2025-08-01,1
146,1,11,2025-09-01,1
147,1,11,2025-10-01,1
148,1,11,2025-11-01,2
149,1,11,2025-12-01,1
150,1,11,2026-01-01,1
151,1,11,2026-02-01,1
152,1,11,2026-03-01,1
153,1,11,2026-04-01,1
154,1,11,2026-05-01,1
155,1,11,2026-06-01,1
156,1,11,2026-07-01,1
157,1,22,2025-08-01,10
158,1,22,2025-09-01,36
159,1,22,2025-10-01,31
160,1,22,2025-11-01,30
161,1,22,2025-12-01,3
162,1,22,2026-01-01,30
163,1,22,2026-02-01,38
164,1,22,2026-03-01,32
165,1,22,2026-04-01,45
166,1,22,2026-05-01,57
167,1,22,2026-06-01,46
168,1,22,2026-07-01,52
169,1,20,2025-08-01,11
170,1,20,2025-09-01,6
171,1,20,2025-10-01,9
172,1,20,2025-11-01,10
173,1,20,2025-12-01,7
174,1,20,2026-01-01,6
175,1,20,2026-02-01,9
176,1,20,2026-03-01,4
177,1,20,2026-04-01,5
178,1,20,2026-05-01,6
179,1,20,2026-06-01,9
180,1,20,2026-07-01,9
181,1,25,2025-08-01,52
182,1,25,2025-09-01,29
183,1,25,2025-10-01,28
184,1,25,2025-11-01,46
185,1,25,2025-12-01,30
186,1,25,2026-01-01,33
187,1,25,2026-02-01,18
188,1,25,2026-03-01,43
189,1,25,2026-04-01,58
190,1,25,2026-05-01,28
191,1,25,2026-06-01,52
192,1,25,2026-07-01,39
193,1,19,2025-08-01,4
194,1,19,2025-09-01,6
195,1,19,2025-10-01,6
196,1,19,2025-11-01,7
197,1,19,2025-12-01,9
198,1,19,2026-01-01,12
199,1,19,2026-02-01,5
200,1,19,2026-03-01,7
201,1,19,2026-04-01,6
202,1,19,2026-05-01,5
203,1,19,2026-06-01,8
204,1,19,2026-07-01,8
205,1,9,2025-08-01,0
206,1,9,2025-09-01,1
207,1,9,2025-10-01,1
208,1,9,2025-11-01,1
209,1,9,2025-12-01,1
210,1,9,2026-01-01,1
211,1,9,2026-02-01,1
212,1,9,2026-03-01,1
213,1,9,2026-04-01,1
214,1,9,2026-05-01,1
215,1,9,2026-06-01,1
216,1,9,2026-07-01,1
217,1,16,2025-08-01,9
218,1,16,2025-09-01,5
219,1,16,2025-10-01,6
220,1,16,2025-11-01,10
221,1,16,2025-12-01,10
222,1,16,2026-01-01,8
223,1,16,2026-02-01,12
224,1,16,2026-03-01,9
225,1,16,2026-04-01,7
226,1,16,2026-05-01,5
227,1,16,2026-06-01,11
228,1,16,2026-07-01,10
229,2,20,2025-08-01,12
230,2,20,2025-09-01,13
231,2,20,2025-10-01,5
232,2,20,2025-11-01,5
233,2,20,2025-12-01,1
234,2,20,2026-01-01,10
235,2,20,2026-02-01,10
236,2,20,2026-03-01,8
237,2,20,2026-04-01,5
238,2,20,2026-05-01,8
239,2,20,2026-06-01,8
240,2,20,2026-07-01,10
241,2,14,2025-08-01,1
242,2,14,2025-09-01,1
243,2,14,2025-10-01,1
244,2,14,2025-11-01,1
245,2,14,2025-12-01,1
246,2,14,2026-01-01,1
247,2,14,2026-02-01,1
248,2,14,2026-03-01,1
249,2,14,2026-04-01,1
250,2,14,2026-05-01,1
251,2,14,2026-06-01,1
252,2,14,2026-07-01,1
253,2,13,2025-08-01,1
254,2,13,2025-09-01,1
255,2,13,2025-10-01,1
256,2,13,2025-11-01,1
257,2,13,2025-12-01,1
258,2,13,2026-01-01,1
259,2,13,2026-02-01,1
260,2,13,2026-03-01,1
261,2,13,2026-04-01,1
262,2,13,2026-05-01,1
263,2,13,2026-06-01,1
264,2,13,2026-07-01,2
265,2,11,2025-08-01,0
266,2,11,2025-09-01,2
267,2,11,2025-10-01,1
268,2,11,2025-11-01,1
269,2,11,2025-12-01,1
270,2,11,2026-01-01,1
271,2,11,2026-02-01,1
272,2,11,2026-03-01,1
273,2,11,2026-04-01,1
274,2,11,2026-05-01,1
275,2,11,2026-06-01,1
276,2,11,2026-07-01,1
277,2,16,2025-08-01,7
278,2,16,2025-09-01,6
279,2,16,2025-10-01,13
280,2,16,2025-11-01,6
281,2,16,2025-12-01,5
282,2,16,2026-01-01,8
283,2,16,2026-02-01,6
284,2,16,2026-03-01,8
285,2,16,2026-04-01,8
286,2,16,2026-05-01,9
287,2,16,2026-06-01,8
288,2,16,2026-07-01,6
289,2,25,2025-08-01,48
290,2,25,2025-09-01,39
291,2,25,2025-10-01,34
292,2,25,2025-11-01,58
293,2,25,2025-12-01,39
294,2,25,2026-01-01,53
295,2,25,2026-02-01,55
296,2,25,2026-03-01,55
297,2,25,2026-04-01,48
298,2,25,2026-05-01,40
299,2,25,2026-06-01,39
300,2,25,2026-07-01,37
301,2,15,2025-08-01,3
302,2,15,2025-09-01,10
303,2,15,2025-10-01,9
304,2,15,2025-11-01,10
305,2,15,2025-12-01,8
306,2,15,2026-01-01,10
307,2,15,2026-02-01,5
308,2,15,2026-03-01,5
309,2,15,2026-04-01,2
310,2,15,2026-05-01,8
311,2,15,2026-06-01,6
312,2,15,2026-07-01,6
313,2,19,2025-08-01,9
314,2,19,2025-09-01,7
315,2,19,2025-10-01,5
316,2,19,2025-11-01,14
317,2,19,2025-12-01,8
318,2,19,2026-01-01,5
319,2,19,2026-02-01,6
320,2,19,2026-03-01,8
321,2,19,2026-04-01,8
322,2,19,2026-05-01,11
323,2,19,2026-06-01,8
324,2,19,2026-07-01,12
325,2,22,2025-08-01,35
326,2,22,2025-09-01,45
327,2,22,2025-10-01,52
328,2,22,2025-11-01,54
329,2,22,2025-12-01,56
330,2,22,2026-01-01,37
331,2,22,2026-02-01,40
332,2,22,2026-03-01,10
333,2,22,2026-04-01,38
334,2,22,2026-05-01,53
335,2,22,2026-06-01,51
336,2,22,2026-07-01,39
337,2,2,2025-08-01,2
338,2,2,2025-09-01,1
339,2,2,2025-10-01,1
340,2,2,2025-11-01,1
341,2,2,2025-12-01,1
342,2,2,2026-01-01,2
343,2,2,2026-02-01,2
344,2,2,2026-03-01,2
345,2,2,2026-04-01,1
346,2,2,2026-05-01,1
347,2,2,2026-06-01,1
348,2,2,2026-07-01,2
349,2,9,2025-08-01,1
350,2,9,2025-09-01,1
351,2,9,2025-10-01,1
352,2,9,2025-11-01,1
353,2,9,2025-12-01,2
354,2,9,2026-01-01,1
355,2,9,2026-02-01,1
356,2,9,2026-03-01,1
357,2,9,2026-04-01,1
358,2,9,2026-05-01,1
359,2,9,2026-06-01,1
360,2,9,2026-07-01,1
361,2,7,2025-08-01,2
362,2,7,2025-09-01,1
363,2,7,2025-10-01,2
364,2,7,2025-11-01,1
365,2,7,2025-12-01,1
366,2,7,2026-01-01,2
367,2,7,2026-02-01,2
368,2,7,2026-03-01,2
369,2,7,2026-04-01,2
370,2,7,2026-05-01,2
371,2,7,2026-06-01,1
372,2,7,2026-07-01,1
373,2,17,2025-08-01,5
374,2,17,2025-09-01,4
375,2,17,2025-10-01,12
376,2,17,2025-11-01,3
377,2,17,2025-12-01,11
378,2,17,2026-01-01,6
379,2,17,2026-02-01,11
380,2,17,2026-03-01,3
381,2,17,2026-04-01,7
382,2,17,2026-05-01,11
383,2,17,2026-06-01,10
384,2,17,2026-07-01,7
385,2,18,2025-08-01,3
386,2,18,2025-09-01,5
387,2,18,2025-10-01,11
388,2,18,2025-11-01,7
389,2,18,2025-12-01,8
390,2,18,2026-01-01,9
391,2,18,2026-02-01,5
392,2,18,2026-03-01,9
393,2,18,2026-04-01,7
394,2,18,2026-05-01,9
395,2,18,2026-06-01,7
396,2,18,2026-07-01,4
397,2,3,2025-08-01,1
398,2,3,2025-09-01,2
399,2,3,2025-10-01,2
400,2,3,2025-11-01,2
401,2,3,2025-12-01,2
402,2,3,2026-01-01,1
403,2,3,2026-02-01,2
404,2,3,2026-03-01,1
405,2,3,2026-04-01,2
406,2,3,2026-05-01,2
407,2,3,2026-06-01,1
408,2,3,2026-07-01,1
409,3,8,2025-08-01,2
410,3,8,2025-09-01,1
411,3,8,2025-10-01,2
412,3,8,2025-11-01,3
413,3,8,2025-12-01,2
414,3,8,2026-01-01,2
415,3,8,2026-02-01,1
416,3,8,2026-03-01,2
417,3,8,2026-04-01,2
418,3,8,2026-05-01,2
419,3,8,2026-06-01,2
420,3,8,2026-07-01,1
421,3,16,2025-08-01,8
422,3,16,2025-09-01,6
423,3,16,2025-10-01,10
424,3,16,2025-11-01,7
425,3,16,2025-12-01,10
426,3,16,2026-01-01,4
427,3,16,2026-02-01,9
428,3,16,2026-03-01,6
429,3,16,2026-04-01,10
430,3,16,2026-05-01,8
431,3,16,2026-06-01,7
432,3,16,2026-07-01,7
433,3,2,2025-08-01,1
434,3,2,2025-09-01,2
435,3,2,2025-10-01,1
436,3,2,2025-11-01,1
437,3,2,2025-12-01,2
438,3,2,2026-01-01,2
439,3,2,2026-02-01,1
440,3,2,2026-03-01,1
441,3,2,2026-04-01,2
442,3,2,2026-05-01,1
443,3,2,2026-06-01,1
444,3,2,2026-07-01,1
445,3,11,2025-08-01,1
446,3,11,2025-09-01,1
447,3,11,2025-10-01,1
448,3,11,2025-11-01,1
449,3,11,2025-12-01,1
450,3,11,2026-01-01,1
451,3,11,2026-02-01,1
452,3,11,2026-03-01,1
453,3,11,2026-04-01,1
454,3,11,2026-05-01,1
455,3,11,2026-06-01,1
456,3,11,2026-07-01,1
457,3,23,2025-08-01,54
458,3,23,2025-09-01,55
459,3,23,2025-10-01,56
460,3,23,2025-11-01,43
461,3,23,2025-12-01,40
462,3,23,2026-01-01,35
463,3,23,2026-02-01,18
464,3,23,2026-03-01,24
465,3,23,2026-04-01,38
466,3,23,2026-05-01,39
467,3,23,2026-06-01,57
468,3,23,2026-07-01,56
469,3,3,2025-08-01,1
470,3,3,2025-09-01,2
471,3,3,2025-10-01,1
472,3,3,2025-11-01,2
473,3,3,2025-12-01,2
474,3,3,2026-01-01,2
475,3,3,2026-02-01,1
476,3,3,2026-03-01,2
477,3,3,2026-04-01,1
478,3,3,2026-05-01,2
479,3,3,2026-06-01,1
480,3,3,2026-07-01,1
481,3,5,2025-08-01,1
482,3,5,2025-09-01,1
483,3,5,2025-10-01,2
484,3,5,2025-11-01,1
485,3,5,2025-12-01,2
486,3,5,2026-01-01,2
487,3,5,2026-02-01,2
488,3,5,2026-03-01,2
489,3,5,2026-04-01,1
490,3,5,2026-05-01,2
491,3,5,2026-06-01,2
492,3,5,2026-07-01,2
493,3,6,2025-08-01,1
494,3,6,2025-09-01,3
495,3,6,2025-10-01,2
496,3,6,2025-11-01,2
497,3,6,2025-12-01,2
498,3,6,2026-01-01,2
499,3,6,2026-02-01,2
500,3,6,2026-03-01,1
501,3,6,2026-04-01,2
502,3,6,2026-05-01,1
503,3,6,2026-06-01,1
504,3,6,2026-07-01,1
505,3,20,2025-08-01,4
506,3,20,2025-09-01,4
507,3,20,2025-10-01,11
508,3,20,2025-11-01,9
509,3,20,2025-12-01,2
510,3,20,2026-01-01,7
511,3,20,2026-02-01,10
512,3,20,2026-03-01,7
513,3,20,2026-04-01,11
514,3,20,2026-05-01,11
515,3,20,2026-06-01,5
516,3,20,2026-07-01,8
517,3,10,2025-08-01,1
518,3,10,2025-09-01,1
519,3,10,2025-10-01,1
520,3,10,2025-11-01,1
521,3,10,2025-12-01,1
522,3,10,2026-01-01,1
523,3,10,2026-02-01,1
524,3,10,2026-03-01,1
525,3,10,2026-04-01,1
526,3,10,2026-05-01,1
527,3,10,2026-06-01,1
528,3,10,2026-07-01,1
529,3,14,2025-08-01,1
530,3,14,2025-09-01,2
531,3,14,2025-10-01,0
532,3,14,2025-11-01,0
533,3,14,2025-12-01,1
534,3,14,2026-01-01,1
535,3,14,2026-02-01,1
536,3,14,2026-03-01,1
537,3,14,2026-04-01,1
538,3,14,2026-05-01,1
539,3,14,2026-06-01,1
540,3,14,2026-07-01,1
541,3,18,2025-08-01,4
542,3,18,2025-09-01,5
543,3,18,2025-10-01,5
544,3,18,2025-11-01,11
545,3,18,2025-12-01,9
546,3,18,2026-01-01,8
547,3,18,2026-02-01,9
548,3,18,2026-03-01,8
549,3,18,2026-04-01,5
550,3,18,2026-05-01,9
551,3,18,2026-06-01,8
552,3,18,2026-07-01,5
553,3,12,2025-08-01,1
554,3,12,2025-09-01,1
555,3,12,2025-10-01,1
556,3,12,2025-11-01,1
557,3,12,2025-12-01,1
558,3,12,2026-01-01,1
559,3,12,2026-02-01,1
560,3,12,2026-03-01,1
561,3,12,2026-04-01,1
562,3,12,2026-05-01,1
563,3,12,2026-06-01,1
564,3,12,2026-07-01,1
565,3,15,2025-08-01,10
566,3,15,2025-09-01,4
567,3,15,2025-10-01,8
568,3,15,2025-11-01,7
569,3,15,2025-12-01,11
570,3,15,2026-01-01,8
571,3,15,2026-02-01,9
572,3,15,2026-03-01,4
573,3,15,2026-04-01,7
574,3,15,2026-05-01,6
575,3,15,2026-06-01,14
576,3,15,2026-07-01,6
577,3,24,2025-08-01,41
578,3,24,2025-09-01,42
579,3,24,2025-10-01,21
580,3,24,2025-11-01,34
581,3,24,2025-12-01,45
582,3,24,2026-01-01,41
583,3,24,2026-02-01,12
584,3,24,2026-03-01,33
585,3,24,2026-04-01,52
586,3,24,2026-05-01,47
587,3,24,2026-06-01,55
588,3,24,2026-07-01,28
589,3,25,2025-08-01,55
590,3,25,2025-09-01,39
591,3,25,2025-10-01,59
592,3,25,2025-11-01,40
593,3,25,2025-12-01,15
594,3,25,2026-01-01,50
595,3,25,2026-02-01,35
596,3,25,2026-03-01,35
597,3,25,2026-04-01,23
598,3,25,2026-05-01,59
599,3,25,2026-06-01,34
600,3,25,2026-07-01,59
601,3,7,2025-08-01,1
602,3,7,2025-09-01,1
603,3,7,2025-10-01,2
604,3,7,2025-11-01,1
605,3,7,2025-12-01,1
606,3,7,2026-01-01,1
607,3,7,2026-02-01,1
608,3,7,2026-03-01,2
609,3,7,2026-04-01,1
610,3,7,2026-05-01,1
611,3,7,2026-06-01,1
612,3,7,2026-07-01,2
613,3,9,2025-08-01,1
614,3,9,2025-09-01,1
615,3,9,2025-10-01,1
616,3,9,2025-11-01,2
617,3,9,2025-12-01,1
618,3,9,2026-01-01,1
619,3,9,2026-02-01,1
620,3,9,2026-03-01,1
621,3,9,2026-04-01,1
622,3,9,2026-05-01,1
623,3,9,2026-06-01,1
624,3,9,2026-07-01,1
625,4,3,2025-08-01,2
626,4,3,2025-09-01,2
627,4,3,2025-10-01,2
628,4,3,2025-11-01,2
629,4,3,2025-12-01,1
630,4,3,2026-01-01,3
631,4,3,2026-02-01,1
632,4,3,2026-03-01,1
633,4,3,2026-04-01,1
634,4,3,2026-05-01,1
635,4,3,2026-06-01,2
636,4,3,2026-07-01,3
637,4,9,2025-08-01,1
638,4,9,2025-09-01,1
639,4,9,2025-10-01,1
640,4,9,2025-11-01,1
641,4,9,2025-12-01,2
642,4,9,2026-01-01,1
643,4,9,2026-02-01,1
644,4,9,2026-03-01,1
645,4,9,2026-04-01,1
646,4,9,2026-05-01,1
647,4,9,2026-06-01,1
648,4,9,2026-07-01,1
649,4,5,2025-08-01,2
650,4,5,2025-09-01,2
651,4,5,2025-10-01,1
652,4,5,2025-11-01,2
653,4,5,2025-12-01,2
654,4,5,2026-01-01,1
655,4,5,2026-02-01,1
656,4,5,2026-03-01,2
657,4,5,2026-04-01,2
658,4,5,2026-05-01,1
659,4,5,2026-06-01,2
660,4,5,2026-07-01,2
661,4,16,2025-08-01,2
662,4,16,2025-09-01,8
663,4,16,2025-10-01,7
664,4,16,2025-11-01,4
665,4,16,2025-12-01,8
666,4,16,2026-01-01,8
667,4,16,2026-02-01,8
668,4,16,2026-03-01,7
669,4,16,2026-04-01,6
670,4,16,2026-05-01,5
671,4,16,2026-06-01,6
672,4,16,2026-07-01,10
673,4,20,2025-08-01,9
674,4,20,2025-09-01,8
675,4,20,2025-10-01,6
676,4,20,2025-11-01,7
677,4,20,2025-12-01,10
678,4,20,2026-01-01,9
679,4,20,2026-02-01,7
680,4,20,2026-03-01,2
681,4,20,2026-04-01,6
682,4,20,2026-05-01,7
683,4,20,2026-06-01,6
684,4,20,2026-07-01,7
685,4,11,2025-08-01,1
686,4,11,2025-09-01,1
687,4,11,2025-10-01,1
688,4,11,2025-11-01,1
689,4,11,2025-12-01,1
690,4,11,2026-01-01,0
691,4,11,2026-02-01,1
692,4,11,2026-03-01,1
693,4,11,2026-04-01,1
694,4,11,2026-05-01,1
695,4,11,2026-06-01,1
696,4,11,2026-07-01,1
697,4,7,2025-08-01,1
698,4,7,2025-09-01,1
699,4,7,2025-10-01,2
700,4,7,2025-11-01,2
701,4,7,2025-12-01,2
702,4,7,2026-01-01,1
703,4,7,2026-02-01,1
704,4,7,2026-03-01,1
705,4,7,2026-04-01,2
706,4,7,2026-05-01,2
707,4,7,2026-06-01,2
708,4,7,2026-07-01,2
709,4,12,2025-08-01,1
710,4,12,2025-09-01,1
711,4,12,2025-10-01,1
712,4,12,2025-11-01,1
713,4,12,2025-12-01,1
714,4,12,2026-01-01,1
715,4,12,2026-02-01,1
716,4,12,2026-03-01,1
717,4,12,2026-04-01,1
718,4,12,2026-05-01,1
719,4,12,2026-06-01,2
720,4,12,2026-07-01,1
721,4,23,2025-08-01,27
722,4,23,2025-09-01,37
723,4,23,2025-10-01,59
724,4,23,2025-11-01,24
725,4,23,2025-12-01,31
726,4,23,2026-01-01,53
727,4,23,2026-02-01,37
728,4,23,2026-03-01,39
729,4,23,2026-04-01,53
730,4,23,2026-05-01,31
731,4,23,2026-06-01,22
732,4,23,2026-07-01,23
733,4,24,2025-08-01,47
734,4,24,2025-09-01,43
735,4,24,2025-10-01,32
736,4,24,2025-11-01,26
737,4,24,2025-12-01,37
738,4,24,2026-01-01,53
739,4,24,2026-02-01,30
740,4,24,2026-03-01,32
741,4,24,2026-04-01,26
742,4,24,2026-05-01,36
743,4,24,2026-06-01,44
744,4,24,2026-07-01,65
745,4,21,2025-08-01,9
746,4,21,2025-09-01,8
747,4,21,2025-10-01,10
748,4,21,2025-11-01,10
749,4,21,2025-12-01,7
750,4,21,2026-01-01,14
751,4,21,2026-02-01,8
752,4,21,2026-03-01,9
753,4,21,2026-04-01,9
754,4,21,2026-05-01,9
755,4,21,2026-06-01,12
756,4,21,2026-07-01,7
757,4,19,2025-08-01,10
758,4,19,2025-09-01,8
759,4,19,2025-10-01,10
760,4,19,2025-11-01,7
761,4,19,2025-12-01,7
762,4,19,2026-01-01,10
763,4,19,2026-02-01,9
764,4,19,2026-03-01,6
765,4,19,2026-04-01,11
766,4,19,2026-05-01,10
767,4,19,2026-06-01,8
768,4,19,2026-07-01,7
769,4,2,2025-08-01,2
770,4,2,2025-09-01,2
771,4,2,2025-10-01,1
772,4,2,2025-11-01,2
773,4,2,2025-12-01,2
774,4,2,2026-01-01,0
775,4,2,2026-02-01,2
776,4,2,2026-03-01,2
777,4,2,2026-04-01,2
778,4,2,2026-05-01,2
779,4,2,2026-06-01,1
780,4,2,2026-07-01,1
781,4,1,2025-08-01,0
782,4,1,2025-09-01,1
783,4,1,2025-10-01,1
784,4,1,2025-11-01,0
785,4,1,2025-12-01,1
786,4,1,2026-01-01,0
787,4,1,2026-02-01,1
788,4,1,2026-03-01,0
789,4,1,2026-04-01,1
790,4,1,2026-05-01,9
791,4,1,2026-06-01,1
792,4,1,2026-07-01,6
793,4,4,2025-08-01,1
794,4,4,2025-09-01,1
795,4,4,2025-10-01,2
796,4,4,2025-11-01,2
797,4,4,2025-12-01,2
798,4,4,2026-01-01,1
799,4,4,2026-02-01,1
800,4,4,2026-03-01,1
801,4,4,2026-04-01,1
802,4,4,2026-05-01,2
803,4,4,2026-06-01,2
804,4,4,2026-07-01,2
805,4,17,2025-08-01,7
806,4,17,2025-09-01,8
807,4,17,2025-10-01,10
808,4,17,2025-11-01,7
809,4,17,2025-12-01,7
810,4,17,2026-01-01,6
811,4,17,2026-02-01,7
812,4,17,2026-03-01,8
813,4,17,2026-04-01,6
814,4,17,2026-05-01,9
815,4,17,2026-06-01,9
816,4,17,2026-07-01,8
817,4,18,2025-08-01,6
818,4,18,2025-09-01,8
819,4,18,2025-10-01,7
820,4,18,2025-11-01,8
821,4,18,2025-12-01,11
822,4,18,2026-01-01,5
823,4,18,2026-02-01,13
824,4,18,2026-03-01,8
825,4,18,2026-04-01,9
826,4,18,2026-05-01,6
827,4,18,2026-06-01,11
828,4,18,2026-07-01,8
829,4,14,2025-08-01,1
830,4,14,2025-09-01,1
831,4,14,2025-10-01,1
832,4,14,2025-11-01,1
833,4,14,2025-12-01,1
834,4,14,2026-01-01,1
835,4,14,2026-02-01,1
836,4,14,2026-03-01,1
837,4,14,2026-04-01,1
838,4,14,2026-05-01,1
839,4,14,2026-06-01,1
840,4,14,2026-07-01,1
841,5,16,2025-08-01,8
842,5,16,2025-09-01,9
843,5,16,2025-10-01,8
844,5,16,2025-11-01,4
845,5,16,2025-12-01,7
846,5,16,2026-01-01,7
847,5,16,2026-02-01,6
848,5,16,2026-03-01,7
849,5,16,2026-04-01,8
850,5,16,2026-05-01,5
851,5,16,2026-06-01,6
852,5,16,2026-07-01,12
853,5,17,2025-08-01,4
854,5,17,2025-09-01,8
855,5,17,2025-10-01,5
856,5,17,2025-11-01,6
857,5,17,2025-12-01,8
858,5,17,2026-01-01,6
859,5,17,2026-02-01,9
860,5,17,2026-03-01,11
861,5,17,2026-04-01,10
862,5,17,2026-05-01,10
863,5,17,2026-06-01,5
864,5,17,2026-07-01,7
865,5,15,2025-08-01,9
866,5,15,2025-09-01,10
867,5,15,2025-10-01,12
868,5,15,2025-11-01,11
869,5,15,2025-12-01,10
870,5,15,2026-01-01,14
871,5,15,2026-02-01,8
872,5,15,2026-03-01,7
873,5,15,2026-04-01,8
874,5,15,2026-05-01,6
875,5,15,2026-06-01,8
876,5,15,2026-07-01,4
877,5,7,2025-08-01,1
878,5,7,2025-09-01,1
879,5,7,2025-10-01,2
880,5,7,2025-11-01,2
881,5,7,2025-12-01,1
882,5,7,2026-01-01,2
883,5,7,2026-02-01,2
884,5,7,2026-03-01,2
885,5,7,2026-04-01,1
886,5,7,2026-05-01,1
887,5,7,2026-06-01,2
888,5,7,2026-07-01,2
889,5,5,2025-08-01,2
890,5,5,2025-09-01,2
891,5,5,2025-10-01,1
892,5,5,2025-11-01,1
893,5,5,2025-12-01,2
894,5,5,2026-01-01,2
895,5,5,2026-02-01,1
896,5,5,2026-03-01,2
897,5,5,2026-04-01,1
898,5,5,2026-05-01,1
899,5,5,2026-06-01,2
900,5,5,2026-07-01,2
901,5,14,2025-08-01,1
902,5,14,2025-09-01,1
903,5,14,2025-10-01,1
904,5,14,2025-11-01,1
905,5,14,2025-12-01,1
906,5,14,2026-01-01,1
907,5,14,2026-02-01,1
908,5,14,2026-03-01,1
909,5,14,2026-04-01,1
910,5,14,2026-05-01,1
911,5,14,2026-06-01,1
912,5,14,2026-07-01,2
913,5,3,2025-08-01,2
914,5,3,2025-09-01,2
915,5,3,2025-10-01,1
916,5,3,2025-11-01,1
917,5,3,2025-12-01,2
918,5,3,2026-01-01,1
919,5,3,2026-02-01,2
920,5,3,2026-03-01,1
921,5,3,2026-04-01,1
922,5,3,2026-05-01,2
923,5,3,2026-06-01,1
924,5,3,2026-07-01,1
925,5,8,2025-08-01,2
926,5,8,2025-09-01,2
927,5,8,2025-10-01,1
928,5,8,2025-11-01,1
929,5,8,2025-12-01,1
930,5,8,2026-01-01,1
931,5,8,2026-02-01,1
932,5,8,2026-03-01,1
933,5,8,2026-04-01,2
934,5,8,2026-05-01,1
935,5,8,2026-06-01,2
936,5,8,2026-07-01,1
937,5,1,2025-08-01,1
938,5,1,2025-09-01,0
939,5,1,2025-10-01,0
940,5,1,2025-11-01,0
941,5,1,2025-12-01,9
942,5,1,2026-01-01,0
943,5,1,2026-02-01,9
944,5,1,2026-03-01,9
945,5,1,2026-04-01,9
946,5,1,2026-05-01,1
947,5,1,2026-06-01,9
948,5,1,2026-07-01,1
949,5,23,2025-08-01,45
950,5,23,2025-09-01,45
951,5,23,2025-10-01,62
952,5,23,2025-11-01,46
953,5,23,2025-12-01,46
954,5,23,2026-01-01,35
955,5,23,2026-02-01,50
956,5,23,2026-03-01,29
957,5,23,2026-04-01,41
958,5,23,2026-05-01,75
959,5,23,2026-06-01,10
960,5,23,2026-07-01,43
961,5,9,2025-08-01,1
962,5,9,2025-09-01,1
963,5,9,2025-10-01,1
964,5,9,2025-11-01,1
965,5,9,2025-12-01,1
966,5,9,2026-01-01,1
967,5,9,2026-02-01,1
968,5,9,2026-03-01,2
969,5,9,2026-04-01,1
970,5,9,2026-05-01,1
971,5,9,2026-06-01,1
972,5,9,2026-07-01,1
973,5,19,2025-08-01,10
974,5,19,2025-09-01,9
975,5,19,2025-10-01,6
976,5,19,2025-11-01,6
977,5,19,2025-12-01,12
978,5,19,2026-01-01,6
979,5,19,2026-02-01,10
980,5,19,2026-03-01,6
981,5,19,2026-04-01,10
982,5,19,2026-05-01,6
983,5,19,2026-06-01,6
984,5,19,2026-07-01,6
985,5,20,2025-08-01,7
986,5,20,2025-09-01,9
987,5,20,2025-10-01,8
988,5,20,2025-11-01,5
989,5,20,2025-12-01,8
990,5,20,2026-01-01,5
991,5,20,2026-02-01,10
992,5,20,2026-03-01,10
993,5,20,2026-04-01,8
994,5,20,2026-05-01,9
995,5,20,2026-06-01,12
996,5,20,2026-07-01,8
997,5,11,2025-08-01,1
998,5,11,2025-09-01,1
999,5,11,2025-10-01,1
1000,5,11,2025-11-01,1
1001,5,11,2025-12-01,1
1002,5,11,2026-01-01,1
1003,5,11,2026-02-01,1
1004,5,11,2026-03-01,1
1005,5,11,2026-04-01,1
1006,5,11,2026-05-01,1
1007,5,11,2026-06-01,1
1008,5,11,2026-07-01,1
1009,5,21,2025-08-01,2
1010,5,21,2025-09-01,9
1011,5,21,2025-10-01,3
1012,5,21,2025-11-01,3
1013,5,21,2025-12-01,8
1014,5,21,2026-01-01,9
1015,5,21,2026-02-01,7
1016,5,21,2026-03-01,12
1017,5,21,2026-04-01,9
1018,5,21,2026-05-01,7
1019,5,21,2026-06-01,11
1020,5,21,2026-07-01,12
1021,5,6,2025-08-01,2
1022,5,6,2025-09-01,1
1023,5,6,2025-10-01,1
1024,5,6,2025-11-01,1
1025,5,6,2025-12-01,1
1026,5,6,2026-01-01,1
1027,5,6,2026-02-01,1
1028,5,6,2026-03-01,2
1029,5,6,2026-04-01,1
1030,5,6,2026-05-01,1
1031,5,6,2026-06-01,1
1032,5,6,2026-07-01,1
1033,5,18,2025-08-01,7
1034,5,18,2025-09-01,7
1035,5,18,2025-10-01,6
1036,5,18,2025-11-01,5
1037,5,18,2025-12-01,7
1038,5,18,2026-01-01,7
1039,5,18,2026-02-01,7
1040,5,18,2026-03-01,8
1041,5,18,2026-04-01,9
1042,5,18,2026-05-01,10
1043,5,18,2026-06-01,6
1044,5,18,2026-07-01,4
1045,5,2,2025-08-01,2
1046,5,2,2025-09-01,2
1047,5,2,2025-10-01,1
1048,5,2,2025-11-01,2
1049,5,2,2025-12-01,2
1050,5,2,2026-01-01,2
1051,5,2,2026-02-01,2
1052,5,2,2026-03-01,2
1053,5,2,2026-04-01,1
1054,5,2,2026-05-01,1
1055,5,2,2026-06-01,1
1056,5,2,2026-07-01,2
1057,6,16,2025-08-01,12
1058,6,16,2025-09-01,9
1059,6,16,2025-10-01,6
1060,6,16,2025-11-01,5
1061,6,16,2025-12-01,12
1062,6,16,2026-01-01,9
1063,6,16,2026-02-01,9
1064,6,16,2026-03-01,7
1065,6,16,2026-04-01,9
1066,6,16,2026-05-01,6
1067,6,16,2026-06-01,9
1068,6,16,2026-07-01,5
1069,6,13,2025-08-01,1
1070,6,13,2025-09-01,1
1071,6,13,2025-10-01,0
1072,6,13,2025-11-01,1
1073,6,13,2025-12-01,1
1074,6,13,2026-01-01,1
1075,6,13,2026-02-01,1
1076,6,13,2026-03-01,2
1077,6,13,2026-04-01,1
1078,6,13,2026-05-01,1
1079,6,13,2026-06-01,1
1080,6,13,2026-07-01,1
1081,6,6,2025-08-01,2
1082,6,6,2025-09-01,2
1083,6,6,2025-10-01,2
1084,6,6,2025-11-01,0
1085,6,6,2025-12-01,2
1086,6,6,2026-01-01,2
1087,6,6,2026-02-01,2
1088,6,6,2026-03-01,1
1089,6,6,2026-04-01,2
1090,6,6,2026-05-01,1
1091,6,6,2026-06-01,2
1092,6,6,2026-07-01,1
1093,6,3,2025-08-01,3
1094,6,3,2025-09-01,1
1095,6,3,2025-10-01,2
1096,6,3,2025-11-01,1
1097,6,3,2025-12-01,1
1098,6,3,2026-01-01,1
1099,6,3,2026-02-01,2
1100,6,3,2026-03-01,1
1101,6,3,2026-04-01,2
1102,6,3,2026-05-01,1
1103,6,3,2026-06-01,1
1104,6,3,2026-07-01,1
1105,6,5,2025-08-01,2
1106,6,5,2025-09-01,2
1107,6,5,2025-10-01,2
1108,6,5,2025-11-01,2
1109,6,5,2025-12-01,2
1110,6,5,2026-01-01,1
1111,6,5,2026-02-01,2
1112,6,5,2026-03-01,2
1113,6,5,2026-04-01,1
1114,6,5,2026-05-01,2
1115,6,5,2026-06-01,2
1116,6,5,2026-07-01,2
1117,6,20,2025-08-01,10
1118,6,20,2025-09-01,8
1119,6,20,2025-10-01,9
1120,6,20,2025-11-01,6
1121,6,20,2025-12-01,7
1122,6,20,2026-01-01,5
1123,6,20,2026-02-01,12
1124,6,20,2026-03-01,9
1125,6,20,2026-04-01,6
1126,6,20,2026-05-01,9
1127,6,20,2026-06-01,11
1128,6,20,2026-07-01,10
1129,6,25,2025-08-01,29
1130,6,25,2025-09-01,2
1131,6,25,2025-10-01,45
1132,6,25,2025-11-01,29
1133,6,25,2025-12-01,47
1134,6,25,2026-01-01,51
1135,6,25,2026-02-01,53
1136,6,25,2026-03-01,61
1137,6,25,2026-04-01,55
1138,6,25,2026-05-01,61
1139,6,25,2026-06-01,57
1140,6,25,2026-07-01,58
1141,6,12,2025-08-01,1
1142,6,12,2025-09-01,1
1143,6,12,2025-10-01,2
1144,6,12,2025-11-01,1
1145,6,12,2025-12-01,1
1146,6,12,2026-01-01,1
1147,6,12,2026-02-01,1
1148,6,12,2026-03-01,0
1149,6,12,2026-04-01,1
1150,6,12,2026-05-01,1
1151,6,12,2026-06-01,1
1152,6,12,2026-07-01,1
1153,6,9,2025-08-01,1
1154,6,9,2025-09-01,1
1155,6,9,2025-10-01,1
1156,6,9,2025-11-01,2
1157,6,9,2025-12-01,1
1158,6,9,2026-01-01,1
1159,6,9,2026-02-01,1
1160,6,9,2026-03-01,2
1161,6,9,2026-04-01,1
1162,6,9,2026-05-01,1
1163,6,9,2026-06-01,1
1164,6,9,2026-07-01,1
1165,6,19,2025-08-01,10
1166,6,19,2025-09-01,9
1167,6,19,2025-10-01,3
1168,6,19,2025-11-01,10
1169,6,19,2025-12-01,4
1170,6,19,2026-01-01,11
1171,6,19,2026-02-01,9
1172,6,19,2026-03-01,7
1173,6,19,2026-04-01,10
1174,6,19,2026-05-01,9
1175,6,19,2026-06-01,11
1176,6,19,2026-07-01,8
1177,6,23,2025-08-01,42
1178,6,23,2025-09-01,37
1179,6,23,2025-10-01,43
1180,6,23,2025-11-01,60
1181,6,23,2025-12-01,34
1182,6,23,2026-01-01,48
1183,6,23,2026-02-01,29
1184,6,23,2026-03-01,15
1185,6,23,2026-04-01,42
1186,6,23,2026-05-01,44
1187,6,23,2026-06-01,39
1188,6,23,2026-07-01,22
1189,6,11,2025-08-01,1
1190,6,11,2025-09-01,1
1191,6,11,2025-10-01,1
1192,6,11,2025-11-01,1
1193,6,11,2025-12-01,1
1194,6,11,2026-01-01,1
1195,6,11,2026-02-01,1
1196,6,11,2026-03-01,1
1197,6,11,2026-04-01,1
1198,6,11,2026-05-01,1
1199,6,11,2026-06-01,1
1200,6,11,2026-07-01,1
1201,6,4,2025-08-01,2
1202,6,4,2025-09-01,1
1203,6,4,2025-10-01,2
1204,6,4,2025-11-01,2
1205,6,4,2025-12-01,1
1206,6,4,2026-01-01,1
1207,6,4,2026-02-01,2
1208,6,4,2026-03-01,1
1209,6,4,2026-04-01,0
1210,6,4,2026-05-01,1
1211,6,4,2026-06-01,2
1212,6,4,2026-07-01,2
1213,6,1,2025-08-01,6
1214,6,1,2025-09-01,1
1215,6,1,2025-10-01,9
1216,6,1,2025-11-01,0
1217,6,1,2025-12-01,6
1218,6,1,2026-01-01,0
1219,6,1,2026-02-01,0
1220,6,1,2026-03-01,0
1221,6,1,2026-04-01,9
1222,6,1,2026-05-01,0
1223,6,1,2026-06-01,9
1224,6,1,2026-07-01,6
1225,6,22,2025-08-01,37
1226,6,22,2025-09-01,53
1227,6,22,2025-10-01,23
1228,6,22,2025-11-01,39
1229,6,22,2025-12-01,46
1230,6,22,2026-01-01,39
1231,6,22,2026-02-01,26
1232,6,22,2026-03-01,11
1233,6,22,2026-04-01,58
1234,6,22,2026-05-01,43
1235,6,22,2026-06-01,54
1236,6,22,2026-07-01,51
1237,6,10,2025-08-01,1
1238,6,10,2025-09-01,1
1239,6,10,2025-10-01,1
1240,6,10,2025-11-01,1
1241,6,10,2025-12-01,1
1242,6,10,2026-01-01,2
1243,6,10,2026-02-01,1
1244,6,10,2026-03-01,1
1245,6,10,2026-04-01,1
1246,6,10,2026-05-01,1
1247,6,10,2026-06-01,2
1248,6,10,2026-07-01,1
1249,6,7,2025-08-01,2
1250,6,7,2025-09-01,2
1251,6,7,2025-10-01,1
1252,6,7,2025-11-01,1
1253,6,7,2025-12-01,2
1254,6,7,2026-01-01,1
1255,6,7,2026-02-01,2
1256,6,7,2026-03-01,2
1257,6,7,2026-04-01,1
1258,6,7,2026-05-01,2
1259,6,7,2026-06-01,2
1260,6,7,2026-07-01,1
1261,6,2,2025-08-01,2
1262,6,2,2025-09-01,2
1263,6,2,2025-10-01,2
1264,6,2,2025-11-01,1
1265,6,2,2025-12-01,2
1266,6,2,2026-01-01,1
1267,6,2,2026-02-01,2
1268,6,2,2026-03-01,2
1269,6,2,2026-04-01,1
1270,6,2,2026-05-01,2
1271,6,2,2026-06-01,1
1272,6,2,2026-07-01,1
1273,7,20,2025-08-01,10
1274,7,20,2025-09-01,5
1275,7,20,2025-10-01,10
1276,7,20,2025-11-01,3
1277,7,20,2025-12-01,9
1278,7,20,2026-01-01,8
1279,7,20,2026-02-01,7
1280,7,20,2026-03-01,9
1281,7,20,2026-04-01,8
1282,7,20,2026-05-01,11
1283,7,20,2026-06-01,9
1284,7,20,2026-07-01,9
1285,7,5,2025-08-01,2
1286,7,5,2025-09-01,1
1287,7,5,2025-10-01,1
1288,7,5,2025-11-01,2
1289,7,5,2025-12-01,1
1290,7,5,2026-01-01,2
1291,7,5,2026-02-01,2
1292,7,5,2026-03-01,2
1293,7,5,2026-04-01,1
1294,7,5,2026-05-01,2
1295,7,5,2026-06-01,1
1296,7,5,2026-07-01,1
1297,7,1,2025-08-01,6
1298,7,1,2025-09-01,0
1299,7,1,2025-10-01,6
1300,7,1,2025-11-01,9
1301,7,1,2025-12-01,0
1302,7,1,2026-01-01,6
1303,7,1,2026-02-01,0
1304,7,1,2026-03-01,9
1305,7,1,2026-04-01,9
1306,7,1,2026-05-01,0
1307,7,1,2026-06-01,1
1308,7,1,2026-07-01,0
1309,7,12,2025-08-01,1
1310,7,12,2025-09-01,1
1311,7,12,2025-10-01,1
1312,7,12,2025-11-01,2
1313,7,12,2025-12-01,1
1314,7,12,2026-01-01,1
1315,7,12,2026-02-01,0
1316,7,12,2026-03-01,0
1317,7,12,2026-04-01,1
1318,7,12,2026-05-01,1
1319,7,12,2026-06-01,1
1320,7,12,2026-07-01,1
1321,7,6,2025-08-01,2
1322,7,6,2025-09-01,2
1323,7,6,2025-10-01,2
1324,7,6,2025-11-01,1
1325,7,6,2025-12-01,2
1326,7,6,2026-01-01,1
1327,7,6,2026-02-01,2
1328,7,6,2026-03-01,1
1329,7,6,2026-04-01,2
1330,7,6,2026-05-01,1
1331,7,6,2026-06-01,2
1332,7,6,2026-07-01,1
1333,7,15,2025-08-01,11
1334,7,15,2025-09-01,8
1335,7,15,2025-10-01,13
1336,7,15,2025-11-01,9
1337,7,15,2025-12-01,8
1338,7,15,2026-01-01,8
1339,7,15,2026-02-01,9
1340,7,15,2026-03-01,7
1341,7,15,2026-04-01,8
1342,7,15,2026-05-01,8
1343,7,15,2026-06-01,9
1344,7,15,2026-07-01,9
1345,7,7,2025-08-01,2
1346,7,7,2025-09-01,2
1347,7,7,2025-10-01,2
1348,7,7,2025-11-01,2
1349,7,7,2025-12-01,3
1350,7,7,2026-01-01,2
1351,7,7,2026-02-01,2
1352,7,7,2026-03-01,1
1353,7,7,2026-04-01,2
1354,7,7,2026-05-01,1
1355,7,7,2026-06-01,2
1356,7,7,2026-07-01,1
1357,7,17,2025-08-01,9
1358,7,17,2025-09-01,7
1359,7,17,2025-10-01,6
1360,7,17,2025-11-01,7
1361,7,17,2025-12-01,12
1362,7,17,2026-01-01,9
1363,7,17,2026-02-01,5
1364,7,17,2026-03-01,11
1365,7,17,2026-04-01,6
1366,7,17,2026-05-01,10
1367,7,17,2026-06-01,9
1368,7,17,2026-07-01,9
1369,7,13,2025-08-01,2
1370,7,13,2025-09-01,1
1371,7,13,2025-10-01,1
1372,7,13,2025-11-01,1
1373,7,13,2025-12-01,1
1374,7,13,2026-01-01,1
1375,7,13,2026-02-01,1
1376,7,13,2026-03-01,1
1377,7,13,2026-04-01,1
1378,7,13,2026-05-01,1
1379,7,13,2026-06-01,1
1380,7,13,2026-07-01,1
1381,7,16,2025-08-01,9
1382,7,16,2025-09-01,13
1383,7,16,2025-10-01,10
1384,7,16,2025-11-01,7
1385,7,16,2025-12-01,6
1386,7,16,2026-01-01,9
1387,7,16,2026-02-01,8
1388,7,16,2026-03-01,11
1389,7,16,2026-04-01,6
1390,7,16,2026-05-01,13
1391,7,16,2026-06-01,11
1392,7,16,2026-07-01,8
1393,7,4,2025-08-01,2
1394,7,4,2025-09-01,1
1395,7,4,2025-10-01,2
1396,7,4,2025-11-01,1
1397,7,4,2025-12-01,2
1398,7,4,2026-01-01,1
1399,7,4,2026-02-01,1
1400,7,4,2026-03-01,1
1401,7,4,2026-04-01,2
1402,7,4,2026-05-01,2
1403,7,4,2026-06-01,2
1404,7,4,2026-07-01,2
1405,7,10,2025-08-01,1
1406,7,10,2025-09-01,1
1407,7,10,2025-10-01,1
1408,7,10,2025-11-01,1
1409,7,10,2025-12-01,1
1410,7,10,2026-01-01,1
1411,7,10,2026-02-01,1
1412,7,10,2026-03-01,1
1413,7,10,2026-04-01,1
1414,7,10,2026-05-01,1
1415,7,10,2026-06-01,1
1416,7,10,2026-07-01,1
1417,7,11,2025-08-01,1
1418,7,11,2025-09-01,1
1419,7,11,2025-10-01,1
1420,7,11,2025-11-01,1
1421,7,11,2025-12-01,1
1422,7,11,2026-01-01,1
1423,7,11,2026-02-01,1
1424,7,11,2026-03-01,1
1425,7,11,2026-04-01,1
1426,7,11,2026-05-01,0
1427,7,11,2026-06-01,1
1428,7,11,2026-07-01,1
1429,7,2,2025-08-01,1
1430,7,2,2025-09-01,2
1431,7,2,2025-10-01,2
1432,7,2,2025-11-01,2
1433,7,2,2025-12-01,2
1434,7,2,2026-01-01,1
1435,7,2,2026-02-01,1
1436,7,2,2026-03-01,0
1437,7,2,2026-04-01,2
1438,7,2,2026-05-01,2
1439,7,2,2026-06-01,2
1440,7,2,2026-07-01,2
1441,7,19,2025-08-01,8
1442,7,19,2025-09-01,7
1443,7,19,2025-10-01,6
1444,7,19,2025-11-01,8
1445,7,19,2025-12-01,6
1446,7,19,2026-01-01,12
1447,7,19,2026-02-01,5
1448,7,19,2026-03-01,8
1449,7,19,2026-04-01,3
1450,7,19,2026-05-01,9
1451,7,19,2026-06-01,8
1452,7,19,2026-07-01,7
1453,7,21,2025-08-01,6
1454,7,21,2025-09-01,8
1455,7,21,2025-10-01,7
1456,7,21,2025-11-01,8
1457,7,21,2025-12-01,13
1458,7,21,2026-01-01,8
1459,7,21,2026-02-01,9
1460,7,21,2026-03-01,7
1461,7,21,2026-04-01,6
1462,7,21,2026-05-01,8
1463,7,21,2026-06-01,14
1464,7,21,2026-07-01,7
1465,7,8,2025-08-01,2
1466,7,8,2025-09-01,1
1467,7,8,2025-10-01,0
1468,7,8,2025-11-01,1
1469,7,8,2025-12-01,3
1470,7,8,2026-01-01,2
1471,7,8,2026-02-01,2
1472,7,8,2026-03-01,1
1473,7,8,2026-04-01,0
1474,7,8,2026-05-01,1
1475,7,8,2026-06-01,2
1476,7,8,2026-07-01,2
1477,7,18,2025-08-01,8
1478,7,18,2025-09-01,7
1479,7,18,2025-10-01,10
1480,7,18,2025-11-01,7
1481,7,18,2025-12-01,9
1482,7,18,2026-01-01,8
1483,7,18,2026-02-01,7
1484,7,18,2026-03-01,6
1485,7,18,2026-04-01,7
1486,7,18,2026-05-01,12
1487,7,18,2026-06-01,11
1488,7,18,2026-07-01,10
1489,8,21,2025-08-01,6
1490,8,21,2025-09-01,5
1491,8,21,2025-10-01,11
1492,8,21,2025-11-01,10
1493,8,21,2025-12-01,8
1494,8,21,2026-01-01,7
1495,8,21,2026-02-01,4
1496,8,21,2026-03-01,10
1497,8,21,2026-04-01,11
1498,8,21,2026-05-01,6
1499,8,21,2026-06-01,6
1500,8,21,2026-07-01,11
1501,8,18,2025-08-01,6
1502,8,18,2025-09-01,12
1503,8,18,2025-10-01,8
1504,8,18,2025-11-01,7
1505,8,18,2025-12-01,8
1506,8,18,2026-01-01,7
1507,8,18,2026-02-01,11
1508,8,18,2026-03-01,10
1509,8,18,2026-04-01,11
1510,8,18,2026-05-01,8
1511,8,18,2026-06-01,7
1512,8,18,2026-07-01,8
1513,8,9,2025-08-01,1
1514,8,9,2025-09-01,1
1515,8,9,2025-10-01,1
1516,8,9,2025-11-01,1
1517,8,9,2025-12-01,1
1518,8,9,2026-01-01,1
1519,8,9,2026-02-01,1
1520,8,9,2026-03-01,1
1521,8,9,2026-04-01,1
1522,8,9,2026-05-01,1
1523,8,9,2026-06-01,1
1524,8,9,2026-07-01,1
1525,8,1,2025-08-01,9
1526,8,1,2025-09-01,9
1527,8,1,2025-10-01,9
1528,8,1,2025-11-01,0
1529,8,1,2025-12-01,0
1530,8,1,2026-01-01,9
1531,8,1,2026-02-01,0
1532,8,1,2026-03-01,6
1533,8,1,2026-04-01,0
1534,8,1,2026-05-01,0
1535,8,1,2026-06-01,6
1536,8,1,2026-07-01,0
1537,8,7,2025-08-01,1
1538,8,7,2025-09-01,1
1539,8,7,2025-10-01,1
1540,8,7,2025-11-01,2
1541,8,7,2025-12-01,1
1542,8,7,2026-01-01,2
1543,8,7,2026-02-01,3
1544,8,7,2026-03-01,1
1545,8,7,2026-04-01,2
1546,8,7,2026-05-01,2
1547,8,7,2026-06-01,1
1548,8,7,2026-07-01,2
1549,8,23,2025-08-01,40
1550,8,23,2025-09-01,42
1551,8,23,2025-10-01,33
1552,8,23,2025-11-01,34
1553,8,23,2025-12-01,40
1554,8,23,2026-01-01,16
1555,8,23,2026-02-01,58
1556,8,23,2026-03-01,66
1557,8,23,2026-04-01,42
1558,8,23,2026-05-01,48
1559,8,23,2026-06-01,53
1560,8,23,2026-07-01,24
1561,8,15,2025-08-01,10
1562,8,15,2025-09-01,7
1563,8,15,2025-10-01,13
1564,8,15,2025-11-01,8
1565,8,15,2025-12-01,10
1566,8,15,2026-01-01,8
1567,8,15,2026-02-01,13
1568,8,15,2026-03-01,7
1569,8,15,2026-04-01,11
1570,8,15,2026-05-01,10
1571,8,15,2026-06-01,9
1572,8,15,2026-07-01,9
1573,8,17,2025-08-01,6
1574,8,17,2025-09-01,2
1575,8,17,2025-10-01,11
1576,8,17,2025-11-01,7
1577,8,17,2025-12-01,11
1578,8,17,2026-01-01,9
1579,8,17,2026-02-01,11
1580,8,17,2026-03-01,10
1581,8,17,2026-04-01,2
1582,8,17,2026-05-01,9
1583,8,17,2026-06-01,7
1584,8,17,2026-07-01,11
1585,8,8,2025-08-01,2
1586,8,8,2025-09-01,2
1587,8,8,2025-10-01,1
1588,8,8,2025-11-01,1
1589,8,8,2025-12-01,1
1590,8,8,2026-01-01,1
1591,8,8,2026-02-01,1
1592,8,8,2026-03-01,1
1593,8,8,2026-04-01,1
1594,8,8,2026-05-01,2
1595,8,8,2026-06-01,2
1596,8,8,2026-07-01,1
1597,8,10,2025-08-01,1
1598,8,10,2025-09-01,1
1599,8,10,2025-10-01,1
1600,8,10,2025-11-01,1
1601,8,10,2025-12-01,1
1602,8,10,2026-01-01,1
1603,8,10,2026-02-01,1
1604,8,10,2026-03-01,1
1605,8,10,2026-04-01,1
1606,8,10,2026-05-01,1
1607,8,10,2026-06-01,1
1608,8,10,2026-07-01,1
1609,8,16,2025-08-01,3
1610,8,16,2025-09-01,7
1611,8,16,2025-10-01,11
1612,8,16,2025-11-01,9
1613,8,16,2025-12-01,12
1614,8,16,2026-01-01,12
1615,8,16,2026-02-01,9
1616,8,16,2026-03-01,7
1617,8,16,2026-04-01,6
1618,8,16,2026-05-01,7
1619,8,16,2026-06-01,7
1620,8,16,2026-07-01,7
1621,8,2,2025-08-01,1
1622,8,2,2025-09-01,2
1623,8,2,2025-10-01,2
1624,8,2,2025-11-01,2
1625,8,2,2025-12-01,1
1626,8,2,2026-01-01,2
1627,8,2,2026-02-01,2
1628,8,2,2026-03-01,1
1629,8,2,2026-04-01,1
1630,8,2,2026-05-01,1
1631,8,2,2026-06-01,2
1632,8,2,2026-07-01,2
1633,8,12,2025-08-01,1
1634,8,12,2025-09-01,1
1635,8,12,2025-10-01,1
1636,8,12,2025-11-01,1
1637,8,12,2025-12-01,1
1638,8,12,2026-01-01,1
1639,8,12,2026-02-01,1
1640,8,12,2026-03-01,1
1641,8,12,2026-04-01,0
1642,8,12,2026-05-01,1
1643,8,12,2026-06-01,1
1644,8,12,2026-07-01,1
1645,8,25,2025-08-01,54
1646,8,25,2025-09-01,60
1647,8,25,2025-10-01,52
1648,8,25,2025-11-01,43
1649,8,25,2025-12-01,23
1650,8,25,2026-01-01,16
1651,8,25,2026-02-01,51
1652,8,25,2026-03-01,56
1653,8,25,2026-04-01,30
1654,8,25,2026-05-01,37
1655,8,25,2026-06-01,33
1656,8,25,2026-07-01,33
1657,8,22,2025-08-01,53
1658,8,22,2025-09-01,43
1659,8,22,2025-10-01,37
1660,8,22,2025-11-01,72
1661,8,22,2025-12-01,23
1662,8,22,2026-01-01,47
1663,8,22,2026-02-01,27
1664,8,22,2026-03-01,38
1665,8,22,2026-04-01,42
1666,8,22,2026-05-01,50
1667,8,22,2026-06-01,37
1668,8,22,2026-07-01,36
1669,9,11,2025-08-01,1
1670,9,11,2025-09-01,1
1671,9,11,2025-10-01,1
1672,9,11,2025-11-01,1
1673,9,11,2025-12-01,1
1674,9,11,2026-01-01,1
1675,9,11,2026-02-01,1
1676,9,11,2026-03-01,1
1677,9,11,2026-04-01,1
1678,9,11,2026-05-01,1
1679,9,11,2026-06-01,1
1680,9,11,2026-07-01,1
1681,9,18,2025-08-01,7
1682,9,18,2025-09-01,8
1683,9,18,2025-10-01,11
1684,9,18,2025-11-01,10
1685,9,18,2025-12-01,7
1686,9,18,2026-01-01,5
1687,9,18,2026-02-01,8
1688,9,18,2026-03-01,6
1689,9,18,2026-04-01,12
1690,9,18,2026-05-01,10
1691,9,18,2026-06-01,6
1692,9,18,2026-07-01,5
1693,9,2,2025-08-01,1
1694,9,2,2025-09-01,1
1695,9,2,2025-10-01,1
1696,9,2,2025-11-01,2
1697,9,2,2025-12-01,1
1698,9,2,2026-01-01,3
1699,9,2,2026-02-01,1
1700,9,2,2026-03-01,1
1701,9,2,2026-04-01,2
1702,9,2,2026-05-01,2
1703,9,2,2026-06-01,1
1704,9,2,2026-07-01,2
1705,9,20,2025-08-01,9
1706,9,20,2025-09-01,8
1707,9,20,2025-10-01,5
1708,9,20,2025-11-01,2
1709,9,20,2025-12-01,6
1710,9,20,2026-01-01,12
1711,9,20,2026-02-01,12
1712,9,20,2026-03-01,7
1713,9,20,2026-04-01,6
1714,9,20,2026-05-01,9
1715,9,20,2026-06-01,9
1716,9,20,2026-07-01,9
1717,9,6,2025-08-01,0
1718,9,6,2025-09-01,3
1719,9,6,2025-10-01,2
1720,9,6,2025-11-01,1
1721,9,6,2025-12-01,1
1722,9,6,2026-01-01,2
1723,9,6,2026-02-01,2
1724,9,6,2026-03-01,2
1725,9,6,2026-04-01,2
1726,9,6,2026-05-01,1
1727,9,6,2026-06-01,2
1728,9,6,2026-07-01,2
1729,9,17,2025-08-01,9
1730,9,17,2025-09-01,9
1731,9,17,2025-10-01,11
1732,9,17,2025-11-01,4
1733,9,17,2025-12-01,6
1734,9,17,2026-01-01,8
1735,9,17,2026-02-01,6
1736,9,17,2026-03-01,7
1737,9,17,2026-04-01,11
1738,9,17,2026-05-01,8
1739,9,17,2026-06-01,4
1740,9,17,2026-07-01,7
1741,9,24,2025-08-01,41
1742,9,24,2025-09-01,40
1743,9,24,2025-10-01,47
1744,9,24,2025-11-01,46
1745,9,24,2025-12-01,38
1746,9,24,2026-01-01,26
1747,9,24,2026-02-01,35
1748,9,24,2026-03-01,33
1749,9,24,2026-04-01,37
1750,9,24,2026-05-01,48
1751,9,24,2026-06-01,45
1752,9,24,2026-07-01,50
1753,9,12,2025-08-01,1
1754,9,12,2025-09-01,1
1755,9,12,2025-10-01,1
1756,9,12,2025-11-01,1
1757,9,12,2025-12-01,1
1758,9,12,2026-01-01,1
1759,9,12,2026-02-01,0
1760,9,12,2026-03-01,1
1761,9,12,2026-04-01,1
1762,9,12,2026-05-01,1
1763,9,12,2026-06-01,1
1764,9,12,2026-07-01,1
1765,9,25,2025-08-01,17
1766,9,25,2025-09-01,57
1767,9,25,2025-10-01,38
1768,9,25,2025-11-01,35
1769,9,25,2025-12-01,32
1770,9,25,2026-01-01,55
1771,9,25,2026-02-01,51
1772,9,25,2026-03-01,28
1773,9,25,2026-04-01,54
1774,9,25,2026-05-01,38
1775,9,25,2026-06-01,33
1776,9,25,2026-07-01,36
1777,9,10,2025-08-01,1
1778,9,10,2025-09-01,1
1779,9,10,2025-10-01,1
1780,9,10,2025-11-01,1
1781,9,10,2025-12-01,1
1782,9,10,2026-01-01,1
1783,9,10,2026-02-01,1
1784,9,10,2026-03-01,0
1785,9,10,2026-04-01,1
1786,9,10,2026-05-01,1
1787,9,10,2026-06-01,1
1788,9,10,2026-07-01,1
1789,9,15,2025-08-01,5
1790,9,15,2025-09-01,8
1791,9,15,2025-10-01,12
1792,9,15,2025-11-01,10
1793,9,15,2025-12-01,4
1794,9,15,2026-01-01,10
1795,9,15,2026-02-01,12
1796,9,15,2026-03-01,15
1797,9,15,2026-04-01,9
1798,9,15,2026-05-01,5
1799,9,15,2026-06-01,9
1800,9,15,2026-07-01,12
1801,9,4,2025-08-01,1
1802,9,4,2025-09-01,2
1803,9,4,2025-10-01,1
1804,9,4,2025-11-01,2
1805,9,4,2025-12-01,0
1806,9,4,2026-01-01,1
1807,9,4,2026-02-01,1
1808,9,4,2026-03-01,1
1809,9,4,2026-04-01,1
1810,9,4,2026-05-01,1
1811,9,4,2026-06-01,2
1812,9,4,2026-07-01,1
1813,9,7,2025-08-01,2
1814,9,7,2025-09-01,2
1815,9,7,2025-10-01,1
1816,9,7,2025-11-01,2
1817,9,7,2025-12-01,1
1818,9,7,2026-01-01,2
1819,9,7,2026-02-01,2
1820,9,7,2026-03-01,1
1821,9,7,2026-04-01,1
1822,9,7,2026-05-01,2
1823,9,7,2026-06-01,2
1824,9,7,2026-07-01,2
1825,9,13,2025-08-01,1
1826,9,13,2025-09-01,1
1827,9,13,2025-10-01,0
1828,9,13,2025-11-01,1
1829,9,13,2025-12-01,1
1830,9,13,2026-01-01,1
1831,9,13,2026-02-01,1
1832,9,13,2026-03-01,1
1833,9,13,2026-04-01,1
1834,9,13,2026-05-01,1
1835,9,13,2026-06-01,0
1836,9,13,2026-07-01,0
1837,9,5,2025-08-01,2
1838,9,5,2025-09-01,1
1839,9,5,2025-10-01,2
1840,9,5,2025-11-01,2
1841,9,5,2025-12-01,1
1842,9,5,2026-01-01,2
1843,9,5,2026-02-01,2
1844,9,5,2026-03-01,2
1845,9,5,2026-04-01,2
1846,9,5,2026-05-01,1
1847,9,5,2026-06-01,1
1848,9,5,2026-07-01,1
1849,9,16,2025-08-01,10
1850,9,16,2025-09-01,6
1851,9,16,2025-10-01,12
1852,9,16,2025-11-01,6
1853,9,16,2025-12-01,9
1854,9,16,2026-01-01,7
1855,9,16,2026-02-01,7
1856,9,16,2026-03-01,13
1857,9,16,2026-04-01,7
1858,9,16,2026-05-01,7
1859,9,16,2026-06-01,6
1860,9,16,2026-07-01,8
1861,10,9,2025-08-01,1
1862,10,9,2025-09-01,1
1863,10,9,2025-10-01,1
1864,10,9,2025-11-01,1
1865,10,9,2025-12-01,1
1866,10,9,2026-01-01,1
1867,10,9,2026-02-01,1
1868,10,9,2026-03-01,1
1869,10,9,2026-04-01,1
1870,10,9,2026-05-01,1
1871,10,9,2026-06-01,1
1872,10,9,2026-07-01,1
1873,10,13,2025-08-01,1
1874,10,13,2025-09-01,1
1875,10,13,2025-10-01,1
1876,10,13,2025-11-01,1
1877,10,13,2025-12-01,1
1878,10,13,2026-01-01,1
1879,10,13,2026-02-01,1
1880,10,13,2026-03-01,1
1881,10,13,2026-04-01,1
1882,10,13,2026-05-01,1
1883,10,13,2026-06-01,1
1884,10,13,2026-07-01,1
1885,10,4,2025-08-01,1
1886,10,4,2025-09-01,2
1887,10,4,2025-10-01,2
1888,10,4,2025-11-01,1
1889,10,4,2025-12-01,2
1890,10,4,2026-01-01,2
1891,10,4,2026-02-01,2
1892,10,4,2026-03-01,1
1893,10,4,2026-04-01,1
1894,10,4,2026-05-01,1
1895,10,4,2026-06-01,2
1896,10,4,2026-07-01,1
1897,10,8,2025-08-01,2
1898,10,8,2025-09-01,1
1899,10,8,2025-10-01,1
1900,10,8,2025-11-01,2
1901,10,8,2025-12-01,1
1902,10,8,2026-01-01,2
1903,10,8,2026-02-01,1
1904,10,8,2026-03-01,1
1905,10,8,2026-04-01,1
1906,10,8,2026-05-01,1
1907,10,8,2026-06-01,2
1908,10,8,2026-07-01,2
1909,10,20,2025-08-01,6
1910,10,20,2025-09-01,5
1911,10,20,2025-10-01,7
1912,10,20,2025-11-01,9
1913,10,20,2025-12-01,8
1914,10,20,2026-01-01,9
1915,10,20,2026-02-01,8
1916,10,20,2026-03-01,8
1917,10,20,2026-04-01,14
1918,10,20,2026-05-01,7
1919,10,20,2026-06-01,12
1920,10,20,2026-07-01,11
1921,10,14,2025-08-01,1
1922,10,14,2025-09-01,0
1923,10,14,2025-10-01,1
1924,10,14,2025-11-01,1
1925,10,14,2025-12-01,1
1926,10,14,2026-01-01,1
1927,10,14,2026-02-01,1
1928,10,14,2026-03-01,1
1929,10,14,2026-04-01,1
1930,10,14,2026-05-01,1
1931,10,14,2026-06-01,1
1932,10,14,2026-07-01,1
1933,10,25,2025-08-01,61
1934,10,25,2025-09-01,41
1935,10,25,2025-10-01,45
1936,10,25,2025-11-01,37
1937,10,25,2025-12-01,34
1938,10,25,2026-01-01,48
1939,10,25,2026-02-01,39
1940,10,25,2026-03-01,45
1941,10,25,2026-04-01,46
1942,10,25,2026-05-01,44
1943,10,25,2026-06-01,47
1944,10,25,2026-07-01,30
1945,10,3,2025-08-01,1
1946,10,3,2025-09-01,1
1947,10,3,2025-10-01,1
1948,10,3,2025-11-01,1
1949,10,3,2025-12-01,2
1950,10,3,2026-01-01,2
1951,10,3,2026-02-01,2
1952,10,3,2026-03-01,2
1953,10,3,2026-04-01,1
1954,10,3,2026-05-01,1
1955,10,3,2026-06-01,1
1956,10,3,2026-07-01,2
1957,10,2,2025-08-01,1
1958,10,2,2025-09-01,1
1959,10,2,2025-10-01,1
1960,10,2,2025-11-01,2
1961,10,2,2025-12-01,1
1962,10,2,2026-01-01,3
1963,10,2,2026-02-01,2
1964,10,2,2026-03-01,2
1965,10,2,2026-04-01,1
1966,10,2,2026-05-01,2
1967,10,2,2026-06-01,2
1968,10,2,2026-07-01,2
1969,10,18,2025-08-01,8
1970,10,18,2025-09-01,12
1971,10,18,2025-10-01,4
1972,10,18,2025-11-01,10
1973,10,18,2025-12-01,8
1974,10,18,2026-01-01,6
1975,10,18,2026-02-01,13
1976,10,18,2026-03-01,12
1977,10,18,2026-04-01,3
1978,10,18,2026-05-01,8
1979,10,18,2026-06-01,10
1980,10,18,2026-07-01,9
1981,10,1,2025-08-01,0
1982,10,1,2025-09-01,0
1983,10,1,2025-10-01,0
1984,10,1,2025-11-01,6
1985,10,1,2025-12-01,0
1986,10,1,2026-01-01,0
1987,10,1,2026-02-01,6
1988,10,1,2026-03-01,0
1989,10,1,2026-04-01,9
1990,10,1,2026-05-01,0
1991,10,1,2026-06-01,1
1992,10,1,2026-07-01,0
1993,10,11,2025-08-01,1
1994,10,11,2025-09-01,1
1995,10,11,2025-10-01,1
1996,10,11,2025-11-01,1
1997,10,11,2025-12-01,1
1998,10,11,2026-01-01,1
1999,10,11,2026-02-01,1
2000,10,11,2026-03-01,1
2001,10,11,2026-04-01,1
2002,10,11,2026-05-01,1
2003,10,11,2026-06-01,2
2004,10,11,2026-07-01,1
2005,10,17,2025-08-01,11
2006,10,17,2025-09-01,10
2007,10,17,2025-10-01,11
2008,10,17,2025-11-01,9
2009,10,17,2025-12-01,9
2010,10,17,2026-01-01,11
2011,10,17,2026-02-01,14
2012,10,17,2026-03-01,7
2013,10,17,2026-04-01,10
2014,10,17,2026-05-01,8
2015,10,17,2026-06-01,9
2016,10,17,2026-07-01,8
2017,10,7,2025-08-01,1
2018,10,7,2025-09-01,1
2019,10,7,2025-10-01,2
2020,10,7,2025-11-01,1
2021,10,7,2025-12-01,2
2022,10,7,2026-01-01,2
2023,10,7,2026-02-01,1
2024,10,7,2026-03-01,2
2025,10,7,2026-04-01,2
2026,10,7,2026-05-01,2
2027,10,7,2026-06-01,2
2028,10,7,2026-07-01,2
2029,10,6,2025-08-01,1
2030,10,6,2025-09-01,1
2031,10,6,2025-10-01,1
2032,10,6,2025-11-01,2
2033,10,6,2025-12-01,2
2034,10,6,2026-01-01,2
2035,10,6,2026-02-01,2
2036,10,6,2026-03-01,2
2037,10,6,2026-04-01,1
2038,10,6,2026-05-01,1
2039,10,6,2026-06-01,1
2040,10,6,2026-07-01,1
2041,10,19,2025-08-01,12
2042,10,19,2025-09-01,11
2043,10,19,2025-10-01,10
2044,10,19,2025-11-01,8
2045,10,19,2025-12-01,6
2046,10,19,2026-01-01,8
2047,10,19,2026-02-01,11
2048,10,19,2026-03-01,9
2049,10,19,2026-04-01,4
2050,10,19,2026-05-01,8
2051,10,19,2026-06-01,3
2052,10,19,2026-07-01,10
2053,10,23,2025-08-01,32
2054,10,23,2025-09-01,25
2055,10,23,2025-10-01,50
2056,10,23,2025-11-01,47
2057,10,23,2025-12-01,43
2058,10,23,2026-01-01,66
2059,10,23,2026-02-01,48
2060,10,23,2026-03-01,32
2061,10,23,2026-04-01,46
2062,10,23,2026-05-01,37
2063,10,23,2026-06-01,55
2064,10,23,2026-07-01,43
2065,10,22,2025-08-01,45
2066,10,22,2025-09-01,23
2067,10,22,2025-10-01,41
2068,10,22,2025-11-01,39
2069,10,22,2025-12-01,28
2070,10,22,2026-01-01,37
2071,10,22,2026-02-01,45
2072,10,22,2026-03-01,40
2073,10,22,2026-04-01,23
2074,10,22,2026-05-01,37
2075,10,22,2026-06-01,34
2076,10,22,2026-07-01,42
2077,11,19,2025-08-01,8
2078,11,19,2025-09-01,7
2079,11,19,2025-10-01,7
2080,11,19,2025-11-01,8
2081,11,19,2025-12-01,10
2082,11,19,2026-01-01,9
2083,11,19,2026-02-01,11
2084,11,19,2026-03-01,11
2085,11,19,2026-04-01,12
2086,11,19,2026-05-01,11
2087,11,19,2026-06-01,12
2088,11,19,2026-07-01,5
2089,11,23,2025-08-01,48
2090,11,23,2025-09-01,55
2091,11,23,2025-10-01,57
2092,11,23,2025-11-01,31
2093,11,23,2025-12-01,48
2094,11,23,2026-01-01,41
2095,11,23,2026-02-01,62
2096,11,23,2026-03-01,23
2097,11,23,2026-04-01,31
2098,11,23,2026-05-01,18
2099,11,23,2026-06-01,42
2100,11,23,2026-07-01,67
2101,11,11,2025-08-01,1
2102,11,11,2025-09-01,1
2103,11,11,2025-10-01,1
2104,11,11,2025-11-01,1
2105,11,11,2025-12-01,1
2106,11,11,2026-01-01,1
2107,11,11,2026-02-01,1
2108,11,11,2026-03-01,1
2109,11,11,2026-04-01,1
2110,11,11,2026-05-01,1
2111,11,11,2026-06-01,1
2112,11,11,2026-07-01,1
2113,11,16,2025-08-01,9
2114,11,16,2025-09-01,10
2115,11,16,2025-10-01,7
2116,11,16,2025-11-01,6
2117,11,16,2025-12-01,8
2118,11,16,2026-01-01,5
2119,11,16,2026-02-01,9
2120,11,16,2026-03-01,11
2121,11,16,2026-04-01,6
2122,11,16,2026-05-01,9
2123,11,16,2026-06-01,6
2124,11,16,2026-07-01,6
2125,11,4,2025-08-01,2
2126,11,4,2025-09-01,1
2127,11,4,2025-10-01,1
2128,11,4,2025-11-01,2
2129,11,4,2025-12-01,2
2130,11,4,2026-01-01,2
2131,11,4,2026-02-01,2
2132,11,4,2026-03-01,1
2133,11,4,2026-04-01,1
2134,11,4,2026-05-01,2
2135,11,4,2026-06-01,2
2136,11,4,2026-07-01,2
2137,11,21,2025-08-01,7
2138,11,21,2025-09-01,11
2139,11,21,2025-10-01,10
2140,11,21,2025-11-01,8
2141,11,21,2025-12-01,7
2142,11,21,2026-01-01,8
2143,11,21,2026-02-01,12
2144,11,21,2026-03-01,5
2145,11,21,2026-04-01,6
2146,11,21,2026-05-01,6
2147,11,21,2026-06-01,7
2148,11,21,2026-07-01,8
2149,11,8,2025-08-01,2
2150,11,8,2025-09-01,2
2151,11,8,2025-10-01,2
2152,11,8,2025-11-01,2
2153,11,8,2025-12-01,2
2154,11,8,2026-01-01,1
2155,11,8,2026-02-01,2
2156,11,8,2026-03-01,1
2157,11,8,2026-04-01,1
2158,11,8,2026-05-01,2
2159,11,8,2026-06-01,1
2160,11,8,2026-07-01,2
2161,11,13,2025-08-01,1
2162,11,13,2025-09-01,1
2163,11,13,2025-10-01,1
2164,11,13,2025-11-01,1
2165,11,13,2025-12-01,1
2166,11,13,2026-01-01,1
2167,11,13,2026-02-01,1
2168,11,13,2026-03-01,2
2169,11,13,2026-04-01,1
2170,11,13,2026-05-01,1
2171,11,13,2026-06-01,1
2172,11,13,2026-07-01,1
2173,11,3,2025-08-01,1
2174,11,3,2025-09-01,1
2175,11,3,2025-10-01,2
2176,11,3,2025-11-01,1
2177,11,3,2025-12-01,2
2178,11,3,2026-01-01,2
2179,11,3,2026-02-01,1
2180,11,3,2026-03-01,2
2181,11,3,2026-04-01,1
2182,11,3,2026-05-01,1
2183,11,3,2026-06-01,1
2184,11,3,2026-07-01,2
2185,11,17,2025-08-01,9
2186,11,17,2025-09-01,9
2187,11,17,2025-10-01,7
2188,11,17,2025-11-01,8
2189,11,17,2025-12-01,7
2190,11,17,2026-01-01,4
2191,11,17,2026-02-01,8
2192,11,17,2026-03-01,9
2193,11,17,2026-04-01,8
2194,11,17,2026-05-01,12
2195,11,17,2026-06-01,6
2196,11,17,2026-07-01,6
2197,11,15,2025-08-01,8
2198,11,15,2025-09-01,9
2199,11,15,2025-10-01,3
2200,11,15,2025-11-01,9
2201,11,15,2025-12-01,9
2202,11,15,2026-01-01,3
2203,11,15,2026-02-01,8
2204,11,15,2026-03-01,6
2205,11,15,2026-04-01,7
2206,11,15,2026-05-01,5
2207,11,15,2026-06-01,9
2208,11,15,2026-07-01,12
2209,11,2,2025-08-01,2
2210,11,2,2025-09-01,1
2211,11,2,2025-10-01,2
2212,11,2,2025-11-01,1
2213,11,2,2025-12-01,1
2214,11,2,2026-01-01,2
2215,11,2,2026-02-01,2
2216,11,2,2026-03-01,1
2217,11,2,2026-04-01,1
2218,11,2,2026-05-01,1
2219,11,2,2026-06-01,1
2220,11,2,2026-07-01,1
2221,11,5,2025-08-01,1
2222,11,5,2025-09-01,1
2223,11,5,2025-10-01,2
2224,11,5,2025-11-01,2
2225,11,5,2025-12-01,2
2226,11,5,2026-01-01,2
2227,11,5,2026-02-01,1
2228,11,5,2026-03-01,1
2229,11,5,2026-04-01,1
2230,11,5,2026-05-01,1
2231,11,5,2026-06-01,1
2232,11,5,2026-07-01,1
2233,11,25,2025-08-01,53
2234,11,25,2025-09-01,50
2235,11,25,2025-10-01,46
2236,11,25,2025-11-01,42
2237,11,25,2025-12-01,57
2238,11,25,2026-01-01,27
2239,11,25,2026-02-01,28
2240,11,25,2026-03-01,53
2241,11,25,2026-04-01,40
2242,11,25,2026-05-01,32
2243,11,25,2026-06-01,47
2244,11,25,2026-07-01,35
2245,11,10,2025-08-01,1
2246,11,10,2025-09-01,1
2247,11,10,2025-10-01,1
2248,11,10,2025-11-01,1
2249,11,10,2025-12-01,1
2250,11,10,2026-01-01,1
2251,11,10,2026-02-01,1
2252,11,10,2026-03-01,1
2253,11,10,2026-04-01,1
2254,11,10,2026-05-01,1
2255,11,10,2026-06-01,1
2256,11,10,2026-07-01,1
2257,11,20,2025-08-01,5
2258,11,20,2025-09-01,8
2259,11,20,2025-10-01,7
2260,11,20,2025-11-01,12
2261,11,20,2025-12-01,4
2262,11,20,2026-01-01,5
2263,11,20,2026-02-01,9
2264,11,20,2026-03-01,9
2265,11,20,2026-04-01,2
2266,11,20,2026-05-01,4
2267,11,20,2026-06-01,7
2268,11,20,2026-07-01,11
2269,11,14,2025-08-01,2
2270,11,14,2025-09-01,1
2271,11,14,2025-10-01,1
2272,11,14,2025-11-01,1
2273,11,14,2025-12-01,1
2274,11,14,2026-01-01,1
2275,11,14,2026-02-01,1
2276,11,14,2026-03-01,1
2277,11,14,2026-04-01,1
2278,11,14,2026-05-01,1
2279,11,14,2026-06-01,1
2280,11,14,2026-07-01,1
2281,11,24,2025-08-01,18
2282,11,24,2025-09-01,36
2283,11,24,2025-10-01,37
2284,11,24,2025-11-01,18
2285,11,24,2025-12-01,43
2286,11,24,2026-01-01,46
2287,11,24,2026-02-01,62
2288,11,24,2026-03-01,24
2289,11,24,2026-04-01,49
2290,11,24,2026-05-01,52
2291,11,24,2026-06-01,46
2292,11,24,2026-07-01,28
2293,12,23,2025-08-01,27
2294,12,23,2025-09-01,41
2295,12,23,2025-10-01,41
2296,12,23,2025-11-01,33
2297,12,23,2025-12-01,55
2298,12,23,2026-01-01,35
2299,12,23,2026-02-01,17
2300,12,23,2026-03-01,37
2301,12,23,2026-04-01,46
2302,12,23,2026-05-01,44
2303,12,23,2026-06-01,44
2304,12,23,2026-07-01,58
2305,12,7,2025-08-01,1
2306,12,7,2025-09-01,1
2307,12,7,2025-10-01,2
2308,12,7,2025-11-01,1
2309,12,7,2025-12-01,1
2310,12,7,2026-01-01,2
2311,12,7,2026-02-01,2
2312,12,7,2026-03-01,2
2313,12,7,2026-04-01,2
2314,12,7,2026-05-01,1
2315,12,7,2026-06-01,2
2316,12,7,2026-07-01,1
2317,12,3,2025-08-01,1
2318,12,3,2025-09-01,2
2319,12,3,2025-10-01,1
2320,12,3,2025-11-01,2
2321,12,3,2025-12-01,2
2322,12,3,2026-01-01,2
2323,12,3,2026-02-01,2
2324,12,3,2026-03-01,1
2325,12,3,2026-04-01,2
2326,12,3,2026-05-01,1
2327,12,3,2026-06-01,2
2328,12,3,2026-07-01,2
2329,12,21,2025-08-01,9
2330,12,21,2025-09-01,4
2331,12,21,2025-10-01,3
2332,12,21,2025-11-01,4
2333,12,21,2025-12-01,12
2334,12,21,2026-01-01,5
2335,12,21,2026-02-01,10
2336,12,21,2026-03-01,6
2337,12,21,2026-04-01,7
2338,12,21,2026-05-01,8
2339,12,21,2026-06-01,12
2340,12,21,2026-07-01,9
2341,12,10,2025-08-01,1
2342,12,10,2025-09-01,1
2343,12,10,2025-10-01,1
2344,12,10,2025-11-01,1
2345,12,10,2025-12-01,1
2346,12,10,2026-01-01,1
2347,12,10,2026-02-01,1
2348,12,10,2026-03-01,1
2349,12,10,2026-04-01,1
2350,12,10,2026-05-01,1
2351,12,10,2026-06-01,1
2352,12,10,2026-07-01,1
2353,12,1,2025-08-01,0
2354,12,1,2025-09-01,6
2355,12,1,2025-10-01,0
2356,12,1,2025-11-01,0
2357,12,1,2025-12-01,0
2358,12,1,2026-01-01,0
2359,12,1,2026-02-01,0
2360,12,1,2026-03-01,0
2361,12,1,2026-04-01,6
2362,12,1,2026-05-01,1
2363,12,1,2026-06-01,6
2364,12,1,2026-07-01,1
2365,12,6,2025-08-01,1
2366,12,6,2025-09-01,1
2367,12,6,2025-10-01,2
2368,12,6,2025-11-01,1
2369,12,6,2025-12-01,2
2370,12,6,2026-01-01,2
2371,12,6,2026-02-01,2
2372,12,6,2026-03-01,2
2373,12,6,2026-04-01,2
2374,12,6,2026-05-01,2
2375,12,6,2026-06-01,1
2376,12,6,2026-07-01,1
2377,12,18,2025-08-01,6
2378,12,18,2025-09-01,4
2379,12,18,2025-10-01,6
2380,12,18,2025-11-01,12
2381,12,18,2025-12-01,8
2382,12,18,2026-01-01,13
2383,12,18,2026-02-01,13
2384,12,18,2026-03-01,15
2385,12,18,2026-04-01,13
2386,12,18,2026-05-01,14
2387,12,18,2026-06-01,9
2388,12,18,2026-07-01,9
2389,12,2,2025-08-01,2
2390,12,2,2025-09-01,2
2391,12,2,2025-10-01,2
2392,12,2,2025-11-01,2
2393,12,2,2025-12-01,1
2394,12,2,2026-01-01,1
2395,12,2,2026-02-01,2
2396,12,2,2026-03-01,1
2397,12,2,2026-04-01,1
2398,12,2,2026-05-01,1
2399,12,2,2026-06-01,1
2400,12,2,2026-07-01,2
2401,12,8,2025-08-01,1
2402,12,8,2025-09-01,2
2403,12,8,2025-10-01,2
2404,12,8,2025-11-01,1
2405,12,8,2025-12-01,2
2406,12,8,2026-01-01,1
2407,12,8,2026-02-01,2
2408,12,8,2026-03-01,2
2409,12,8,2026-04-01,2
2410,12,8,2026-05-01,1
2411,12,8,2026-06-01,1
2412,12,8,2026-07-01,1
2413,12,19,2025-08-01,11
2414,12,19,2025-09-01,9
2415,12,19,2025-10-01,6
2416,12,19,2025-11-01,5
2417,12,19,2025-12-01,6
2418,12,19,2026-01-01,6
2419,12,19,2026-02-01,10
2420,12,19,2026-03-01,10
2421,12,19,2026-04-01,5
2422,12,19,2026-05-01,10
2423,12,19,2026-06-01,10
2424,12,19,2026-07-01,5
2425,12,14,2025-08-01,1
2426,12,14,2025-09-01,1
2427,12,14,2025-10-01,1
2428,12,14,2025-11-01,0
2429,12,14,2025-12-01,1
2430,12,14,2026-01-01,1
2431,12,14,2026-02-01,1
2432,12,14,2026-03-01,1
2433,12,14,2026-04-01,1
2434,12,14,2026-05-01,1
2435,12,14,2026-06-01,1
2436,12,14,2026-07-01,1
2437,12,22,2025-08-01,47
2438,12,22,2025-09-01,26
2439,12,22,2025-10-01,45
2440,12,22,2025-11-01,31
2441,12,22,2025-12-01,38
2442,12,22,2026-01-01,60
2443,12,22,2026-02-01,23
2444,12,22,2026-03-01,37
2445,12,22,2026-04-01,25
2446,12,22,2026-05-01,42
2447,12,22,2026-06-01,53
2448,12,22,2026-07-01,42
2449,12,13,2025-08-01,1
2450,12,13,2025-09-01,1
2451,12,13,2025-10-01,1
2452,12,13,2025-11-01,1
2453,12,13,2025-12-01,1
2454,12,13,2026-01-01,0
2455,12,13,2026-02-01,1
2456,12,13,2026-03-01,1
2457,12,13,2026-04-01,1
2458,12,13,2026-05-01,1
2459,12,13,2026-06-01,1
2460,12,13,2026-07-01,2
2461,12,12,2025-08-01,1
2462,12,12,2025-09-01,1
2463,12,12,2025-10-01,1
2464,12,12,2025-11-01,1
2465,12,12,2025-12-01,1
2466,12,12,2026-01-01,1
2467,12,12,2026-02-01,1
2468,12,12,2026-03-01,1
2469,12,12,2026-04-01,1
2470,12,12,2026-05-01,1
2471,12,12,2026-06-01,1
2472,12,12,2026-07-01,1
2473,13,11,2025-08-01,1
2474,13,11,2025-09-01,1
2475,13,11,2025-10-01,1
2476,13,11,2025-11-01,1
2477,13,11,2025-12-01,0
2478,13,11,2026-01-01,0
2479,13,11,2026-02-01,1
2480,13,11,2026-03-01,1
2481,13,11,2026-04-01,1
2482,13,11,2026-05-01,1
2483,13,11,2026-06-01,1
2484,13,11,2026-07-01,1
2485,13,16,2025-08-01,10
2486,13,16,2025-09-01,8
2487,13,16,2025-10-01,11
2488,13,16,2025-11-01,4
2489,13,16,2025-12-01,8
2490,13,16,2026-01-01,8
2491,13,16,2026-02-01,9
2492,13,16,2026-03-01,4
2493,13,16,2026-04-01,7
2494,13,16,2026-05-01,9
2495,13,16,2026-06-01,9
2496,13,16,2026-07-01,11
2497,13,19,2025-08-01,10
2498,13,19,2025-09-01,8
2499,13,19,2025-10-01,10
2500,13,19,2025-11-01,8
2501,13,19,2025-12-01,8
2502,13,19,2026-01-01,10
2503,13,19,2026-02-01,8
2504,13,19,2026-03-01,9
2505,13,19,2026-04-01,10
2506,13,19,2026-05-01,10
2507,13,19,2026-06-01,11
2508,13,19,2026-07-01,14
2509,13,15,2025-08-01,10
2510,13,15,2025-09-01,7
2511,13,15,2025-10-01,9
2512,13,15,2025-11-01,9
2513,13,15,2025-12-01,9
2514,13,15,2026-01-01,12
2515,13,15,2026-02-01,4
2516,13,15,2026-03-01,12
2517,13,15,2026-04-01,12
2518,13,15,2026-05-01,9
2519,13,15,2026-06-01,9
2520,13,15,2026-07-01,7
2521,13,5,2025-08-01,2
2522,13,5,2025-09-01,2
2523,13,5,2025-10-01,2
2524,13,5,2025-11-01,2
2525,13,5,2025-12-01,2
2526,13,5,2026-01-01,2
2527,13,5,2026-02-01,2
2528,13,5,2026-03-01,1
2529,13,5,2026-04-01,2
2530,13,5,2026-05-01,2
2531,13,5,2026-06-01,1
2532,13,5,2026-07-01,2
2533,13,10,2025-08-01,1
2534,13,10,2025-09-01,1
2535,13,10,2025-10-01,1
2536,13,10,2025-11-01,1
2537,13,10,2025-12-01,1
2538,13,10,2026-01-01,1
2539,13,10,2026-02-01,1
2540,13,10,2026-03-01,1
2541,13,10,2026-04-01,1
2542,13,10,2026-05-01,1
2543,13,10,2026-06-01,1
2544,13,10,2026-07-01,1
2545,13,12,2025-08-01,1
2546,13,12,2025-09-01,2
2547,13,12,2025-10-01,1
2548,13,12,2025-11-01,1
2549,13,12,2025-12-01,1
2550,13,12,2026-01-01,1
2551,13,12,2026-02-01,1
2552,13,12,2026-03-01,2
2553,13,12,2026-04-01,1
2554,13,12,2026-05-01,1
2555,13,12,2026-06-01,1
2556,13,12,2026-07-01,1
2557,13,24,2025-08-01,27
2558,13,24,2025-09-01,61
2559,13,24,2025-10-01,42
2560,13,24,2025-11-01,51
2561,13,24,2025-12-01,31
2562,13,24,2026-01-01,45
2563,13,24,2026-02-01,27
2564,13,24,2026-03-01,41
2565,13,24,2026-04-01,32
2566,13,24,2026-05-01,29
2567,13,24,2026-06-01,36
2568,13,24,2026-07-01,12
2569,13,23,2025-08-01,26
2570,13,23,2025-09-01,49
2571,13,23,2025-10-01,44
2572,13,23,2025-11-01,27
2573,13,23,2025-12-01,47
2574,13,23,2026-01-01,29
2575,13,23,2026-02-01,49
2576,13,23,2026-03-01,39
2577,13,23,2026-04-01,36
2578,13,23,2026-05-01,39
2579,13,23,2026-06-01,71
2580,13,23,2026-07-01,31
2581,13,9,2025-08-01,1
2582,13,9,2025-09-01,1
2583,13,9,2025-10-01,1
2584,13,9,2025-11-01,1
2585,13,9,2025-12-01,1
2586,13,9,2026-01-01,1
2587,13,9,2026-02-01,1
2588,13,9,2026-03-01,1
2589,13,9,2026-04-01,1
2590,13,9,2026-05-01,1
2591,13,9,2026-06-01,1
2592,13,9,2026-07-01,1
2593,13,3,2025-08-01,2
2594,13,3,2025-09-01,2
2595,13,3,2025-10-01,2
2596,13,3,2025-11-01,1
2597,13,3,2025-12-01,1
2598,13,3,2026-01-01,1
2599,13,3,2026-02-01,1
2600,13,3,2026-03-01,2
2601,13,3,2026-04-01,1
2602,13,3,2026-05-01,1
2603,13,3,2026-06-01,1
2604,13,3,2026-07-01,1
2605,13,13,2025-08-01,1
2606,13,13,2025-09-01,1
2607,13,13,2025-10-01,1
2608,13,13,2025-11-01,1
2609,13,13,2025-12-01,1
2610,13,13,2026-01-01,1
2611,13,13,2026-02-01,1
2612,13,13,2026-03-01,1
2613,13,13,2026-04-01,1
2614,13,13,2026-05-01,1
2615,13,13,2026-06-01,1
2616,13,13,2026-07-01,1
2617,13,14,2025-08-01,1
2618,13,14,2025-09-01,1
2619,13,14,2025-10-01,0
2620,13,14,2025-11-01,1
2621,13,14,2025-12-01,0
2622,13,14,2026-01-01,1
2623,13,14,2026-02-01,1
2624,13,14,2026-03-01,1
2625,13,14,2026-04-01,1
2626,13,14,2026-05-01,1
2627,13,14,2026-06-01,1
2628,13,14,2026-07-01,1
2629,13,21,2025-08-01,8
2630,13,21,2025-09-01,4
2631,13,21,2025-10-01,7
2632,13,21,2025-11-01,11
2633,13,21,2025-12-01,4
2634,13,21,2026-01-01,7
2635,13,21,2026-02-01,7
2636,13,21,2026-03-01,13
2637,13,21,2026-04-01,7
2638,13,21,2026-05-01,7
2639,13,21,2026-06-01,6
2640,13,21,2026-07-01,8
2641,13,1,2025-08-01,0
2642,13,1,2025-09-01,9
2643,13,1,2025-10-01,0
2644,13,1,2025-11-01,9
2645,13,1,2025-12-01,9
2646,13,1,2026-01-01,0
2647,13,1,2026-02-01,1
2648,13,1,2026-03-01,0
2649,13,1,2026-04-01,1
2650,13,1,2026-05-01,9
2651,13,1,2026-06-01,9
2652,13,1,2026-07-01,0
2653,13,25,2025-08-01,43
2654,13,25,2025-09-01,37
2655,13,25,2025-10-01,57
2656,13,25,2025-11-01,41
2657,13,25,2025-12-01,40
2658,13,25,2026-01-01,35
2659,13,25,2026-02-01,34
2660,13,25,2026-03-01,43
2661,13,25,2026-04-01,50
2662,13,25,2026-05-01,32
2663,13,25,2026-06-01,42
2664,13,25,2026-07-01,42
2665,13,2,2025-08-01,2
2666,13,2,2025-09-01,1
2667,13,2,2025-10-01,1
2668,13,2,2025-11-01,1
2669,13,2,2025-12-01,2
2670,13,2,2026-01-01,1
2671,13,2,2026-02-01,1
2672,13,2,2026-03-01,1
2673,13,2,2026-04-01,1
2674,13,2,2026-05-01,1
2675,13,2,2026-06-01,2
2676,13,2,2026-07-01,2
2677,14,19,2025-08-01,8
2678,14,19,2025-09-01,7
2679,14,19,2025-10-01,3
2680,14,19,2025-11-01,7
2681,14,19,2025-12-01,6
2682,14,19,2026-01-01,9
2683,14,19,2026-02-01,9
2684,14,19,2026-03-01,9
2685,14,19,2026-04-01,11
2686,14,19,2026-05-01,7
2687,14,19,2026-06-01,7
2688,14,19,2026-07-01,10
2689,14,18,2025-08-01,8
2690,14,18,2025-09-01,7
2691,14,18,2025-10-01,12
2692,14,18,2025-11-01,9
2693,14,18,2025-12-01,8
2694,14,18,2026-01-01,6
2695,14,18,2026-02-01,11
2696,14,18,2026-03-01,8
2697,14,18,2026-04-01,8
2698,14,18,2026-05-01,10
2699,14,18,2026-06-01,10
2700,14,18,2026-07-01,9
2701,14,7,2025-08-01,2
2702,14,7,2025-09-01,2
2703,14,7,2025-10-01,2
2704,14,7,2025-11-01,1
2705,14,7,2025-12-01,2
2706,14,7,2026-01-01,1
2707,14,7,2026-02-01,2
2708,14,7,2026-03-01,1
2709,14,7,2026-04-01,1
2710,14,7,2026-05-01,1
2711,14,7,2026-06-01,2
2712,14,7,2026-07-01,2
2713,14,6,2025-08-01,1
2714,14,6,2025-09-01,1
2715,14,6,2025-10-01,2
2716,14,6,2025-11-01,1
2717,14,6,2025-12-01,1
2718,14,6,2026-01-01,2
2719,14,6,2026-02-01,2
2720,14,6,2026-03-01,2
2721,14,6,2026-04-01,2
2722,14,6,2026-05-01,1
2723,14,6,2026-06-01,1
2724,14,6,2026-07-01,1
2725,14,23,2025-08-01,36
2726,14,23,2025-09-01,56
2727,14,23,2025-10-01,20
2728,14,23,2025-11-01,26
2729,14,23,2025-12-01,24
2730,14,23,2026-01-01,57
2731,14,23,2026-02-01,33
2732,14,23,2026-03-01,36
2733,14,23,2026-04-01,21
2734,14,23,2026-05-01,37
2735,14,23,2026-06-01,50
2736,14,23,2026-07-01,43
2737,14,17,2025-08-01,8
2738,14,17,2025-09-01,4
2739,14,17,2025-10-01,7
2740,14,17,2025-11-01,8
2741,14,17,2025-12-01,6
2742,14,17,2026-01-01,10
2743,14,17,2026-02-01,10
2744,14,17,2026-03-01,7
2745,14,17,2026-04-01,10
2746,14,17,2026-05-01,8
2747,14,17,2026-06-01,11
2748,14,17,2026-07-01,13
2749,14,8,2025-08-01,1
2750,14,8,2025-09-01,2
2751,14,8,2025-10-01,2
2752,14,8,2025-11-01,1
2753,14,8,2025-12-01,1
2754,14,8,2026-01-01,1
2755,14,8,2026-02-01,1
2756,14,8,2026-03-01,1
2757,14,8,2026-04-01,1
2758,14,8,2026-05-01,2
2759,14,8,2026-06-01,1
2760,14,8,2026-07-01,1
2761,14,9,2025-08-01,1
2762,14,9,2025-09-01,1
2763,14,9,2025-10-01,1
2764,14,9,2025-11-01,1
2765,14,9,2025-12-01,1
2766,14,9,2026-01-01,1
2767,14,9,2026-02-01,1
2768,14,9,2026-03-01,1
2769,14,9,2026-04-01,2
2770,14,9,2026-05-01,1
2771,14,9,2026-06-01,1
2772,14,9,2026-07-01,1
2773,14,15,2025-08-01,8
2774,14,15,2025-09-01,4
2775,14,15,2025-10-01,9
2776,14,15,2025-11-01,6
2777,14,15,2025-12-01,5
2778,14,15,2026-01-01,4
2779,14,15,2026-02-01,11
2780,14,15,2026-03-01,6
2781,14,15,2026-04-01,9
2782,14,15,2026-05-01,9
2783,14,15,2026-06-01,8
2784,14,15,2026-07-01,9
2785,14,24,2025-08-01,45
2786,14,24,2025-09-01,42
2787,14,24,2025-10-01,31
2788,14,24,2025-11-01,30
2789,14,24,2025-12-01,39
2790,14,24,2026-01-01,38
2791,14,24,2026-02-01,45
2792,14,24,2026-03-01,53
2793,14,24,2026-04-01,44
2794,14,24,2026-05-01,30
2795,14,24,2026-06-01,14
2796,14,24,2026-07-01,31
2797,14,11,2025-08-01,1
2798,14,11,2025-09-01,1
2799,14,11,2025-10-01,1
2800,14,11,2025-11-01,1
2801,14,11,2025-12-01,2
2802,14,11,2026-01-01,1
2803,14,11,2026-02-01,2
2804,14,11,2026-03-01,1
2805,14,11,2026-04-01,1
2806,14,11,2026-05-01,1
2807,14,11,2026-06-01,1
2808,14,11,2026-07-01,1
2809,14,4,2025-08-01,1
2810,14,4,2025-09-01,1
2811,14,4,2025-10-01,1
2812,14,4,2025-11-01,2
2813,14,4,2025-12-01,1
2814,14,4,2026-01-01,1
2815,14,4,2026-02-01,1
2816,14,4,2026-03-01,1
2817,14,4,2026-04-01,1
2818,14,4,2026-05-01,1
2819,14,4,2026-06-01,2
2820,14,4,2026-07-01,2
2821,14,22,2025-08-01,32
2822,14,22,2025-09-01,24
2823,14,22,2025-10-01,33
2824,14,22,2025-11-01,48
2825,14,22,2025-12-01,51
2826,14,22,2026-01-01,44
2827,14,22,2026-02-01,54
2828,14,22,2026-03-01,61
2829,14,22,2026-04-01,34
2830,14,22,2026-05-01,58
2831,14,22,2026-06-01,37
2832,14,22,2026-07-01,52
2833,14,10,2025-08-01,1
2834,14,10,2025-09-01,0
2835,14,10,2025-10-01,1
2836,14,10,2025-11-01,1
2837,14,10,2025-12-01,0
2838,14,10,2026-01-01,1
2839,14,10,2026-02-01,2
2840,14,10,2026-03-01,1
2841,14,10,2026-04-01,1
2842,14,10,2026-05-01,1
2843,14,10,2026-06-01,1
2844,14,10,2026-07-01,1
2845,14,20,2025-08-01,7
2846,14,20,2025-09-01,9
2847,14,20,2025-10-01,10
2848,14,20,2025-11-01,9
2849,14,20,2025-12-01,9
2850,14,20,2026-01-01,8
2851,14,20,2026-02-01,4
2852,14,20,2026-03-01,10
2853,14,20,2026-04-01,5
2854,14,20,2026-05-01,9
2855,14,20,2026-06-01,10
2856,14,20,2026-07-01,5
2857,15,1,2025-08-01,6
2858,15,1,2025-09-01,0
2859,15,1,2025-10-01,1
2860,15,1,2025-11-01,6
2861,15,1,2025-12-01,1
2862,15,1,2026-01-01,0
2863,15,1,2026-02-01,0
2864,15,1,2026-03-01,0
2865,15,1,2026-04-01,6
2866,15,1,2026-05-01,0
2867,15,1,2026-06-01,0
2868,15,1,2026-07-01,9
2869,15,3,2025-08-01,2
2870,15,3,2025-09-01,1
2871,15,3,2025-10-01,1
2872,15,3,2025-11-01,2
2873,15,3,2025-12-01,1
2874,15,3,2026-01-01,2
2875,15,3,2026-02-01,1
2876,15,3,2026-03-01,2
2877,15,3,2026-04-01,2
2878,15,3,2026-05-01,0
2879,15,3,2026-06-01,2
2880,15,3,2026-07-01,1
2881,15,23,2025-08-01,57
2882,15,23,2025-09-01,45
2883,15,23,2025-10-01,49
2884,15,23,2025-11-01,31
2885,15,23,2025-12-01,31
2886,15,23,2026-01-01,40
2887,15,23,2026-02-01,36
2888,15,23,2026-03-01,56
2889,15,23,2026-04-01,38
2890,15,23,2026-05-01,25
2891,15,23,2026-06-01,30
2892,15,23,2026-07-01,52
2893,15,2,2025-08-01,1
2894,15,2,2025-09-01,1
2895,15,2,2025-10-01,2
2896,15,2,2025-11-01,1
2897,15,2,2025-12-01,0
2898,15,2,2026-01-01,1
2899,15,2,2026-02-01,2
2900,15,2,2026-03-01,1
2901,15,2,2026-04-01,1
2902,15,2,2026-05-01,2
2903,15,2,2026-06-01,2
2904,15,2,2026-07-01,2
2905,15,19,2025-08-01,9
2906,15,19,2025-09-01,5
2907,15,19,2025-10-01,9
2908,15,19,2025-11-01,10
2909,15,19,2025-12-01,11
2910,15,19,2026-01-01,10
2911,15,19,2026-02-01,9
2912,15,19,2026-03-01,4
2913,15,19,2026-04-01,8
2914,15,19,2026-05-01,6
2915,15,19,2026-06-01,11
2916,15,19,2026-07-01,11
2917,15,20,2025-08-01,6
2918,15,20,2025-09-01,8
2919,15,20,2025-10-01,9
2920,15,20,2025-11-01,10
2921,15,20,2025-12-01,4
2922,15,20,2026-01-01,3
2923,15,20,2026-02-01,8
2924,15,20,2026-03-01,2
2925,15,20,2026-04-01,8
2926,15,20,2026-05-01,9
2927,15,20,2026-06-01,11
2928,15,20,2026-07-01,7
2929,15,22,2025-08-01,42
2930,15,22,2025-09-01,48
2931,15,22,2025-10-01,26
2932,15,22,2025-11-01,51
2933,15,22,2025-12-01,43
2934,15,22,2026-01-01,33
2935,15,22,2026-02-01,42
2936,15,22,2026-03-01,38
2937,15,22,2026-04-01,49
2938,15,22,2026-05-01,36
2939,15,22,2026-06-01,43
2940,15,22,2026-07-01,33
2941,15,6,2025-08-01,1
2942,15,6,2025-09-01,2
2943,15,6,2025-10-01,1
2944,15,6,2025-11-01,2
2945,15,6,2025-12-01,2
2946,15,6,2026-01-01,1
2947,15,6,2026-02-01,2
2948,15,6,2026-03-01,1
2949,15,6,2026-04-01,1
2950,15,6,2026-05-01,1
2951,15,6,2026-06-01,1
2952,15,6,2026-07-01,2
2953,15,8,2025-08-01,2
2954,15,8,2025-09-01,2
2955,15,8,2025-10-01,1
2956,15,8,2025-11-01,1
2957,15,8,2025-12-01,2
2958,15,8,2026-01-01,1
2959,15,8,2026-02-01,1
2960,15,8,2026-03-01,1
2961,15,8,2026-04-01,1
2962,15,8,2026-05-01,1
2963,15,8,2026-06-01,2
2964,15,8,2026-07-01,2
2965,15,7,2025-08-01,1
2966,15,7,2025-09-01,1
2967,15,7,2025-10-01,1
2968,15,7,2025-11-01,2
2969,15,7,2025-12-01,3
2970,15,7,2026-01-01,2
2971,15,7,2026-02-01,1
2972,15,7,2026-03-01,1
2973,15,7,2026-04-01,2
2974,15,7,2026-05-01,1
2975,15,7,2026-06-01,2
2976,15,7,2026-07-01,0
2977,15,24,2025-08-01,47
2978,15,24,2025-09-01,34
2979,15,24,2025-10-01,39
2980,15,24,2025-11-01,58
2981,15,24,2025-12-01,25
2982,15,24,2026-01-01,43
2983,15,24,2026-02-01,50
2984,15,24,2026-03-01,42
2985,15,24,2026-04-01,21
2986,15,24,2026-05-01,56
2987,15,24,2026-06-01,37
2988,15,24,2026-07-01,34
2989,15,4,2025-08-01,1
2990,15,4,2025-09-01,1
2991,15,4,2025-10-01,1
2992,15,4,2025-11-01,2
2993,15,4,2025-12-01,1
2994,15,4,2026-01-01,2
2995,15,4,2026-02-01,2
2996,15,4,2026-03-01,2
2997,15,4,2026-04-01,1
2998,15,4,2026-05-01,1
2999,15,4,2026-06-01,1
3000,15,4,2026-07-01,2
3001,15,16,2025-08-01,10
3002,15,16,2025-09-01,6
3003,15,16,2025-10-01,12
3004,15,16,2025-11-01,11
3005,15,16,2025-12-01,5
3006,15,16,2026-01-01,6
3007,15,16,2026-02-01,8
3008,15,16,2026-03-01,5
3009,15,16,2026-04-01,8
3010,15,16,2026-05-01,10
3011,15,16,2026-06-01,5
3012,15,16,2026-07-01,9
3013,15,25,2025-08-01,54
3014,15,25,2025-09-01,45
3015,15,25,2025-10-01,39
3016,15,25,2025-11-01,32
3017,15,25,2025-12-01,50
3018,15,25,2026-01-01,26
3019,15,25,2026-02-01,43
3020,15,25,2026-03-01,40
3021,15,25,2026-04-01,54
3022,15,25,2026-05-01,33
3023,15,25,2026-06-01,34
3024,15,25,2026-07-01,25
3025,15,18,2025-08-01,9
3026,15,18,2025-09-01,7
3027,15,18,2025-10-01,6
3028,15,18,2025-11-01,6
3029,15,18,2025-12-01,9
3030,15,18,2026-01-01,5
3031,15,18,2026-02-01,6
3032,15,18,2026-03-01,10
3033,15,18,2026-04-01,8
3034,15,18,2026-05-01,10
3035,15,18,2026-06-01,7
3036,15,18,2026-07-01,8
3037,15,12,2025-08-01,1
3038,15,12,2025-09-01,1
3039,15,12,2025-10-01,1
3040,15,12,2025-11-01,1
3041,15,12,2025-12-01,1
3042,15,12,2026-01-01,1
3043,15,12,2026-02-01,1
3044,15,12,2026-03-01,1
3045,15,12,2026-04-01,1
3046,15,12,2026-05-01,1
3047,15,12,2026-06-01,1
3048,15,12,2026-07-01,1
3049,16,11,2025-08-01,1
3050,16,11,2025-09-01,1
3051,16,11,2025-10-01,1
3052,16,11,2025-11-01,1
3053,16,11,2025-12-01,1
3054,16,11,2026-01-01,1
3055,16,11,2026-02-01,1
3056,16,11,2026-03-01,1
3057,16,11,2026-04-01,1
3058,16,11,2026-05-01,1
3059,16,11,2026-06-01,1
3060,16,11,2026-07-01,1
3061,16,10,2025-08-01,1
3062,16,10,2025-09-01,1
3063,16,10,2025-10-01,1
3064,16,10,2025-11-01,1
3065,16,10,2025-12-01,1
3066,16,10,2026-01-01,1
3067,16,10,2026-02-01,1
3068,16,10,2026-03-01,0
3069,16,10,2026-04-01,1
3070,16,10,2026-05-01,1
3071,16,10,2026-06-01,1
3072,16,10,2026-07-01,1
3073,16,16,2025-08-01,10
3074,16,16,2025-09-01,7
3075,16,16,2025-10-01,6
3076,16,16,2025-11-01,9
3077,16,16,2025-12-01,6
3078,16,16,2026-01-01,12
3079,16,16,2026-02-01,4
3080,16,16,2026-03-01,9
3081,16,16,2026-04-01,9
3082,16,16,2026-05-01,8
3083,16,16,2026-06-01,6
3084,16,16,2026-07-01,3
3085,16,14,2025-08-01,1
3086,16,14,2025-09-01,1
3087,16,14,2025-10-01,1
3088,16,14,2025-11-01,1
3089,16,14,2025-12-01,1
3090,16,14,2026-01-01,1
3091,16,14,2026-02-01,1
3092,16,14,2026-03-01,0
3093,16,14,2026-04-01,2
3094,16,14,2026-05-01,1
3095,16,14,2026-06-01,0
3096,16,14,2026-07-01,1
3097,16,22,2025-08-01,29
3098,16,22,2025-09-01,32
3099,16,22,2025-10-01,36
3100,16,22,2025-11-01,32
3101,16,22,2025-12-01,30
3102,16,22,2026-01-01,26
3103,16,22,2026-02-01,50
3104,16,22,2026-03-01,54
3105,16,22,2026-04-01,37
3106,16,22,2026-05-01,40
3107,16,22,2026-06-01,26
3108,16,22,2026-07-01,41
3109,16,21,2025-08-01,9
3110,16,21,2025-09-01,7
3111,16,21,2025-10-01,9
3112,16,21,2025-11-01,9
3113,16,21,2025-12-01,5
3114,16,21,2026-01-01,11
3115,16,21,2026-02-01,8
3116,16,21,2026-03-01,12
3117,16,21,2026-04-01,9
3118,16,21,2026-05-01,13
3119,16,21,2026-06-01,11
3120,16,21,2026-07-01,9
3121,16,24,2025-08-01,31
3122,16,24,2025-09-01,32
3123,16,24,2025-10-01,46
3124,16,24,2025-11-01,42
3125,16,24,2025-12-01,33
3126,16,24,2026-01-01,50
3127,16,24,2026-02-01,40
3128,16,24,2026-03-01,50
3129,16,24,2026-04-01,28
3130,16,24,2026-05-01,52
3131,16,24,2026-06-01,46
3132,16,24,2026-07-01,54
3133,16,6,2025-08-01,2
3134,16,6,2025-09-01,1
3135,16,6,2025-10-01,1
3136,16,6,2025-11-01,2
3137,16,6,2025-12-01,1
3138,16,6,2026-01-01,2
3139,16,6,2026-02-01,1
3140,16,6,2026-03-01,1
3141,16,6,2026-04-01,1
3142,16,6,2026-05-01,2
3143,16,6,2026-06-01,2
3144,16,6,2026-07-01,2
3145,16,17,2025-08-01,11
3146,16,17,2025-09-01,9
3147,16,17,2025-10-01,6
3148,16,17,2025-11-01,9
3149,16,17,2025-12-01,8
3150,16,17,2026-01-01,7
3151,16,17,2026-02-01,9
3152,16,17,2026-03-01,8
3153,16,17,2026-04-01,7
3154,16,17,2026-05-01,8
3155,16,17,2026-06-01,11
3156,16,17,2026-07-01,11
3157,16,12,2025-08-01,1
3158,16,12,2025-09-01,1
3159,16,12,2025-10-01,1
3160,16,12,2025-11-01,2
3161,16,12,2025-12-01,1
3162,16,12,2026-01-01,1
3163,16,12,2026-02-01,0
3164,16,12,2026-03-01,1
3165,16,12,2026-04-01,1
3166,16,12,2026-05-01,1
3167,16,12,2026-06-01,1
3168,16,12,2026-07-01,1
3169,16,2,2025-08-01,2
3170,16,2,2025-09-01,1
3171,16,2,2025-10-01,1
3172,16,2,2025-11-01,2
3173,16,2,2025-12-01,2
3174,16,2,2026-01-01,2
3175,16,2,2026-02-01,2
3176,16,2,2026-03-01,2
3177,16,2,2026-04-01,2
3178,16,2,2026-05-01,1
3179,16,2,2026-06-01,2
3180,16,2,2026-07-01,2
3181,16,4,2025-08-01,2
3182,16,4,2025-09-01,2
3183,16,4,2025-10-01,1
3184,16,4,2025-11-01,1
3185,16,4,2025-12-01,1
3186,16,4,2026-01-01,1
3187,16,4,2026-02-01,2
3188,16,4,2026-03-01,2
3189,16,4,2026-04-01,2
3190,16,4,2026-05-01,2
3191,16,4,2026-06-01,1
3192,16,4,2026-07-01,2
3193,16,19,2025-08-01,5
3194,16,19,2025-09-01,7
3195,16,19,2025-10-01,9
3196,16,19,2025-11-01,9
3197,16,19,2025-12-01,5
3198,16,19,2026-01-01,6
3199,16,19,2026-02-01,4
3200,16,19,2026-03-01,9
3201,16,19,2026-04-01,11
3202,16,19,2026-05-01,5
3203,16,19,2026-06-01,10
3204,16,19,2026-07-01,10
3205,16,8,2025-08-01,1
3206,16,8,2025-09-01,1
3207,16,8,2025-10-01,1
3208,16,8,2025-11-01,1
3209,16,8,2025-12-01,2
3210,16,8,2026-01-01,1
3211,16,8,2026-02-01,1
3212,16,8,2026-03-01,2
3213,16,8,2026-04-01,1
3214,16,8,2026-05-01,2
3215,16,8,2026-06-01,1
3216,16,8,2026-07-01,1
3217,16,13,2025-08-01,1
3218,16,13,2025-09-01,2
3219,16,13,2025-10-01,2
3220,16,13,2025-11-01,1
3221,16,13,2025-12-01,1
3222,16,13,2026-01-01,1
3223,16,13,2026-02-01,1
3224,16,13,2026-03-01,0
3225,16,13,2026-04-01,1
3226,16,13,2026-05-01,1
3227,16,13,2026-06-01,0
3228,16,13,2026-07-01,1
3229,16,15,2025-08-01,7
3230,16,15,2025-09-01,8
3231,16,15,2025-10-01,10
3232,16,15,2025-11-01,9
3233,16,15,2025-12-01,10
3234,16,15,2026-01-01,8
3235,16,15,2026-02-01,6
3236,16,15,2026-03-01,8
3237,16,15,2026-04-01,10
3238,16,15,2026-05-01,10
3239,16,15,2026-06-01,8
3240,16,15,2026-07-01,6
3241,16,23,2025-08-01,44
3242,16,23,2025-09-01,46
3243,16,23,2025-10-01,55
3244,16,23,2025-11-01,32
3245,16,23,2025-12-01,32
3246,16,23,2026-01-01,49
3247,16,23,2026-02-01,35
3248,16,23,2026-03-01,35
3249,16,23,2026-04-01,55
3250,16,23,2026-05-01,24
3251,16,23,2026-06-01,65
3252,16,23,2026-07-01,33
3253,17,9,2025-08-01,1
3254,17,9,2025-09-01,1
3255,17,9,2025-10-01,1
3256,17,9,2025-11-01,1
3257,17,9,2025-12-01,1
3258,17,9,2026-01-01,1
3259,17,9,2026-02-01,1
3260,17,9,2026-03-01,2
3261,17,9,2026-04-01,1
3262,17,9,2026-05-01,1
3263,17,9,2026-06-01,1
3264,17,9,2026-07-01,2
3265,17,20,2025-08-01,7
3266,17,20,2025-09-01,13
3267,17,20,2025-10-01,9
3268,17,20,2025-11-01,8
3269,17,20,2025-12-01,8
3270,17,20,2026-01-01,13
3271,17,20,2026-02-01,3
3272,17,20,2026-03-01,9
3273,17,20,2026-04-01,7
3274,17,20,2026-05-01,7
3275,17,20,2026-06-01,8
3276,17,20,2026-07-01,7
3277,17,25,2025-08-01,42
3278,17,25,2025-09-01,40
3279,17,25,2025-10-01,24
3280,17,25,2025-11-01,45
3281,17,25,2025-12-01,49
3282,17,25,2026-01-01,33
3283,17,25,2026-02-01,62
3284,17,25,2026-03-01,56
3285,17,25,2026-04-01,50
3286,17,25,2026-05-01,50
3287,17,25,2026-06-01,40
3288,17,25,2026-07-01,54
3289,17,24,2025-08-01,59
3290,17,24,2025-09-01,50
3291,17,24,2025-10-01,33
3292,17,24,2025-11-01,40
3293,17,24,2025-12-01,47
3294,17,24,2026-01-01,50
3295,17,24,2026-02-01,39
3296,17,24,2026-03-01,33
3297,17,24,2026-04-01,59
3298,17,24,2026-05-01,27
3299,17,24,2026-06-01,29
3300,17,24,2026-07-01,24
3301,17,14,2025-08-01,1
3302,17,14,2025-09-01,1
3303,17,14,2025-10-01,1
3304,17,14,2025-11-01,1
3305,17,14,2025-12-01,1
3306,17,14,2026-01-01,1
3307,17,14,2026-02-01,1
3308,17,14,2026-03-01,2
3309,17,14,2026-04-01,1
3310,17,14,2026-05-01,1
3311,17,14,2026-06-01,1
3312,17,14,2026-07-01,1
3313,17,5,2025-08-01,1
3314,17,5,2025-09-01,2
3315,17,5,2025-10-01,2
3316,17,5,2025-11-01,1
3317,17,5,2025-12-01,1
3318,17,5,2026-01-01,2
3319,17,5,2026-02-01,2
3320,17,5,2026-03-01,2
3321,17,5,2026-04-01,1
3322,17,5,2026-05-01,1
3323,17,5,2026-06-01,1
3324,17,5,2026-07-01,1
3325,17,21,2025-08-01,10
3326,17,21,2025-09-01,10
3327,17,21,2025-10-01,10
3328,17,21,2025-11-01,10
3329,17,21,2025-12-01,12
3330,17,21,2026-01-01,9
3331,17,21,2026-02-01,11
3332,17,21,2026-03-01,9
3333,17,21,2026-04-01,3
3334,17,21,2026-05-01,8
3335,17,21,2026-06-01,6
3336,17,21,2026-07-01,9
3337,17,22,2025-08-01,31
3338,17,22,2025-09-01,47
3339,17,22,2025-10-01,52
3340,17,22,2025-11-01,54
3341,17,22,2025-12-01,59
3342,17,22,2026-01-01,20
3343,17,22,2026-02-01,26
3344,17,22,2026-03-01,75
3345,17,22,2026-04-01,52
3346,17,22,2026-05-01,43
3347,17,22,2026-06-01,40
3348,17,22,2026-07-01,39
3349,17,10,2025-08-01,0
3350,17,10,2025-09-01,1
3351,17,10,2025-10-01,1
3352,17,10,2025-11-01,1
3353,17,10,2025-12-01,1
3354,17,10,2026-01-01,2
3355,17,10,2026-02-01,1
3356,17,10,2026-03-01,1
3357,17,10,2026-04-01,1
3358,17,10,2026-05-01,1
3359,17,10,2026-06-01,1
3360,17,10,2026-07-01,1
3361,17,16,2025-08-01,9
3362,17,16,2025-09-01,5
3363,17,16,2025-10-01,8
3364,17,16,2025-11-01,8
3365,17,16,2025-12-01,7
3366,17,16,2026-01-01,9
3367,17,16,2026-02-01,10
3368,17,16,2026-03-01,9
3369,17,16,2026-04-01,9
3370,17,16,2026-05-01,8
3371,17,16,2026-06-01,3
3372,17,16,2026-07-01,10
3373,17,13,2025-08-01,1
3374,17,13,2025-09-01,1
3375,17,13,2025-10-01,1
3376,17,13,2025-11-01,1
3377,17,13,2025-12-01,1
3378,17,13,2026-01-01,1
3379,17,13,2026-02-01,1
3380,17,13,2026-03-01,1
3381,17,13,2026-04-01,1
3382,17,13,2026-05-01,1
3383,17,13,2026-06-01,1
3384,17,13,2026-07-01,1
3385,17,18,2025-08-01,4
3386,17,18,2025-09-01,10
3387,17,18,2025-10-01,8
3388,17,18,2025-11-01,10
3389,17,18,2025-12-01,6
3390,17,18,2026-01-01,8
3391,17,18,2026-02-01,8
3392,17,18,2026-03-01,9
3393,17,18,2026-04-01,5
3394,17,18,2026-05-01,10
3395,17,18,2026-06-01,4
3396,17,18,2026-07-01,6
3397,17,19,2025-08-01,4
3398,17,19,2025-09-01,10
3399,17,19,2025-10-01,9
3400,17,19,2025-11-01,9
3401,17,19,2025-12-01,12
3402,17,19,2026-01-01,7
3403,17,19,2026-02-01,9
3404,17,19,2026-03-01,8
3405,17,19,2026-04-01,8
3406,17,19,2026-05-01,11
3407,17,19,2026-06-01,13
3408,17,19,2026-07-01,7
3409,17,12,2025-08-01,1
3410,17,12,2025-09-01,1
3411,17,12,2025-10-01,1
3412,17,12,2025-11-01,1
3413,17,12,2025-12-01,1
3414,17,12,2026-01-01,0
3415,17,12,2026-02-01,1
3416,17,12,2026-03-01,1
3417,17,12,2026-04-01,1
3418,17,12,2026-05-01,1
3419,17,12,2026-06-01,1
3420,17,12,2026-07-01,1
3421,17,6,2025-08-01,1
3422,17,6,2025-09-01,1
3423,17,6,2025-10-01,2
3424,17,6,2025-11-01,1
3425,17,6,2025-12-01,2
3426,17,6,2026-01-01,1
3427,17,6,2026-02-01,1
3428,17,6,2026-03-01,2
3429,17,6,2026-04-01,1
3430,17,6,2026-05-01,1
3431,17,6,2026-06-01,1
3432,17,6,2026-07-01,1
3433,17,3,2025-08-01,1
3434,17,3,2025-09-01,1
3435,17,3,2025-10-01,1
3436,17,3,2025-11-01,2
3437,17,3,2025-12-01,2
3438,17,3,2026-01-01,1
3439,17,3,2026-02-01,1
3440,17,3,2026-03-01,2
3441,17,3,2026-04-01,2
3442,17,3,2026-05-01,1
3443,17,3,2026-06-01,2
3444,17,3,2026-07-01,2
3445,17,8,2025-08-01,1
3446,17,8,2025-09-01,2
3447,17,8,2025-10-01,1
3448,17,8,2025-11-01,2
3449,17,8,2025-12-01,1
3450,17,8,2026-01-01,2
3451,17,8,2026-02-01,2
3452,17,8,2026-03-01,2
3453,17,8,2026-04-01,2
3454,17,8,2026-05-01,1
3455,17,8,2026-06-01,3
3456,17,8,2026-07-01,2
3457,17,7,2025-08-01,2
3458,17,7,2025-09-01,1
3459,17,7,2025-10-01,1
3460,17,7,2025-11-01,1
3461,17,7,2025-12-01,1
3462,17,7,2026-01-01,2
3463,17,7,2026-02-01,2
3464,17,7,2026-03-01,1
3465,17,7,2026-04-01,1
3466,17,7,2026-05-01,1
3467,17,7,2026-06-01,2
3468,17,7,2026-07-01,1
3469,17,23,2025-08-01,44
3470,17,23,2025-09-01,44
3471,17,23,2025-10-01,30
3472,17,23,2025-11-01,59
3473,17,23,2025-12-01,36
3474,17,23,2026-01-01,28
3475,17,23,2026-02-01,50
3476,17,23,2026-03-01,41
3477,17,23,2026-04-01,45
3478,17,23,2026-05-01,26
3479,17,23,2026-06-01,50
3480,17,23,2026-07-01,66
3481,18,25,2025-08-01,25
3482,18,25,2025-09-01,44
3483,18,25,2025-10-01,31
3484,18,25,2025-11-01,72
3485,18,25,2025-12-01,55
3486,18,25,2026-01-01,43
3487,18,25,2026-02-01,25
3488,18,25,2026-03-01,28
3489,18,25,2026-04-01,49
3490,18,25,2026-05-01,24
3491,18,25,2026-06-01,24
3492,18,25,2026-07-01,40
3493,18,17,2025-08-01,8
3494,18,17,2025-09-01,9
3495,18,17,2025-10-01,7
3496,18,17,2025-11-01,10
3497,18,17,2025-12-01,6
3498,18,17,2026-01-01,10
3499,18,17,2026-02-01,9
3500,18,17,2026-03-01,9
3501,18,17,2026-04-01,11
3502,18,17,2026-05-01,7
3503,18,17,2026-06-01,6
3504,18,17,2026-07-01,4
3505,18,20,2025-08-01,3
3506,18,20,2025-09-01,8
3507,18,20,2025-10-01,8
3508,18,20,2025-11-01,5
3509,18,20,2025-12-01,6
3510,18,20,2026-01-01,12
3511,18,20,2026-02-01,10
3512,18,20,2026-03-01,5
3513,18,20,2026-04-01,7
3514,18,20,2026-05-01,9
3515,18,20,2026-06-01,6
3516,18,20,2026-07-01,6
3517,18,10,2025-08-01,1
3518,18,10,2025-09-01,1
3519,18,10,2025-10-01,1
3520,18,10,2025-11-01,1
3521,18,10,2025-12-01,1
3522,18,10,2026-01-01,1
3523,18,10,2026-02-01,1
3524,18,10,2026-03-01,1
3525,18,10,2026-04-01,1
3526,18,10,2026-05-01,1
3527,18,10,2026-06-01,1
3528,18,10,2026-07-01,1
3529,18,1,2025-08-01,1
3530,18,1,2025-09-01,0
3531,18,1,2025-10-01,1
3532,18,1,2025-11-01,1
3533,18,1,2025-12-01,0
3534,18,1,2026-01-01,0
3535,18,1,2026-02-01,0
3536,18,1,2026-03-01,1
3537,18,1,2026-04-01,0
3538,18,1,2026-05-01,1
3539,18,1,2026-06-01,0
3540,18,1,2026-07-01,9
3541,18,23,2025-08-01,31
3542,18,23,2025-09-01,45
3543,18,23,2025-10-01,32
3544,18,23,2025-11-01,34
3545,18,23,2025-12-01,39
3546,18,23,2026-01-01,22
3547,18,23,2026-02-01,15
3548,18,23,2026-03-01,51
3549,18,23,2026-04-01,31
3550,18,23,2026-05-01,66
3551,18,23,2026-06-01,64
3552,18,23,2026-07-01,34
3553,18,6,2025-08-01,3
3554,18,6,2025-09-01,2
3555,18,6,2025-10-01,1
3556,18,6,2025-11-01,0
3557,18,6,2025-12-01,2
3558,18,6,2026-01-01,2
3559,18,6,2026-02-01,2
3560,18,6,2026-03-01,1
3561,18,6,2026-04-01,1
3562,18,6,2026-05-01,1
3563,18,6,2026-06-01,2
3564,18,6,2026-07-01,1
3565,18,2,2025-08-01,1
3566,18,2,2025-09-01,1
3567,18,2,2025-10-01,2
3568,18,2,2025-11-01,1
3569,18,2,2025-12-01,2
3570,18,2,2026-01-01,1
3571,18,2,2026-02-01,1
3572,18,2,2026-03-01,2
3573,18,2,2026-04-01,1
3574,18,2,2026-05-01,1
3575,18,2,2026-06-01,2
3576,18,2,2026-07-01,1
3577,18,5,2025-08-01,2
3578,18,5,2025-09-01,2
3579,18,5,2025-10-01,2
3580,18,5,2025-11-01,0
3581,18,5,2025-12-01,1
3582,18,5,2026-01-01,1
3583,18,5,2026-02-01,2
3584,18,5,2026-03-01,2
3585,18,5,2026-04-01,2
3586,18,5,2026-05-01,1
3587,18,5,2026-06-01,2
3588,18,5,2026-07-01,1
3589,18,8,2025-08-01,2
3590,18,8,2025-09-01,2
3591,18,8,2025-10-01,2
3592,18,8,2025-11-01,1
3593,18,8,2025-12-01,2
3594,18,8,2026-01-01,2
3595,18,8,2026-02-01,2
3596,18,8,2026-03-01,2
3597,18,8,2026-04-01,1
3598,18,8,2026-05-01,2
3599,18,8,2026-06-01,2
3600,18,8,2026-07-01,2
3601,18,3,2025-08-01,2
3602,18,3,2025-09-01,1
3603,18,3,2025-10-01,2
3604,18,3,2025-11-01,1
3605,18,3,2025-12-01,2
3606,18,3,2026-01-01,1
3607,18,3,2026-02-01,1
3608,18,3,2026-03-01,2
3609,18,3,2026-04-01,2
3610,18,3,2026-05-01,1
3611,18,3,2026-06-01,2
3612,18,3,2026-07-01,3
3613,18,22,2025-08-01,50
3614,18,22,2025-09-01,32
3615,18,22,2025-10-01,43
3616,18,22,2025-11-01,46
3617,18,22,2025-12-01,57
3618,18,22,2026-01-01,55
3619,18,22,2026-02-01,7
3620,18,22,2026-03-01,30
3621,18,22,2026-04-01,39
3622,18,22,2026-05-01,28
3623,18,22,2026-06-01,0
3624,18,22,2026-07-01,31
3625,18,18,2025-08-01,8
3626,18,18,2025-09-01,7
3627,18,18,2025-10-01,6
3628,18,18,2025-11-01,8
3629,18,18,2025-12-01,9
3630,18,18,2026-01-01,7
3631,18,18,2026-02-01,11
3632,18,18,2026-03-01,8
3633,18,18,2026-04-01,6
3634,18,18,2026-05-01,5
3635,18,18,2026-06-01,7
3636,18,18,2026-07-01,11
3637,18,13,2025-08-01,1
3638,18,13,2025-09-01,1
3639,18,13,2025-10-01,1
3640,18,13,2025-11-01,2
3641,18,13,2025-12-01,1
3642,18,13,2026-01-01,1
3643,18,13,2026-02-01,1
3644,18,13,2026-03-01,1
3645,18,13,2026-04-01,1
3646,18,13,2026-05-01,1
3647,18,13,2026-06-01,1
3648,18,13,2026-07-01,1
3649,18,16,2025-08-01,4
3650,18,16,2025-09-01,9
3651,18,16,2025-10-01,6
3652,18,16,2025-11-01,4
3653,18,16,2025-12-01,7
3654,18,16,2026-01-01,11
3655,18,16,2026-02-01,11
3656,18,16,2026-03-01,10
3657,18,16,2026-04-01,9
3658,18,16,2026-05-01,9
3659,18,16,2026-06-01,8
3660,18,16,2026-07-01,5
3661,18,14,2025-08-01,1
3662,18,14,2025-09-01,1
3663,18,14,2025-10-01,1
3664,18,14,2025-11-01,1
3665,18,14,2025-12-01,1
3666,18,14,2026-01-01,1
3667,18,14,2026-02-01,1
3668,18,14,2026-03-01,1
3669,18,14,2026-04-01,1
3670,18,14,2026-05-01,1
3671,18,14,2026-06-01,1
3672,18,14,2026-07-01,1
3673,18,15,2025-08-01,9
3674,18,15,2025-09-01,6
3675,18,15,2025-10-01,8
3676,18,15,2025-11-01,11
3677,18,15,2025-12-01,12
3678,18,15,2026-01-01,5
3679,18,15,2026-02-01,4
3680,18,15,2026-03-01,8
3681,18,15,2026-04-01,11
3682,18,15,2026-05-01,9
3683,18,15,2026-06-01,10
3684,18,15,2026-07-01,5
3685,18,4,2025-08-01,1
3686,18,4,2025-09-01,1
3687,18,4,2025-10-01,1
3688,18,4,2025-11-01,1
3689,18,4,2025-12-01,2
3690,18,4,2026-01-01,2
3691,18,4,2026-02-01,2
3692,18,4,2026-03-01,1
3693,18,4,2026-04-01,2
3694,18,4,2026-05-01,2
3695,18,4,2026-06-01,2
3696,18,4,2026-07-01,2
3697,18,12,2025-08-01,1
3698,18,12,2025-09-01,1
3699,18,12,2025-10-01,1
3700,18,12,2025-11-01,0
3701,18,12,2025-12-01,2
3702,18,12,2026-01-01,1
3703,18,12,2026-02-01,1
3704,18,12,2026-03-01,1
3705,18,12,2026-04-01,1
3706,18,12,2026-05-01,1
3707,18,12,2026-06-01,1
3708,18,12,2026-07-01,1
