snapshot_id,site_id,product_id,snapshot_date,on_hand_qty
1,1,12,2025-08-01,2
2,1,12,2025-09-01,2
3,1,12,2025-10-01,2
4,1,12,2025-11-01,2
5,1,12,2025-12-01,2
6,1,12,2026-01-01,2
7,1,12,2026-02-01,2
8,1,12,2026-03-01,1
9,1,12,2026-04-01,2
10,1,12,2026-05-01,3
11,1,12,2026-06-01,2
12,1,12,2026-07-01,1
13,1,21,2025-08-01,18
14,1,21,2025-09-01,18
15,1,21,2025-10-01,18
16,1,21,2025-11-01,16
17,1,21,2025-12-01,21
18,1,21,2026-01-01,20
19,1,21,2026-02-01,15
20,1,21,2026-03-01,21
21,1,21,2026-04-01,25
22,1,21,2026-05-01,19
23,1,21,2026-06-01,18
24,1,21,2026-07-01,19
25,1,3,2025-08-01,4
26,1,3,2025-09-01,3
27,1,3,2025-10-01,4
28,1,3,2025-11-01,4
29,1,3,2025-12-01,5
30,1,3,2026-01-01,4
31,1,3,2026-02-01,5
32,1,3,2026-03-01,3
33,1,3,2026-04-01,4
34,1,3,2026-05-01,4
35,1,3,2026-06-01,3
36,1,3,2026-07-01,4
37,1,5,2025-08-01,5
38,1,5,2025-09-01,4
39,1,5,2025-10-01,3
40,1,5,2025-11-01,4
41,1,5,2025-12-01,3
42,1,5,2026-01-01,4
43,1,5,2026-02-01,4
44,1,5,2026-03-01,3
45,1,5,2026-04-01,3
46,1,5,2026-05-01,4
47,1,5,2026-06-01,4
48,1,5,2026-07-01,2
49,1,8,2025-08-01,4
50,1,8,2025-09-01,4
51,1,8,2025-10-01,4
52,1,8,2025-11-01,3
53,1,8,2025-12-01,5
54,1,8,2026-01-01,4
55,1,8,2026-02-01,5
56,1,8,2026-03-01,4
57,1,8,2026-04-01,4
58,1,8,2026-05-01,4
59,1,8,2026-06-01,4
60,1,8,2026-07-01,4
61,1,1,2025-08-01,4
62,1,1,2025-09-01,3
63,1,1,2025-10-01,3
64,1,1,2025-11-01,3
65,1,1,2025-12-01,3
66,1,1,2026-01-01,4
67,1,1,2026-02-01,3
68,1,1,2026-03-01,3
69,1,1,2026-04-01,3
70,1,1,2026-05-01,3
71,1,1,2026-06-01,3
72,1,1,2026-07-01,2
73,1,6,2025-08-01,4
74,1,6,2025-09-01,4
75,1,6,2025-10-01,3
76,1,6,2025-11-01,3
77,1,6,2025-12-01,3
78,1,6,2026-01-01,4
79,1,6,2026-02-01,5
80,1,6,2026-03-01,4
81,1,6,2026-04-01,3
82,1,6,2026-05-01,4
83,1,6,2026-06-01,5
84,1,6,2026-07-01,3
85,1,24,2025-08-01,133
86,1,24,2025-09-01,167
87,1,24,2025-10-01,149
88,1,24,2025-11-01,169
89,1,24,2025-12-01,154
90,1,24,2026-01-01,170
91,1,24,2026-02-01,130
92,1,24,2026-03-01,154
93,1,24,2026-04-01,149
94,1,24,2026-05-01,126
95,1,24,2026-06-01,118
96,1,24,2026-07-01,170
97,1,15,2025-08-01,25
98,1,15,2025-09-01,22
99,1,15,2025-10-01,26
100,1,15,2025-11-01,30
101,1,15,2025-12-01,17
102,1,15,2026-01-01,20
103,1,15,2026-02-01,22
104,1,15,2026-03-01,32
105,1,15,2026-04-01,27
106,1,15,2026-05-01,29
107,1,15,2026-06-01,22
108,1,15,2026-07-01,22
109,1,2,2025-08-01,4
110,1,2,2025-09-01,4
111,1,2,2025-10-01,4
112,1,2,2025-11-01,4
113,1,2,2025-12-01,4
114,1,2,2026-01-01,4
115,1,2,2026-02-01,4
116,1,2,2026-03-01,4
117,1,2,2026-04-01,3
118,1,2,2026-05-01,3
119,1,2,2026-06-01,5
120,1,2,2026-07-01,5
121,1,23,2025-08-01,134
122,1,23,2025-09-01,114
123,1,23,2025-10-01,160
124,1,23,2025-11-01,180
125,1,23,2025-12-01,201
126,1,23,2026-01-01,170
127,1,23,2026-02-01,149
128,1,23,2026-03-01,137
129,1,23,2026-04-01,158
130,1,23,2026-05-01,151
131,1,23,2026-06-01,134
132,1,23,2026-07-01,207
133,1,13,2025-08-01,4
134,1,13,2025-09-01,4
135,1,13,2025-10-01,3
136,1,13,2025-11-01,3
137,1,13,2025-12-01,3
138,1,13,2026-01-01,3
139,1,13,2026-02-01,4
140,1,13,2026-03-01,3
141,1,13,2026-04-01,3
142,1,13,2026-05-01,3
143,1,13,2026-06-01,3
144,1,13,2026-07-01,2
145,1,11,2025-08-01,3
146,1,11,2025-09-01,3
147,1,11,2025-10-01,2
148,1,11,2025-11-01,4
149,1,11,2025-12-01,4
150,1,11,2026-01-01,4
151,1,11,2026-02-01,3
152,1,11,2026-03-01,4
153,1,11,2026-04-01,3
154,1,11,2026-05-01,3
155,1,11,2026-06-01,3
156,1,11,2026-07-01,3
157,1,22,2025-08-01,161
158,1,22,2025-09-01,129
159,1,22,2025-10-01,159
160,1,22,2025-11-01,158
161,1,22,2025-12-01,203
162,1,22,2026-01-01,181
163,1,22,2026-02-01,160
164,1,22,2026-03-01,166
165,1,22,2026-04-01,161
166,1,22,2026-05-01,155
167,1,22,2026-06-01,134
168,1,22,2026-07-01,156
169,1,20,2025-08-01,25
170,1,20,2025-09-01,23
171,1,20,2025-10-01,30
172,1,20,2025-11-01,30
173,1,20,2025-12-01,20
174,1,20,2026-01-01,27
175,1,20,2026-02-01,32
176,1,20,2026-03-01,32
177,1,20,2026-04-01,32
178,1,20,2026-05-01,28
179,1,20,2026-06-01,24
180,1,20,2026-07-01,23
181,1,25,2025-08-01,100
182,1,25,2025-09-01,100
183,1,25,2025-10-01,113
184,1,25,2025-11-01,111
185,1,25,2025-12-01,93
186,1,25,2026-01-01,77
187,1,25,2026-02-01,90
188,1,25,2026-03-01,98
189,1,25,2026-04-01,92
190,1,25,2026-05-01,87
191,1,25,2026-06-01,99
192,1,25,2026-07-01,88
193,1,19,2025-08-01,21
194,1,19,2025-09-01,24
195,1,19,2025-10-01,22
196,1,19,2025-11-01,24
197,1,19,2025-12-01,24
198,1,19,2026-01-01,19
199,1,19,2026-02-01,21
200,1,19,2026-03-01,28
201,1,19,2026-04-01,19
202,1,19,2026-05-01,16
203,1,19,2026-06-01,17
204,1,19,2026-07-01,23
205,1,9,2025-08-01,2
206,1,9,2025-09-01,2
207,1,9,2025-10-01,2
208,1,9,2025-11-01,1
209,1,9,2025-12-01,2
210,1,9,2026-01-01,2
211,1,9,2026-02-01,2
212,1,9,2026-03-01,2
213,1,9,2026-04-01,2
214,1,9,2026-05-01,2
215,1,9,2026-06-01,2
216,1,9,2026-07-01,2
217,1,16,2025-08-01,27
218,1,16,2025-09-01,20
219,1,16,2025-10-01,27
220,1,16,2025-11-01,21
221,1,16,2025-12-01,27
222,1,16,2026-01-01,21
223,1,16,2026-02-01,21
224,1,16,2026-03-01,22
225,1,16,2026-04-01,31
226,1,16,2026-05-01,24
227,1,16,2026-06-01,19
228,1,16,2026-07-01,24
229,2,20,2025-08-01,16
230,2,20,2025-09-01,16
231,2,20,2025-10-01,19
232,2,20,2025-11-01,17
233,2,20,2025-12-01,18
234,2,20,2026-01-01,17
235,2,20,2026-02-01,18
236,2,20,2026-03-01,18
237,2,20,2026-04-01,12
238,2,20,2026-05-01,19
239,2,20,2026-06-01,14
240,2,20,2026-07-01,13
241,2,14,2025-08-01,2
242,2,14,2025-09-01,2
243,2,14,2025-10-01,2
244,2,14,2025-11-01,2
245,2,14,2025-12-01,2
246,2,14,2026-01-01,2
247,2,14,2026-02-01,2
248,2,14,2026-03-01,2
249,2,14,2026-04-01,2
250,2,14,2026-05-01,2
251,2,14,2026-06-01,2
252,2,14,2026-07-01,2
253,2,13,2025-08-01,2
254,2,13,2025-09-01,2
255,2,13,2025-10-01,3
256,2,13,2025-11-01,3
257,2,13,2025-12-01,3
258,2,13,2026-01-01,3
259,2,13,2026-02-01,3
260,2,13,2026-03-01,3
261,2,13,2026-04-01,3
262,2,13,2026-05-01,2
263,2,13,2026-06-01,3
264,2,13,2026-07-01,3
265,2,11,2025-08-01,4
266,2,11,2025-09-01,3
267,2,11,2025-10-01,2
268,2,11,2025-11-01,2
269,2,11,2025-12-01,3
270,2,11,2026-01-01,3
271,2,11,2026-02-01,3
272,2,11,2026-03-01,3
273,2,11,2026-04-01,3
274,2,11,2026-05-01,3
275,2,11,2026-06-01,3
276,2,11,2026-07-01,3
277,2,16,2025-08-01,31
278,2,16,2025-09-01,22
279,2,16,2025-10-01,31
280,2,16,2025-11-01,29
281,2,16,2025-12-01,28
282,2,16,2026-01-01,36
283,2,16,2026-02-01,26
284,2,16,2026-03-01,38
285,2,16,2026-04-01,28
286,2,16,2026-05-01,23
287,2,16,2026-06-01,29
288,2,16,2026-07-01,24
289,2,25,2025-08-01,118
290,2,25,2025-09-01,141
291,2,25,2025-10-01,144
292,2,25,2025-11-01,121
293,2,25,2025-12-01,153
294,2,25,2026-01-01,156
295,2,25,2026-02-01,162
296,2,25,2026-03-01,144
297,2,25,2026-04-01,160
298,2,25,2026-05-01,95
299,2,25,2026-06-01,127
300,2,25,2026-07-01,116
301,2,15,2025-08-01,25
302,2,15,2025-09-01,23
303,2,15,2025-10-01,24
304,2,15,2025-11-01,32
305,2,15,2025-12-01,24
306,2,15,2026-01-01,27
307,2,15,2026-02-01,24
308,2,15,2026-03-01,25
309,2,15,2026-04-01,25
310,2,15,2026-05-01,27
311,2,15,2026-06-01,29
312,2,15,2026-07-01,31
313,2,19,2025-08-01,29
314,2,19,2025-09-01,30
315,2,19,2025-10-01,23
316,2,19,2025-11-01,28
317,2,19,2025-12-01,32
318,2,19,2026-01-01,32
319,2,19,2026-02-01,29
320,2,19,2026-03-01,32
321,2,19,2026-04-01,30
322,2,19,2026-05-01,33
323,2,19,2026-06-01,29
324,2,19,2026-07-01,27
325,2,22,2025-08-01,145
326,2,22,2025-09-01,77
327,2,22,2025-10-01,146
328,2,22,2025-11-01,62
329,2,22,2025-12-01,102
330,2,22,2026-01-01,147
331,2,22,2026-02-01,148
332,2,22,2026-03-01,114
333,2,22,2026-04-01,123
334,2,22,2026-05-01,166
335,2,22,2026-06-01,128
336,2,22,2026-07-01,184
337,2,2,2025-08-01,4
338,2,2,2025-09-01,4
339,2,2,2025-10-01,5
340,2,2,2025-11-01,4
341,2,2,2025-12-01,3
342,2,2,2026-01-01,4
343,2,2,2026-02-01,4
344,2,2,2026-03-01,3
345,2,2,2026-04-01,4
346,2,2,2026-05-01,4
347,2,2,2026-06-01,5
348,2,2,2026-07-01,4
349,2,9,2025-08-01,2
350,2,9,2025-09-01,2
351,2,9,2025-10-01,2
352,2,9,2025-11-01,2
353,2,9,2025-12-01,2
354,2,9,2026-01-01,2
355,2,9,2026-02-01,2
356,2,9,2026-03-01,2
357,2,9,2026-04-01,2
358,2,9,2026-05-01,2
359,2,9,2026-06-01,2
360,2,9,2026-07-01,2
361,2,7,2025-08-01,3
362,2,7,2025-09-01,3
363,2,7,2025-10-01,3
364,2,7,2025-11-01,3
365,2,7,2025-12-01,2
366,2,7,2026-01-01,3
367,2,7,2026-02-01,3
368,2,7,2026-03-01,3
369,2,7,2026-04-01,3
370,2,7,2026-05-01,4
371,2,7,2026-06-01,4
372,2,7,2026-07-01,4
373,2,17,2025-08-01,22
374,2,17,2025-09-01,23
375,2,17,2025-10-01,25
376,2,17,2025-11-01,22
377,2,17,2025-12-01,22
378,2,17,2026-01-01,25
379,2,17,2026-02-01,22
380,2,17,2026-03-01,20
381,2,17,2026-04-01,21
382,2,17,2026-05-01,24
383,2,17,2026-06-01,22
384,2,17,2026-07-01,23
385,2,18,2025-08-01,19
386,2,18,2025-09-01,16
387,2,18,2025-10-01,19
388,2,18,2025-11-01,18
389,2,18,2025-12-01,14
390,2,18,2026-01-01,21
391,2,18,2026-02-01,16
392,2,18,2026-03-01,13
393,2,18,2026-04-01,14
394,2,18,2026-05-01,14
395,2,18,2026-06-01,17
396,2,18,2026-07-01,16
397,2,3,2025-08-01,4
398,2,3,2025-09-01,4
399,2,3,2025-10-01,4
400,2,3,2025-11-01,4
401,2,3,2025-12-01,4
402,2,3,2026-01-01,4
403,2,3,2026-02-01,3
404,2,3,2026-03-01,4
405,2,3,2026-04-01,3
406,2,3,2026-05-01,4
407,2,3,2026-06-01,4
408,2,3,2026-07-01,5
409,3,8,2025-08-01,4
410,3,8,2025-09-01,3
411,3,8,2025-10-01,3
412,3,8,2025-11-01,3
413,3,8,2025-12-01,3
414,3,8,2026-01-01,3
415,3,8,2026-02-01,3
416,3,8,2026-03-01,3
417,3,8,2026-04-01,3
418,3,8,2026-05-01,3
419,3,8,2026-06-01,3
420,3,8,2026-07-01,3
421,3,16,2025-08-01,25
422,3,16,2025-09-01,23
423,3,16,2025-10-01,20
424,3,16,2025-11-01,20
425,3,16,2025-12-01,21
426,3,16,2026-01-01,25
427,3,16,2026-02-01,20
428,3,16,2026-03-01,25
429,3,16,2026-04-01,19
430,3,16,2026-05-01,22
431,3,16,2026-06-01,23
432,3,16,2026-07-01,31
433,3,2,2025-08-01,2
434,3,2,2025-09-01,4
435,3,2,2025-10-01,3
436,3,2,2025-11-01,3
437,3,2,2025-12-01,3
438,3,2,2026-01-01,3
439,3,2,2026-02-01,3
440,3,2,2026-03-01,4
441,3,2,2026-04-01,3
442,3,2,2026-05-01,4
443,3,2,2026-06-01,3
444,3,2,2026-07-01,3
445,3,11,2025-08-01,2
446,3,11,2025-09-01,2
447,3,11,2025-10-01,2
448,3,11,2025-11-01,2
449,3,11,2025-12-01,2
450,3,11,2026-01-01,2
451,3,11,2026-02-01,2
452,3,11,2026-03-01,2
453,3,11,2026-04-01,2
454,3,11,2026-05-01,2
455,3,11,2026-06-01,2
456,3,11,2026-07-01,3
457,3,23,2025-08-01,165
458,3,23,2025-09-01,220
459,3,23,2025-10-01,188
460,3,23,2025-11-01,177
461,3,23,2025-12-01,193
462,3,23,2026-01-01,183
463,3,23,2026-02-01,184
464,3,23,2026-03-01,170
465,3,23,2026-04-01,143
466,3,23,2026-05-01,139
467,3,23,2026-06-01,199
468,3,23,2026-07-01,173
469,3,3,2025-08-01,2
470,3,3,2025-09-01,2
471,3,3,2025-10-01,2
472,3,3,2025-11-01,2
473,3,3,2025-12-01,2
474,3,3,2026-01-01,2
475,3,3,2026-02-01,2
476,3,3,2026-03-01,2
477,3,3,2026-04-01,2
478,3,3,2026-05-01,2
479,3,3,2026-06-01,2
480,3,3,2026-07-01,2
481,3,5,2025-08-01,4
482,3,5,2025-09-01,4
483,3,5,2025-10-01,3
484,3,5,2025-11-01,4
485,3,5,2025-12-01,3
486,3,5,2026-01-01,4
487,3,5,2026-02-01,5
488,3,5,2026-03-01,5
489,3,5,2026-04-01,5
490,3,5,2026-05-01,4
491,3,5,2026-06-01,3
492,3,5,2026-07-01,4
493,3,6,2025-08-01,4
494,3,6,2025-09-01,4
495,3,6,2025-10-01,5
496,3,6,2025-11-01,4
497,3,6,2025-12-01,4
498,3,6,2026-01-01,3
499,3,6,2026-02-01,4
500,3,6,2026-03-01,4
501,3,6,2026-04-01,4
502,3,6,2026-05-01,4
503,3,6,2026-06-01,4
504,3,6,2026-07-01,4
505,3,20,2025-08-01,27
506,3,20,2025-09-01,21
507,3,20,2025-10-01,20
508,3,20,2025-11-01,14
509,3,20,2025-12-01,18
510,3,20,2026-01-01,20
511,3,20,2026-02-01,19
512,3,20,2026-03-01,25
513,3,20,2026-04-01,20
514,3,20,2026-05-01,25
515,3,20,2026-06-01,21
516,3,20,2026-07-01,21
517,3,10,2025-08-01,1
518,3,10,2025-09-01,1
519,3,10,2025-10-01,1
520,3,10,2025-11-01,1
521,3,10,2025-12-01,1
522,3,10,2026-01-01,1
523,3,10,2026-02-01,1
524,3,10,2026-03-01,1
525,3,10,2026-04-01,1
526,3,10,2026-05-01,1
527,3,10,2026-06-01,1
528,3,10,2026-07-01,1
529,3,14,2025-08-01,3
530,3,14,2025-09-01,3
531,3,14,2025-10-01,3
532,3,14,2025-11-01,3
533,3,14,2025-12-01,3
534,3,14,2026-01-01,3
535,3,14,2026-02-01,3
536,3,14,2026-03-01,4
537,3,14,2026-04-01,2
538,3,14,2026-05-01,2
539,3,14,2026-06-01,2
540,3,14,2026-07-01,3
541,3,18,2025-08-01,20
542,3,18,2025-09-01,16
543,3,18,2025-10-01,18
544,3,18,2025-11-01,18
545,3,18,2025-12-01,29
546,3,18,2026-01-01,27
547,3,18,2026-02-01,20
548,3,18,2026-03-01,20
549,3,18,2026-04-01,17
550,3,18,2026-05-01,15
551,3,18,2026-06-01,21
552,3,18,2026-07-01,18
553,3,12,2025-08-01,3
554,3,12,2025-09-01,2
555,3,12,2025-10-01,3
556,3,12,2025-11-01,3
557,3,12,2025-12-01,3
558,3,12,2026-01-01,3
559,3,12,2026-02-01,2
560,3,12,2026-03-01,3
561,3,12,2026-04-01,3
562,3,12,2026-05-01,3
563,3,12,2026-06-01,3
564,3,12,2026-07-01,2
565,3,15,2025-08-01,24
566,3,15,2025-09-01,26
567,3,15,2025-10-01,27
568,3,15,2025-11-01,24
569,3,15,2025-12-01,31
570,3,15,2026-01-01,29
571,3,15,2026-02-01,24
572,3,15,2026-03-01,28
573,3,15,2026-04-01,32
574,3,15,2026-05-01,32
575,3,15,2026-06-01,20
576,3,15,2026-07-01,22
577,3,24,2025-08-01,257
578,3,24,2025-09-01,177
579,3,24,2025-10-01,168
580,3,24,2025-11-01,195
581,3,24,2025-12-01,223
582,3,24,2026-01-01,207
583,3,24,2026-02-01,190
584,3,24,2026-03-01,189
585,3,24,2026-04-01,188
586,3,24,2026-05-01,182
587,3,24,2026-06-01,282
588,3,24,2026-07-01,219
589,3,25,2025-08-01,160
590,3,25,2025-09-01,131
591,3,25,2025-10-01,137
592,3,25,2025-11-01,126
593,3,25,2025-12-01,85
594,3,25,2026-01-01,112
595,3,25,2026-02-01,103
596,3,25,2026-03-01,93
597,3,25,2026-04-01,116
598,3,25,2026-05-01,169
599,3,25,2026-06-01,140
600,3,25,2026-07-01,168
601,3,7,2025-08-01,2
602,3,7,2025-09-01,2
603,3,7,2025-10-01,2
604,3,7,2025-11-01,2
605,3,7,2025-12-01,2
606,3,7,2026-01-01,2
607,3,7,2026-02-01,2
608,3,7,2026-03-01,2
609,3,7,2026-04-01,2
610,3,7,2026-05-01,2
611,3,7,2026-06-01,2
612,3,7,2026-07-01,2
613,3,9,2025-08-01,3
614,3,9,2025-09-01,3
615,3,9,2025-10-01,3
616,3,9,2025-11-01,3
617,3,9,2025-12-01,3
618,3,9,2026-01-01,4
619,3,9,2026-02-01,4
620,3,9,2026-03-01,3
621,3,9,2026-04-01,4
622,3,9,2026-05-01,3
623,3,9,2026-06-01,3
624,3,9,2026-07-01,3
625,4,3,2025-08-01,4
626,4,3,2025-09-01,3
627,4,3,2025-10-01,4
628,4,3,2025-11-01,3
629,4,3,2025-12-01,5
630,4,3,2026-01-01,5
631,4,3,2026-02-01,4
632,4,3,2026-03-01,4
633,4,3,2026-04-01,4
634,4,3,2026-05-01,4
635,4,3,2026-06-01,4
636,4,3,2026-07-01,4
637,4,9,2025-08-01,3
638,4,9,2025-09-01,2
639,4,9,2025-10-01,2
640,4,9,2025-11-01,2
641,4,9,2025-12-01,2
642,4,9,2026-01-01,2
643,4,9,2026-02-01,2
644,4,9,2026-03-01,2
645,4,9,2026-04-01,2
646,4,9,2026-05-01,2
647,4,9,2026-06-01,2
648,4,9,2026-07-01,2
649,4,5,2025-08-01,1
650,4,5,2025-09-01,1
651,4,5,2025-10-01,1
652,4,5,2025-11-01,1
653,4,5,2025-12-01,1
654,4,5,2026-01-01,1
655,4,5,2026-02-01,1
656,4,5,2026-03-01,1
657,4,5,2026-04-01,1
658,4,5,2026-05-01,1
659,4,5,2026-06-01,1
660,4,5,2026-07-01,1
661,4,16,2025-08-01,18
662,4,16,2025-09-01,29
663,4,16,2025-10-01,26
664,4,16,2025-11-01,27
665,4,16,2025-12-01,21
666,4,16,2026-01-01,26
667,4,16,2026-02-01,34
668,4,16,2026-03-01,29
669,4,16,2026-04-01,27
670,4,16,2026-05-01,24
671,4,16,2026-06-01,24
672,4,16,2026-07-01,18
673,4,20,2025-08-01,20
674,4,20,2025-09-01,21
675,4,20,2025-10-01,15
676,4,20,2025-11-01,17
677,4,20,2025-12-01,16
678,4,20,2026-01-01,16
679,4,20,2026-02-01,19
680,4,20,2026-03-01,13
681,4,20,2026-04-01,21
682,4,20,2026-05-01,21
683,4,20,2026-06-01,18
684,4,20,2026-07-01,12
685,4,11,2025-08-01,2
686,4,11,2025-09-01,2
687,4,11,2025-10-01,1
688,4,11,2025-11-01,2
689,4,11,2025-12-01,2
690,4,11,2026-01-01,2
691,4,11,2026-02-01,2
692,4,11,2026-03-01,2
693,4,11,2026-04-01,2
694,4,11,2026-05-01,3
695,4,11,2026-06-01,2
696,4,11,2026-07-01,2
697,4,7,2025-08-01,2
698,4,7,2025-09-01,4
699,4,7,2025-10-01,3
700,4,7,2025-11-01,3
701,4,7,2025-12-01,3
702,4,7,2026-01-01,2
703,4,7,2026-02-01,3
704,4,7,2026-03-01,3
705,4,7,2026-04-01,3
706,4,7,2026-05-01,2
707,4,7,2026-06-01,3
708,4,7,2026-07-01,3
709,4,12,2025-08-01,1
710,4,12,2025-09-01,2
711,4,12,2025-10-01,2
712,4,12,2025-11-01,2
713,4,12,2025-12-01,2
714,4,12,2026-01-01,3
715,4,12,2026-02-01,2
716,4,12,2026-03-01,2
717,4,12,2026-04-01,3
718,4,12,2026-05-01,2
719,4,12,2026-06-01,2
720,4,12,2026-07-01,2
721,4,23,2025-08-01,201
722,4,23,2025-09-01,174
723,4,23,2025-10-01,160
724,4,23,2025-11-01,254
725,4,23,2025-12-01,198
726,4,23,2026-01-01,168
727,4,23,2026-02-01,215
728,4,23,2026-03-01,186
729,4,23,2026-04-01,182
730,4,23,2026-05-01,205
731,4,23,2026-06-01,152
732,4,23,2026-07-01,199
733,4,24,2025-08-01,199
734,4,24,2025-09-01,166
735,4,24,2025-10-01,146
736,4,24,2025-11-01,143
737,4,24,2025-12-01,145
738,4,24,2026-01-01,149
739,4,24,2026-02-01,146
740,4,24,2026-03-01,176
741,4,24,2026-04-01,115
742,4,24,2026-05-01,175
743,4,24,2026-06-01,146
744,4,24,2026-07-01,164
745,4,21,2025-08-01,20
746,4,21,2025-09-01,29
747,4,21,2025-10-01,28
748,4,21,2025-11-01,27
749,4,21,2025-12-01,19
750,4,21,2026-01-01,27
751,4,21,2026-02-01,25
752,4,21,2026-03-01,18
753,4,21,2026-04-01,24
754,4,21,2026-05-01,25
755,4,21,2026-06-01,26
756,4,21,2026-07-01,25
757,4,19,2025-08-01,19
758,4,19,2025-09-01,22
759,4,19,2025-10-01,21
760,4,19,2025-11-01,10
761,4,19,2025-12-01,17
762,4,19,2026-01-01,18
763,4,19,2026-02-01,13
764,4,19,2026-03-01,18
765,4,19,2026-04-01,21
766,4,19,2026-05-01,15
767,4,19,2026-06-01,19
768,4,19,2026-07-01,16
769,4,2,2025-08-01,2
770,4,2,2025-09-01,2
771,4,2,2025-10-01,2
772,4,2,2025-11-01,2
773,4,2,2025-12-01,1
774,4,2,2026-01-01,3
775,4,2,2026-02-01,2
776,4,2,2026-03-01,2
777,4,2,2026-04-01,2
778,4,2,2026-05-01,2
779,4,2,2026-06-01,2
780,4,2,2026-07-01,2
781,4,1,2025-08-01,3
782,4,1,2025-09-01,3
783,4,1,2025-10-01,3
784,4,1,2025-11-01,3
785,4,1,2025-12-01,3
786,4,1,2026-01-01,3
787,4,1,2026-02-01,3
788,4,1,2026-03-01,3
789,4,1,2026-04-01,3
790,4,1,2026-05-01,4
791,4,1,2026-06-01,2
792,4,1,2026-07-01,4
793,4,4,2025-08-01,4
794,4,4,2025-09-01,3
795,4,4,2025-10-01,4
796,4,4,2025-11-01,3
797,4,4,2025-12-01,3
798,4,4,2026-01-01,3
799,4,4,2026-02-01,3
800,4,4,2026-03-01,3
801,4,4,2026-04-01,3
802,4,4,2026-05-01,4
803,4,4,2026-06-01,3
804,4,4,2026-07-01,3
805,4,17,2025-08-01,40
806,4,17,2025-09-01,41
807,4,17,2025-10-01,40
808,4,17,2025-11-01,40
809,4,17,2025-12-01,35
810,4,17,2026-01-01,31
811,4,17,2026-02-01,31
812,4,17,2026-03-01,27
813,4,17,2026-04-01,37
814,4,17,2026-05-01,36
815,4,17,2026-06-01,34
816,4,17,2026-07-01,20
817,4,18,2025-08-01,20
818,4,18,2025-09-01,29
819,4,18,2025-10-01,23
820,4,18,2025-11-01,26
821,4,18,2025-12-01,20
822,4,18,2026-01-01,30
823,4,18,2026-02-01,24
824,4,18,2026-03-01,26
825,4,18,2026-04-01,34
826,4,18,2026-05-01,31
827,4,18,2026-06-01,24
828,4,18,2026-07-01,23
829,4,14,2025-08-01,3
830,4,14,2025-09-01,3
831,4,14,2025-10-01,3
832,4,14,2025-11-01,3
833,4,14,2025-12-01,4
834,4,14,2026-01-01,3
835,4,14,2026-02-01,4
836,4,14,2026-03-01,3
837,4,14,2026-04-01,4
838,4,14,2026-05-01,3
839,4,14,2026-06-01,3
840,4,14,2026-07-01,3
841,5,16,2025-08-01,30
842,5,16,2025-09-01,36
843,5,16,2025-10-01,39
844,5,16,2025-11-01,34
845,5,16,2025-12-01,27
846,5,16,2026-01-01,27
847,5,16,2026-02-01,27
848,5,16,2026-03-01,25
849,5,16,2026-04-01,35
850,5,16,2026-05-01,40
851,5,16,2026-06-01,34
852,5,16,2026-07-01,22
853,5,17,2025-08-01,24
854,5,17,2025-09-01,24
855,5,17,2025-10-01,33
856,5,17,2025-11-01,20
857,5,17,2025-12-01,24
858,5,17,2026-01-01,31
859,5,17,2026-02-01,27
860,5,17,2026-03-01,27
861,5,17,2026-04-01,25
862,5,17,2026-05-01,26
863,5,17,2026-06-01,28
864,5,17,2026-07-01,22
865,5,15,2025-08-01,27
866,5,15,2025-09-01,19
867,5,15,2025-10-01,25
868,5,15,2025-11-01,25
869,5,15,2025-12-01,22
870,5,15,2026-01-01,24
871,5,15,2026-02-01,22
872,5,15,2026-03-01,20
873,5,15,2026-04-01,23
874,5,15,2026-05-01,20
875,5,15,2026-06-01,25
876,5,15,2026-07-01,20
877,5,7,2025-08-01,4
878,5,7,2025-09-01,3
879,5,7,2025-10-01,4
880,5,7,2025-11-01,4
881,5,7,2025-12-01,5
882,5,7,2026-01-01,4
883,5,7,2026-02-01,4
884,5,7,2026-03-01,4
885,5,7,2026-04-01,3
886,5,7,2026-05-01,4
887,5,7,2026-06-01,5
888,5,7,2026-07-01,4
889,5,5,2025-08-01,5
890,5,5,2025-09-01,5
891,5,5,2025-10-01,6
892,5,5,2025-11-01,4
893,5,5,2025-12-01,4
894,5,5,2026-01-01,5
895,5,5,2026-02-01,4
896,5,5,2026-03-01,6
897,5,5,2026-04-01,5
898,5,5,2026-05-01,4
899,5,5,2026-06-01,4
900,5,5,2026-07-01,3
901,5,14,2025-08-01,3
902,5,14,2025-09-01,3
903,5,14,2025-10-01,3
904,5,14,2025-11-01,3
905,5,14,2025-12-01,4
906,5,14,2026-01-01,3
907,5,14,2026-02-01,2
908,5,14,2026-03-01,3
909,5,14,2026-04-01,3
910,5,14,2026-05-01,3
911,5,14,2026-06-01,3
912,5,14,2026-07-01,2
913,5,3,2025-08-01,4
914,5,3,2025-09-01,3
915,5,3,2025-10-01,3
916,5,3,2025-11-01,2
917,5,3,2025-12-01,3
918,5,3,2026-01-01,4
919,5,3,2026-02-01,3
920,5,3,2026-03-01,3
921,5,3,2026-04-01,3
922,5,3,2026-05-01,3
923,5,3,2026-06-01,4
924,5,3,2026-07-01,3
925,5,8,2025-08-01,4
926,5,8,2025-09-01,4
927,5,8,2025-10-01,5
928,5,8,2025-11-01,5
929,5,8,2025-12-01,4
930,5,8,2026-01-01,4
931,5,8,2026-02-01,5
932,5,8,2026-03-01,5
933,5,8,2026-04-01,4
934,5,8,2026-05-01,5
935,5,8,2026-06-01,4
936,5,8,2026-07-01,6
937,5,1,2025-08-01,4
938,5,1,2025-09-01,4
939,5,1,2025-10-01,4
940,5,1,2025-11-01,4
941,5,1,2025-12-01,4
942,5,1,2026-01-01,3
943,5,1,2026-02-01,3
944,5,1,2026-03-01,4
945,5,1,2026-04-01,3
946,5,1,2026-05-01,4
947,5,1,2026-06-01,4
948,5,1,2026-07-01,3
949,5,23,2025-08-01,208
950,5,23,2025-09-01,200
951,5,23,2025-10-01,218
952,5,23,2025-11-01,207
953,5,23,2025-12-01,162
954,5,23,2026-01-01,168
955,5,23,2026-02-01,208
956,5,23,2026-03-01,239
957,5,23,2026-04-01,138
958,5,23,2026-05-01,218
959,5,23,2026-06-01,244
960,5,23,2026-07-01,202
961,5,9,2025-08-01,3
962,5,9,2025-09-01,3
963,5,9,2025-10-01,3
964,5,9,2025-11-01,2
965,5,9,2025-12-01,2
966,5,9,2026-01-01,3
967,5,9,2026-02-01,3
968,5,9,2026-03-01,3
969,5,9,2026-04-01,2
970,5,9,2026-05-01,2
971,5,9,2026-06-01,3
972,5,9,2026-07-01,3
973,5,19,2025-08-01,18
974,5,19,2025-09-01,18
975,5,19,2025-10-01,18
976,5,19,2025-11-01,18
977,5,19,2025-12-01,21
978,5,19,2026-01-01,14
979,5,19,2026-02-01,17
980,5,19,2026-03-01,20
981,5,19,2026-04-01,20
982,5,19,2026-05-01,13
983,5,19,2026-06-01,16
984,5,19,2026-07-01,20
985,5,20,2025-08-01,17
986,5,20,2025-09-01,16
987,5,20,2025-10-01,15
988,5,20,2025-11-01,15
989,5,20,2025-12-01,17
990,5,20,2026-01-01,15
991,5,20,2026-02-01,16
992,5,20,2026-03-01,16
993,5,20,2026-04-01,14
994,5,20,2026-05-01,17
995,5,20,2026-06-01,23
996,5,20,2026-07-01,12
997,5,11,2025-08-01,4
998,5,11,2025-09-01,4
999,5,11,2025-10-01,4
1000,5,11,2025-11-01,4
1001,5,11,2025-12-01,4
1002,5,11,2026-01-01,5
1003,5,11,2026-02-01,4
1004,5,11,2026-03-01,5
1005,5,11,2026-04-01,3
1006,5,11,2026-05-01,5
1007,5,11,2026-06-01,4
1008,5,11,2026-07-01,5
1009,5,21,2025-08-01,29
1010,5,21,2025-09-01,31
1011,5,21,2025-10-01,36
1012,5,21,2025-11-01,35
1013,5,21,2025-12-01,36
1014,5,21,2026-01-01,41
1015,5,21,2026-02-01,26
1016,5,21,2026-03-01,40
1017,5,21,2026-04-01,35
1018,5,21,2026-05-01,34
1019,5,21,2026-06-01,27
1020,5,21,2026-07-01,38
1021,5,6,2025-08-01,2
1022,5,6,2025-09-01,3
1023,5,6,2025-10-01,2
1024,5,6,2025-11-01,3
1025,5,6,2025-12-01,3
1026,5,6,2026-01-01,4
1027,5,6,2026-02-01,3
1028,5,6,2026-03-01,3
1029,5,6,2026-04-01,3
1030,5,6,2026-05-01,4
1031,5,6,2026-06-01,3
1032,5,6,2026-07-01,3
1033,5,18,2025-08-01,21
1034,5,18,2025-09-01,17
1035,5,18,2025-10-01,23
1036,5,18,2025-11-01,16
1037,5,18,2025-12-01,24
1038,5,18,2026-01-01,22
1039,5,18,2026-02-01,30
1040,5,18,2026-03-01,18
1041,5,18,2026-04-01,22
1042,5,18,2026-05-01,28
1043,5,18,2026-06-01,26
1044,5,18,2026-07-01,20
1045,5,2,2025-08-01,5
1046,5,2,2025-09-01,5
1047,5,2,2025-10-01,5
1048,5,2,2025-11-01,4
1049,5,2,2025-12-01,5
1050,5,2,2026-01-01,4
1051,5,2,2026-02-01,5
1052,5,2,2026-03-01,5
1053,5,2,2026-04-01,5
1054,5,2,2026-05-01,4
1055,5,2,2026-06-01,6
1056,5,2,2026-07-01,5
1057,6,16,2025-08-01,14
1058,6,16,2025-09-01,15
1059,6,16,2025-10-01,12
1060,6,16,2025-11-01,14
1061,6,16,2025-12-01,15
1062,6,16,2026-01-01,19
1063,6,16,2026-02-01,14
1064,6,16,2026-03-01,18
1065,6,16,2026-04-01,15
1066,6,16,2026-05-01,17
1067,6,16,2026-06-01,16
1068,6,16,2026-07-01,18
1069,6,13,2025-08-01,3
1070,6,13,2025-09-01,2
1071,6,13,2025-10-01,2
1072,6,13,2025-11-01,3
1073,6,13,2025-12-01,2
1074,6,13,2026-01-01,3
1075,6,13,2026-02-01,3
1076,6,13,2026-03-01,4
1077,6,13,2026-04-01,2
1078,6,13,2026-05-01,3
1079,6,13,2026-06-01,2
1080,6,13,2026-07-01,3
1081,6,6,2025-08-01,3
1082,6,6,2025-09-01,2
1083,6,6,2025-10-01,3
1084,6,6,2025-11-01,4
1085,6,6,2025-12-01,3
1086,6,6,2026-01-01,3
1087,6,6,2026-02-01,3
1088,6,6,2026-03-01,3
1089,6,6,2026-04-01,3
1090,6,6,2026-05-01,2
1091,6,6,2026-06-01,3
1092,6,6,2026-07-01,3
1093,6,3,2025-08-01,3
1094,6,3,2025-09-01,3
1095,6,3,2025-10-01,3
1096,6,3,2025-11-01,3
1097,6,3,2025-12-01,3
1098,6,3,2026-01-01,2
1099,6,3,2026-02-01,3
1100,6,3,2026-03-01,2
1101,6,3,2026-04-01,3
1102,6,3,2026-05-01,4
1103,6,3,2026-06-01,4
1104,6,3,2026-07-01,3
1105,6,5,2025-08-01,4
1106,6,5,2025-09-01,5
1107,6,5,2025-10-01,5
1108,6,5,2025-11-01,5
1109,6,5,2025-12-01,5
1110,6,5,2026-01-01,5
1111,6,5,2026-02-01,5
1112,6,5,2026-03-01,4
1113,6,5,2026-04-01,5
1114,6,5,2026-05-01,6
1115,6,5,2026-06-01,4
1116,6,5,2026-07-01,5
1117,6,20,2025-08-01,25
1118,6,20,2025-09-01,28
1119,6,20,2025-10-01,26
1120,6,20,2025-11-01,34
1121,6,20,2025-12-01,30
1122,6,20,2026-01-01,22
1123,6,20,2026-02-01,31
1124,6,20,2026-03-01,25
1125,6,20,2026-04-01,26
1126,6,20,2026-05-01,29
1127,6,20,2026-06-01,26
1128,6,20,2026-07-01,32
1129,6,25,2025-08-01,177
1130,6,25,2025-09-01,181
1131,6,25,2025-10-01,180
1132,6,25,2025-11-01,183
1133,6,25,2025-12-01,233
1134,6,25,2026-01-01,219
1135,6,25,2026-02-01,251
1136,6,25,2026-03-01,268
1137,6,25,2026-04-01,169
1138,6,25,2026-05-01,202
1139,6,25,2026-06-01,165
1140,6,25,2026-07-01,177
1141,6,12,2025-08-01,2
1142,6,12,2025-09-01,2
1143,6,12,2025-10-01,2
1144,6,12,2025-11-01,2
1145,6,12,2025-12-01,2
1146,6,12,2026-01-01,2
1147,6,12,2026-02-01,2
1148,6,12,2026-03-01,3
1149,6,12,2026-04-01,2
1150,6,12,2026-05-01,2
1151,6,12,2026-06-01,2
1152,6,12,2026-07-01,3
1153,6,9,2025-08-01,2
1154,6,9,2025-09-01,2
1155,6,9,2025-10-01,2
1156,6,9,2025-11-01,2
1157,6,9,2025-12-01,2
1158,6,9,2026-01-01,2
1159,6,9,2026-02-01,2
1160,6,9,2026-03-01,2
1161,6,9,2026-04-01,1
1162,6,9,2026-05-01,2
1163,6,9,2026-06-01,2
1164,6,9,2026-07-01,2
1165,6,19,2025-08-01,27
1166,6,19,2025-09-01,18
1167,6,19,2025-10-01,24
1168,6,19,2025-11-01,27
1169,6,19,2025-12-01,17
1170,6,19,2026-01-01,23
1171,6,19,2026-02-01,24
1172,6,19,2026-03-01,22
1173,6,19,2026-04-01,17
1174,6,19,2026-05-01,22
1175,6,19,2026-06-01,22
1176,6,19,2026-07-01,22
1177,6,23,2025-08-01,146
1178,6,23,2025-09-01,148
1179,6,23,2025-10-01,158
1180,6,23,2025-11-01,170
1181,6,23,2025-12-01,152
1182,6,23,2026-01-01,149
1183,6,23,2026-02-01,161
1184,6,23,2026-03-01,113
1185,6,23,2026-04-01,170
1186,6,23,2026-05-01,159
1187,6,23,2026-06-01,160
1188,6,23,2026-07-01,182
1189,6,11,2025-08-01,2
1190,6,11,2025-09-01,2
1191,6,11,2025-10-01,3
1192,6,11,2025-11-01,3
1193,6,11,2025-12-01,3
1194,6,11,2026-01-01,3
1195,6,11,2026-02-01,3
1196,6,11,2026-03-01,3
1197,6,11,2026-04-01,3
1198,6,11,2026-05-01,3
1199,6,11,2026-06-01,2
1200,6,11,2026-07-01,3
1201,6,4,2025-08-01,2
1202,6,4,2025-09-01,2
1203,6,4,2025-10-01,2
1204,6,4,2025-11-01,2
1205,6,4,2025-12-01,2
1206,6,4,2026-01-01,2
1207,6,4,2026-02-01,2
1208,6,4,2026-03-01,2
1209,6,4,2026-04-01,2
1210,6,4,2026-05-01,2
1211,6,4,2026-06-01,2
1212,6,4,2026-07-01,2
1213,6,1,2025-08-01,4
1214,6,1,2025-09-01,4
1215,6,1,2025-10-01,4
1216,6,1,2025-11-01,4
1217,6,1,2025-12-01,5
1218,6,1,2026-01-01,3
1219,6,1,2026-02-01,4
1220,6,1,2026-03-01,4
1221,6,1,2026-04-01,5
1222,6,1,2026-05-01,3
1223,6,1,2026-06-01,3
1224,6,1,2026-07-01,3
1225,6,22,2025-08-01,159
1226,6,22,2025-09-01,131
1227,6,22,2025-10-01,149
1228,6,22,2025-11-01,174
1229,6,22,2025-12-01,143
1230,6,22,2026-01-01,163
1231,6,22,2026-02-01,151
1232,6,22,2026-03-01,174
1233,6,22,2026-04-01,169
1234,6,22,2026-05-01,142
1235,6,22,2026-06-01,154
1236,6,22,2026-07-01,183
1237,6,10,2025-08-01,4
1238,6,10,2025-09-01,3
1239,6,10,2025-10-01,4
1240,6,10,2025-11-01,3
1241,6,10,2025-12-01,5
1242,6,10,2026-01-01,5
1243,6,10,2026-02-01,4
1244,6,10,2026-03-01,4
1245,6,10,2026-04-01,4
1246,6,10,2026-05-01,4
1247,6,10,2026-06-01,4
1248,6,10,2026-07-01,4
1249,6,7,2025-08-01,6
1250,6,7,2025-09-01,5
1251,6,7,2025-10-01,5
1252,6,7,2025-11-01,4
1253,6,7,2025-12-01,4
1254,6,7,2026-01-01,4
1255,6,7,2026-02-01,6
1256,6,7,2026-03-01,6
1257,6,7,2026-04-01,6
1258,6,7,2026-05-01,4
1259,6,7,2026-06-01,6
1260,6,7,2026-07-01,6
1261,6,2,2025-08-01,3
1262,6,2,2025-09-01,3
1263,6,2,2025-10-01,2
1264,6,2,2025-11-01,3
1265,6,2,2025-12-01,3
1266,6,2,2026-01-01,3
1267,6,2,2026-02-01,2
1268,6,2,2026-03-01,3
1269,6,2,2026-04-01,3
1270,6,2,2026-05-01,3
1271,6,2,2026-06-01,2
1272,6,2,2026-07-01,2
1273,7,20,2025-08-01,36
1274,7,20,2025-09-01,35
1275,7,20,2025-10-01,29
1276,7,20,2025-11-01,41
1277,7,20,2025-12-01,35
1278,7,20,2026-01-01,32
1279,7,20,2026-02-01,35
1280,7,20,2026-03-01,44
1281,7,20,2026-04-01,41
1282,7,20,2026-05-01,37
1283,7,20,2026-06-01,42
1284,7,20,2026-07-01,31
1285,7,5,2025-08-01,2
1286,7,5,2025-09-01,2
1287,7,5,2025-10-01,2
1288,7,5,2025-11-01,2
1289,7,5,2025-12-01,2
1290,7,5,2026-01-01,2
1291,7,5,2026-02-01,2
1292,7,5,2026-03-01,1
1293,7,5,2026-04-01,2
1294,7,5,2026-05-01,1
1295,7,5,2026-06-01,2
1296,7,5,2026-07-01,2
1297,7,1,2025-08-01,2
1298,7,1,2025-09-01,2
1299,7,1,2025-10-01,2
1300,7,1,2025-11-01,2
1301,7,1,2025-12-01,1
1302,7,1,2026-01-01,2
1303,7,1,2026-02-01,2
1304,7,1,2026-03-01,2
1305,7,1,2026-04-01,2
1306,7,1,2026-05-01,2
1307,7,1,2026-06-01,2
1308,7,1,2026-07-01,2
1309,7,12,2025-08-01,3
1310,7,12,2025-09-01,4
1311,7,12,2025-10-01,3
1312,7,12,2025-11-01,5
1313,7,12,2025-12-01,3
1314,7,12,2026-01-01,5
1315,7,12,2026-02-01,4
1316,7,12,2026-03-01,3
1317,7,12,2026-04-01,4
1318,7,12,2026-05-01,4
1319,7,12,2026-06-01,3
1320,7,12,2026-07-01,4
1321,7,6,2025-08-01,5
1322,7,6,2025-09-01,4
1323,7,6,2025-10-01,6
1324,7,6,2025-11-01,4
1325,7,6,2025-12-01,5
1326,7,6,2026-01-01,5
1327,7,6,2026-02-01,5
1328,7,6,2026-03-01,8
1329,7,6,2026-04-01,6
1330,7,6,2026-05-01,6
1331,7,6,2026-06-01,4
1332,7,6,2026-07-01,5
1333,7,15,2025-08-01,18
1334,7,15,2025-09-01,14
1335,7,15,2025-10-01,19
1336,7,15,2025-11-01,14
1337,7,15,2025-12-01,16
1338,7,15,2026-01-01,16
1339,7,15,2026-02-01,17
1340,7,15,2026-03-01,15
1341,7,15,2026-04-01,16
1342,7,15,2026-05-01,16
1343,7,15,2026-06-01,15
1344,7,15,2026-07-01,18
1345,7,7,2025-08-01,3
1346,7,7,2025-09-01,3
1347,7,7,2025-10-01,3
1348,7,7,2025-11-01,3
1349,7,7,2025-12-01,3
1350,7,7,2026-01-01,3
1351,7,7,2026-02-01,3
1352,7,7,2026-03-01,4
1353,7,7,2026-04-01,2
1354,7,7,2026-05-01,3
1355,7,7,2026-06-01,2
1356,7,7,2026-07-01,3
1357,7,17,2025-08-01,33
1358,7,17,2025-09-01,29
1359,7,17,2025-10-01,28
1360,7,17,2025-11-01,25
1361,7,17,2025-12-01,27
1362,7,17,2026-01-01,26
1363,7,17,2026-02-01,24
1364,7,17,2026-03-01,26
1365,7,17,2026-04-01,28
1366,7,17,2026-05-01,24
1367,7,17,2026-06-01,24
1368,7,17,2026-07-01,21
1369,7,13,2025-08-01,4
1370,7,13,2025-09-01,4
1371,7,13,2025-10-01,4
1372,7,13,2025-11-01,5
1373,7,13,2025-12-01,4
1374,7,13,2026-01-01,4
1375,7,13,2026-02-01,4
1376,7,13,2026-03-01,4
1377,7,13,2026-04-01,4
1378,7,13,2026-05-01,5
1379,7,13,2026-06-01,4
1380,7,13,2026-07-01,4
1381,7,16,2025-08-01,19
1382,7,16,2025-09-01,19
1383,7,16,2025-10-01,14
1384,7,16,2025-11-01,21
1385,7,16,2025-12-01,18
1386,7,16,2026-01-01,15
1387,7,16,2026-02-01,21
1388,7,16,2026-03-01,20
1389,7,16,2026-04-01,15
1390,7,16,2026-05-01,23
1391,7,16,2026-06-01,20
1392,7,16,2026-07-01,18
1393,7,4,2025-08-01,4
1394,7,4,2025-09-01,3
1395,7,4,2025-10-01,3
1396,7,4,2025-11-01,3
1397,7,4,2025-12-01,3
1398,7,4,2026-01-01,3
1399,7,4,2026-02-01,3
1400,7,4,2026-03-01,3
1401,7,4,2026-04-01,3
1402,7,4,2026-05-01,3
1403,7,4,2026-06-01,2
1404,7,4,2026-07-01,2
1405,7,10,2025-08-01,3
1406,7,10,2025-09-01,2
1407,7,10,2025-10-01,3
1408,7,10,2025-11-01,3
1409,7,10,2025-12-01,4
1410,7,10,2026-01-01,3
1411,7,10,2026-02-01,3
1412,7,10,2026-03-01,3
1413,7,10,2026-04-01,3
1414,7,10,2026-05-01,3
1415,7,10,2026-06-01,3
1416,7,10,2026-07-01,3
1417,7,11,2025-08-01,3
1418,7,11,2025-09-01,3
1419,7,11,2025-10-01,3
1420,7,11,2025-11-01,3
1421,7,11,2025-12-01,4
1422,7,11,2026-01-01,3
1423,7,11,2026-02-01,2
1424,7,11,2026-03-01,3
1425,7,11,2026-04-01,3
1426,7,11,2026-05-01,3
1427,7,11,2026-06-01,3
1428,7,11,2026-07-01,2
1429,7,2,2025-08-01,3
1430,7,2,2025-09-01,2
1431,7,2,2025-10-01,4
1432,7,2,2025-11-01,4
1433,7,2,2025-12-01,3
1434,7,2,2026-01-01,3
1435,7,2,2026-02-01,3
1436,7,2,2026-03-01,2
1437,7,2,2026-04-01,3
1438,7,2,2026-05-01,3
1439,7,2,2026-06-01,2
1440,7,2,2026-07-01,4
1441,7,19,2025-08-01,25
1442,7,19,2025-09-01,25
1443,7,19,2025-10-01,23
1444,7,19,2025-11-01,23
1445,7,19,2025-12-01,27
1446,7,19,2026-01-01,24
1447,7,19,2026-02-01,26
1448,7,19,2026-03-01,23
1449,7,19,2026-04-01,23
1450,7,19,2026-05-01,19
1451,7,19,2026-06-01,17
1452,7,19,2026-07-01,23
1453,7,21,2025-08-01,16
1454,7,21,2025-09-01,13
1455,7,21,2025-10-01,16
1456,7,21,2025-11-01,16
1457,7,21,2025-12-01,11
1458,7,21,2026-01-01,14
1459,7,21,2026-02-01,17
1460,7,21,2026-03-01,17
1461,7,21,2026-04-01,13
1462,7,21,2026-05-01,16
1463,7,21,2026-06-01,18
1464,7,21,2026-07-01,18
1465,7,8,2025-08-01,3
1466,7,8,2025-09-01,3
1467,7,8,2025-10-01,3
1468,7,8,2025-11-01,3
1469,7,8,2025-12-01,3
1470,7,8,2026-01-01,3
1471,7,8,2026-02-01,3
1472,7,8,2026-03-01,3
1473,7,8,2026-04-01,3
1474,7,8,2026-05-01,3
1475,7,8,2026-06-01,3
1476,7,8,2026-07-01,3
1477,7,18,2025-08-01,17
1478,7,18,2025-09-01,28
1479,7,18,2025-10-01,24
1480,7,18,2025-11-01,17
1481,7,18,2025-12-01,21
1482,7,18,2026-01-01,26
1483,7,18,2026-02-01,22
1484,7,18,2026-03-01,21
1485,7,18,2026-04-01,28
1486,7,18,2026-05-01,19
1487,7,18,2026-06-01,20
1488,7,18,2026-07-01,24
1489,8,21,2025-08-01,21
1490,8,21,2025-09-01,21
1491,8,21,2025-10-01,23
1492,8,21,2025-11-01,21
1493,8,21,2025-12-01,21
1494,8,21,2026-01-01,19
1495,8,21,2026-02-01,20
1496,8,21,2026-03-01,20
1497,8,21,2026-04-01,21
1498,8,21,2026-05-01,22
1499,8,21,2026-06-01,22
1500,8,21,2026-07-01,20
1501,8,18,2025-08-01,16
1502,8,18,2025-09-01,18
1503,8,18,2025-10-01,18
1504,8,18,2025-11-01,19
1505,8,18,2025-12-01,24
1506,8,18,2026-01-01,17
1507,8,18,2026-02-01,19
1508,8,18,2026-03-01,21
1509,8,18,2026-04-01,18
1510,8,18,2026-05-01,24
1511,8,18,2026-06-01,17
1512,8,18,2026-07-01,19
1513,8,9,2025-08-01,3
1514,8,9,2025-09-01,3
1515,8,9,2025-10-01,3
1516,8,9,2025-11-01,3
1517,8,9,2025-12-01,3
1518,8,9,2026-01-01,4
1519,8,9,2026-02-01,3
1520,8,9,2026-03-01,3
1521,8,9,2026-04-01,4
1522,8,9,2026-05-01,3
1523,8,9,2026-06-01,3
1524,8,9,2026-07-01,3
1525,8,1,2025-08-01,3
1526,8,1,2025-09-01,5
1527,8,1,2025-10-01,4
1528,8,1,2025-11-01,4
1529,8,1,2025-12-01,4
1530,8,1,2026-01-01,4
1531,8,1,2026-02-01,3
1532,8,1,2026-03-01,3
1533,8,1,2026-04-01,4
1534,8,1,2026-05-01,4
1535,8,1,2026-06-01,4
1536,8,1,2026-07-01,4
1537,8,7,2025-08-01,4
1538,8,7,2025-09-01,4
1539,8,7,2025-10-01,4
1540,8,7,2025-11-01,3
1541,8,7,2025-12-01,5
1542,8,7,2026-01-01,4
1543,8,7,2026-02-01,4
1544,8,7,2026-03-01,5
1545,8,7,2026-04-01,6
1546,8,7,2026-05-01,3
1547,8,7,2026-06-01,4
1548,8,7,2026-07-01,4
1549,8,23,2025-08-01,73
1550,8,23,2025-09-01,70
1551,8,23,2025-10-01,80
1552,8,23,2025-11-01,69
1553,8,23,2025-12-01,88
1554,8,23,2026-01-01,85
1555,8,23,2026-02-01,90
1556,8,23,2026-03-01,90
1557,8,23,2026-04-01,92
1558,8,23,2026-05-01,79
1559,8,23,2026-06-01,111
1560,8,23,2026-07-01,87
1561,8,15,2025-08-01,22
1562,8,15,2025-09-01,25
1563,8,15,2025-10-01,22
1564,8,15,2025-11-01,30
1565,8,15,2025-12-01,29
1566,8,15,2026-01-01,28
1567,8,15,2026-02-01,39
1568,8,15,2026-03-01,32
1569,8,15,2026-04-01,33
1570,8,15,2026-05-01,26
1571,8,15,2026-06-01,26
1572,8,15,2026-07-01,30
1573,8,17,2025-08-01,28
1574,8,17,2025-09-01,19
1575,8,17,2025-10-01,26
1576,8,17,2025-11-01,27
1577,8,17,2025-12-01,26
1578,8,17,2026-01-01,24
1579,8,17,2026-02-01,25
1580,8,17,2026-03-01,26
1581,8,17,2026-04-01,27
1582,8,17,2026-05-01,29
1583,8,17,2026-06-01,31
1584,8,17,2026-07-01,26
1585,8,8,2025-08-01,2
1586,8,8,2025-09-01,2
1587,8,8,2025-10-01,2
1588,8,8,2025-11-01,2
1589,8,8,2025-12-01,2
1590,8,8,2026-01-01,2
1591,8,8,2026-02-01,2
1592,8,8,2026-03-01,3
1593,8,8,2026-04-01,2
1594,8,8,2026-05-01,2
1595,8,8,2026-06-01,2
1596,8,8,2026-07-01,2
1597,8,10,2025-08-01,2
1598,8,10,2025-09-01,2
1599,8,10,2025-10-01,2
1600,8,10,2025-11-01,2
1601,8,10,2025-12-01,2
1602,8,10,2026-01-01,2
1603,8,10,2026-02-01,2
1604,8,10,2026-03-01,2
1605,8,10,2026-04-01,2
1606,8,10,2026-05-01,2
1607,8,10,2026-06-01,3
1608,8,10,2026-07-01,2
1609,8,16,2025-08-01,28
1610,8,16,2025-09-01,22
1611,8,16,2025-10-01,21
1612,8,16,2025-11-01,32
1613,8,16,2025-12-01,22
1614,8,16,2026-01-01,22
1615,8,16,2026-02-01,26
1616,8,16,2026-03-01,26
1617,8,16,2026-04-01,22
1618,8,16,2026-05-01,25
1619,8,16,2026-06-01,31
1620,8,16,2026-07-01,23
1621,8,2,2025-08-01,3
1622,8,2,2025-09-01,5
1623,8,2,2025-10-01,4
1624,8,2,2025-11-01,4
1625,8,2,2025-12-01,3
1626,8,2,2026-01-01,4
1627,8,2,2026-02-01,4
1628,8,2,2026-03-01,5
1629,8,2,2026-04-01,3
1630,8,2,2026-05-01,4
1631,8,2,2026-06-01,4
1632,8,2,2026-07-01,3
1633,8,12,2025-08-01,2
1634,8,12,2025-09-01,2
1635,8,12,2025-10-01,2
1636,8,12,2025-11-01,2
1637,8,12,2025-12-01,2
1638,8,12,2026-01-01,2
1639,8,12,2026-02-01,1
1640,8,12,2026-03-01,2
1641,8,12,2026-04-01,2
1642,8,12,2026-05-01,2
1643,8,12,2026-06-01,2
1644,8,12,2026-07-01,2
1645,8,25,2025-08-01,159
1646,8,25,2025-09-01,141
1647,8,25,2025-10-01,106
1648,8,25,2025-11-01,136
1649,8,25,2025-12-01,155
1650,8,25,2026-01-01,122
1651,8,25,2026-02-01,160
1652,8,25,2026-03-01,166
1653,8,25,2026-04-01,149
1654,8,25,2026-05-01,79
1655,8,25,2026-06-01,118
1656,8,25,2026-07-01,187
1657,8,22,2025-08-01,129
1658,8,22,2025-09-01,98
1659,8,22,2025-10-01,166
1660,8,22,2025-11-01,140
1661,8,22,2025-12-01,163
1662,8,22,2026-01-01,146
1663,8,22,2026-02-01,150
1664,8,22,2026-03-01,148
1665,8,22,2026-04-01,155
1666,8,22,2026-05-01,188
1667,8,22,2026-06-01,160
1668,8,22,2026-07-01,107
1669,9,11,2025-08-01,3
1670,9,11,2025-09-01,4
1671,9,11,2025-10-01,4
1672,9,11,2025-11-01,3
1673,9,11,2025-12-01,4
1674,9,11,2026-01-01,3
1675,9,11,2026-02-01,4
1676,9,11,2026-03-01,3
1677,9,11,2026-04-01,3
1678,9,11,2026-05-01,3
1679,9,11,2026-06-01,3
1680,9,11,2026-07-01,3
1681,9,18,2025-08-01,16
1682,9,18,2025-09-01,26
1683,9,18,2025-10-01,30
1684,9,18,2025-11-01,26
1685,9,18,2025-12-01,36
1686,9,18,2026-01-01,28
1687,9,18,2026-02-01,33
1688,9,18,2026-03-01,29
1689,9,18,2026-04-01,31
1690,9,18,2026-05-01,29
1691,9,18,2026-06-01,34
1692,9,18,2026-07-01,28
1693,9,2,2025-08-01,5
1694,9,2,2025-09-01,5
1695,9,2,2025-10-01,5
1696,9,2,2025-11-01,5
1697,9,2,2025-12-01,7
1698,9,2,2026-01-01,5
1699,9,2,2026-02-01,5
1700,9,2,2026-03-01,6
1701,9,2,2026-04-01,6
1702,9,2,2026-05-01,5
1703,9,2,2026-06-01,3
1704,9,2,2026-07-01,5
1705,9,20,2025-08-01,21
1706,9,20,2025-09-01,39
1707,9,20,2025-10-01,33
1708,9,20,2025-11-01,37
1709,9,20,2025-12-01,28
1710,9,20,2026-01-01,25
1711,9,20,2026-02-01,33
1712,9,20,2026-03-01,32
1713,9,20,2026-04-01,30
1714,9,20,2026-05-01,32
1715,9,20,2026-06-01,45
1716,9,20,2026-07-01,36
1717,9,6,2025-08-01,5
1718,9,6,2025-09-01,5
1719,9,6,2025-10-01,5
1720,9,6,2025-11-01,4
1721,9,6,2025-12-01,3
1722,9,6,2026-01-01,4
1723,9,6,2026-02-01,4
1724,9,6,2026-03-01,3
1725,9,6,2026-04-01,4
1726,9,6,2026-05-01,4
1727,9,6,2026-06-01,5
1728,9,6,2026-07-01,4
1729,9,17,2025-08-01,38
1730,9,17,2025-09-01,38
1731,9,17,2025-10-01,35
1732,9,17,2025-11-01,36
1733,9,17,2025-12-01,29
1734,9,17,2026-01-01,24
1735,9,17,2026-02-01,36
1736,9,17,2026-03-01,37
1737,9,17,2026-04-01,41
1738,9,17,2026-05-01,43
1739,9,17,2026-06-01,43
1740,9,17,2026-07-01,30
1741,9,24,2025-08-01,157
1742,9,24,2025-09-01,178
1743,9,24,2025-10-01,229
1744,9,24,2025-11-01,203
1745,9,24,2025-12-01,194
1746,9,24,2026-01-01,156
1747,9,24,2026-02-01,144
1748,9,24,2026-03-01,186
1749,9,24,2026-04-01,139
1750,9,24,2026-05-01,160
1751,9,24,2026-06-01,163
1752,9,24,2026-07-01,206
1753,9,12,2025-08-01,3
1754,9,12,2025-09-01,2
1755,9,12,2025-10-01,3
1756,9,12,2025-11-01,3
1757,9,12,2025-12-01,3
1758,9,12,2026-01-01,3
1759,9,12,2026-02-01,3
1760,9,12,2026-03-01,3
1761,9,12,2026-04-01,2
1762,9,12,2026-05-01,3
1763,9,12,2026-06-01,3
1764,9,12,2026-07-01,3
1765,9,25,2025-08-01,105
1766,9,25,2025-09-01,152
1767,9,25,2025-10-01,161
1768,9,25,2025-11-01,137
1769,9,25,2025-12-01,97
1770,9,25,2026-01-01,153
1771,9,25,2026-02-01,104
1772,9,25,2026-03-01,144
1773,9,25,2026-04-01,120
1774,9,25,2026-05-01,114
1775,9,25,2026-06-01,129
1776,9,25,2026-07-01,134
1777,9,10,2025-08-01,3
1778,9,10,2025-09-01,3
1779,9,10,2025-10-01,3
1780,9,10,2025-11-01,3
1781,9,10,2025-12-01,3
1782,9,10,2026-01-01,3
1783,9,10,2026-02-01,3
1784,9,10,2026-03-01,2
1785,9,10,2026-04-01,3
1786,9,10,2026-05-01,3
1787,9,10,2026-06-01,2
1788,9,10,2026-07-01,3
1789,9,15,2025-08-01,17
1790,9,15,2025-09-01,25
1791,9,15,2025-10-01,15
1792,9,15,2025-11-01,16
1793,9,15,2025-12-01,23
1794,9,15,2026-01-01,24
1795,9,15,2026-02-01,18
1796,9,15,2026-03-01,18
1797,9,15,2026-04-01,22
1798,9,15,2026-05-01,13
1799,9,15,2026-06-01,14
1800,9,15,2026-07-01,19
1801,9,4,2025-08-01,5
1802,9,4,2025-09-01,4
1803,9,4,2025-10-01,4
1804,9,4,2025-11-01,5
1805,9,4,2025-12-01,5
1806,9,4,2026-01-01,4
1807,9,4,2026-02-01,4
1808,9,4,2026-03-01,5
1809,9,4,2026-04-01,3
1810,9,4,2026-05-01,5
1811,9,4,2026-06-01,3
1812,9,4,2026-07-01,4
1813,9,7,2025-08-01,2
1814,9,7,2025-09-01,2
1815,9,7,2025-10-01,2
1816,9,7,2025-11-01,2
1817,9,7,2025-12-01,2
1818,9,7,2026-01-01,2
1819,9,7,2026-02-01,2
1820,9,7,2026-03-01,2
1821,9,7,2026-04-01,2
1822,9,7,2026-05-01,2
1823,9,7,2026-06-01,2
1824,9,7,2026-07-01,3
1825,9,13,2025-08-01,3
1826,9,13,2025-09-01,3
1827,9,13,2025-10-01,3
1828,9,13,2025-11-01,3
1829,9,13,2025-12-01,3
1830,9,13,2026-01-01,3
1831,9,13,2026-02-01,3
1832,9,13,2026-03-01,3
1833,9,13,2026-04-01,3
1834,9,13,2026-05-01,3
1835,9,13,2026-06-01,3
1836,9,13,2026-07-01,3
1837,9,5,2025-08-01,2
1838,9,5,2025-09-01,2
1839,9,5,2025-10-01,2
1840,9,5,2025-11-01,2
1841,9,5,2025-12-01,3
1842,9,5,2026-01-01,2
1843,9,5,2026-02-01,3
1844,9,5,2026-03-01,3
1845,9,5,2026-04-01,3
1846,9,5,2026-05-01,4
1847,9,5,2026-06-01,3
1848,9,5,2026-07-01,3
1849,9,16,2025-08-01,30
1850,9,16,2025-09-01,30
1851,9,16,2025-10-01,34
1852,9,16,2025-11-01,35
1853,9,16,2025-12-01,28
1854,9,16,2026-01-01,32
1855,9,16,2026-02-01,22
1856,9,16,2026-03-01,33
1857,9,16,2026-04-01,36
1858,9,16,2026-05-01,31
1859,9,16,2026-06-01,41
1860,9,16,2026-07-01,28
1861,10,9,2025-08-01,1
1862,10,9,2025-09-01,1
1863,10,9,2025-10-01,1
1864,10,9,2025-11-01,1
1865,10,9,2025-12-01,1
1866,10,9,2026-01-01,1
1867,10,9,2026-02-01,1
1868,10,9,2026-03-01,1
1869,10,9,2026-04-01,1
1870,10,9,2026-05-01,1
1871,10,9,2026-06-01,1
1872,10,9,2026-07-01,1
1873,10,13,2025-08-01,3
1874,10,13,2025-09-01,4
1875,10,13,2025-10-01,3
1876,10,13,2025-11-01,2
1877,10,13,2025-12-01,3
1878,10,13,2026-01-01,4
1879,10,13,2026-02-01,3
1880,10,13,2026-03-01,3
1881,10,13,2026-04-01,3
1882,10,13,2026-05-01,3
1883,10,13,2026-06-01,4
1884,10,13,2026-07-01,3
1885,10,4,2025-08-01,5
1886,10,4,2025-09-01,4
1887,10,4,2025-10-01,5
1888,10,4,2025-11-01,4
1889,10,4,2025-12-01,4
1890,10,4,2026-01-01,5
1891,10,4,2026-02-01,4
1892,10,4,2026-03-01,4
1893,10,4,2026-04-01,4
1894,10,4,2026-05-01,4
1895,10,4,2026-06-01,4
1896,10,4,2026-07-01,5
1897,10,8,2025-08-01,4
1898,10,8,2025-09-01,3
1899,10,8,2025-10-01,4
1900,10,8,2025-11-01,5
1901,10,8,2025-12-01,4
1902,10,8,2026-01-01,3
1903,10,8,2026-02-01,5
1904,10,8,2026-03-01,4
1905,10,8,2026-04-01,4
1906,10,8,2026-05-01,4
1907,10,8,2026-06-01,5
1908,10,8,2026-07-01,4
1909,10,20,2025-08-01,41
1910,10,20,2025-09-01,38
1911,10,20,2025-10-01,36
1912,10,20,2025-11-01,36
1913,10,20,2025-12-01,34
1914,10,20,2026-01-01,40
1915,10,20,2026-02-01,30
1916,10,20,2026-03-01,26
1917,10,20,2026-04-01,38
1918,10,20,2026-05-01,38
1919,10,20,2026-06-01,38
1920,10,20,2026-07-01,37
1921,10,14,2025-08-01,1
1922,10,14,2025-09-01,1
1923,10,14,2025-10-01,1
1924,10,14,2025-11-01,1
1925,10,14,2025-12-01,1
1926,10,14,2026-01-01,1
1927,10,14,2026-02-01,1
1928,10,14,2026-03-01,1
1929,10,14,2026-04-01,1
1930,10,14,2026-05-01,1
1931,10,14,2026-06-01,1
1932,10,14,2026-07-01,1
1933,10,25,2025-08-01,134
1934,10,25,2025-09-01,120
1935,10,25,2025-10-01,87
1936,10,25,2025-11-01,143
1937,10,25,2025-12-01,154
1938,10,25,2026-01-01,155
1939,10,25,2026-02-01,134
1940,10,25,2026-03-01,128
1941,10,25,2026-04-01,152
1942,10,25,2026-05-01,159
1943,10,25,2026-06-01,149
1944,10,25,2026-07-01,109
1945,10,3,2025-08-01,4
1946,10,3,2025-09-01,4
1947,10,3,2025-10-01,3
1948,10,3,2025-11-01,4
1949,10,3,2025-12-01,5
1950,10,3,2026-01-01,4
1951,10,3,2026-02-01,5
1952,10,3,2026-03-01,4
1953,10,3,2026-04-01,4
1954,10,3,2026-05-01,4
1955,10,3,2026-06-01,4
1956,10,3,2026-07-01,3
1957,10,2,2025-08-01,2
1958,10,2,2025-09-01,2
1959,10,2,2025-10-01,2
1960,10,2,2025-11-01,2
1961,10,2,2025-12-01,2
1962,10,2,2026-01-01,2
1963,10,2,2026-02-01,2
1964,10,2,2026-03-01,2
1965,10,2,2026-04-01,2
1966,10,2,2026-05-01,2
1967,10,2,2026-06-01,2
1968,10,2,2026-07-01,2
1969,10,18,2025-08-01,30
1970,10,18,2025-09-01,45
1971,10,18,2025-10-01,36
1972,10,18,2025-11-01,38
1973,10,18,2025-12-01,26
1974,10,18,2026-01-01,30
1975,10,18,2026-02-01,40
1976,10,18,2026-03-01,35
1977,10,18,2026-04-01,24
1978,10,18,2026-05-01,39
1979,10,18,2026-06-01,31
1980,10,18,2026-07-01,41
1981,10,1,2025-08-01,4
1982,10,1,2025-09-01,4
1983,10,1,2025-10-01,5
1984,10,1,2025-11-01,3
1985,10,1,2025-12-01,3
1986,10,1,2026-01-01,4
1987,10,1,2026-02-01,4
1988,10,1,2026-03-01,3
1989,10,1,2026-04-01,3
1990,10,1,2026-05-01,4
1991,10,1,2026-06-01,4
1992,10,1,2026-07-01,4
1993,10,11,2025-08-01,2
1994,10,11,2025-09-01,3
1995,10,11,2025-10-01,3
1996,10,11,2025-11-01,3
1997,10,11,2025-12-01,3
1998,10,11,2026-01-01,4
1999,10,11,2026-02-01,3
2000,10,11,2026-03-01,3
2001,10,11,2026-04-01,4
2002,10,11,2026-05-01,3
2003,10,11,2026-06-01,3
2004,10,11,2026-07-01,3
2005,10,17,2025-08-01,25
2006,10,17,2025-09-01,26
2007,10,17,2025-10-01,18
2008,10,17,2025-11-01,21
2009,10,17,2025-12-01,21
2010,10,17,2026-01-01,18
2011,10,17,2026-02-01,21
2012,10,17,2026-03-01,21
2013,10,17,2026-04-01,25
2014,10,17,2026-05-01,25
2015,10,17,2026-06-01,20
2016,10,17,2026-07-01,20
2017,10,7,2025-08-01,4
2018,10,7,2025-09-01,4
2019,10,7,2025-10-01,4
2020,10,7,2025-11-01,4
2021,10,7,2025-12-01,3
2022,10,7,2026-01-01,3
2023,10,7,2026-02-01,5
2024,10,7,2026-03-01,4
2025,10,7,2026-04-01,5
2026,10,7,2026-05-01,4
2027,10,7,2026-06-01,4
2028,10,7,2026-07-01,5
2029,10,6,2025-08-01,4
2030,10,6,2025-09-01,4
2031,10,6,2025-10-01,6
2032,10,6,2025-11-01,4
2033,10,6,2025-12-01,5
2034,10,6,2026-01-01,5
2035,10,6,2026-02-01,5
2036,10,6,2026-03-01,4
2037,10,6,2026-04-01,5
2038,10,6,2026-05-01,5
2039,10,6,2026-06-01,4
2040,10,6,2026-07-01,4
2041,10,19,2025-08-01,25
2042,10,19,2025-09-01,20
2043,10,19,2025-10-01,24
2044,10,19,2025-11-01,26
2045,10,19,2025-12-01,24
2046,10,19,2026-01-01,25
2047,10,19,2026-02-01,26
2048,10,19,2026-03-01,23
2049,10,19,2026-04-01,29
2050,10,19,2026-05-01,32
2051,10,19,2026-06-01,24
2052,10,19,2026-07-01,28
2053,10,23,2025-08-01,152
2054,10,23,2025-09-01,167
2055,10,23,2025-10-01,195
2056,10,23,2025-11-01,170
2057,10,23,2025-12-01,116
2058,10,23,2026-01-01,169
2059,10,23,2026-02-01,187
2060,10,23,2026-03-01,153
2061,10,23,2026-04-01,182
2062,10,23,2026-05-01,142
2063,10,23,2026-06-01,123
2064,10,23,2026-07-01,161
2065,10,22,2025-08-01,118
2066,10,22,2025-09-01,154
2067,10,22,2025-10-01,191
2068,10,22,2025-11-01,114
2069,10,22,2025-12-01,129
2070,10,22,2026-01-01,135
2071,10,22,2026-02-01,158
2072,10,22,2026-03-01,151
2073,10,22,2026-04-01,194
2074,10,22,2026-05-01,183
2075,10,22,2026-06-01,172
2076,10,22,2026-07-01,163
2077,11,19,2025-08-01,24
2078,11,19,2025-09-01,20
2079,11,19,2025-10-01,26
2080,11,19,2025-11-01,19
2081,11,19,2025-12-01,26
2082,11,19,2026-01-01,27
2083,11,19,2026-02-01,24
2084,11,19,2026-03-01,22
2085,11,19,2026-04-01,24
2086,11,19,2026-05-01,13
2087,11,19,2026-06-01,24
2088,11,19,2026-07-01,23
2089,11,23,2025-08-01,73
2090,11,23,2025-09-01,82
2091,11,23,2025-10-01,73
2092,11,23,2025-11-01,61
2093,11,23,2025-12-01,72
2094,11,23,2026-01-01,75
2095,11,23,2026-02-01,75
2096,11,23,2026-03-01,76
2097,11,23,2026-04-01,86
2098,11,23,2026-05-01,62
2099,11,23,2026-06-01,76
2100,11,23,2026-07-01,88
2101,11,11,2025-08-01,3
2102,11,11,2025-09-01,4
2103,11,11,2025-10-01,4
2104,11,11,2025-11-01,4
2105,11,11,2025-12-01,3
2106,11,11,2026-01-01,4
2107,11,11,2026-02-01,5
2108,11,11,2026-03-01,3
2109,11,11,2026-04-01,3
2110,11,11,2026-05-01,3
2111,11,11,2026-06-01,5
2112,11,11,2026-07-01,4
2113,11,16,2025-08-01,22
2114,11,16,2025-09-01,21
2115,11,16,2025-10-01,19
2116,11,16,2025-11-01,21
2117,11,16,2025-12-01,30
2118,11,16,2026-01-01,27
2119,11,16,2026-02-01,19
2120,11,16,2026-03-01,24
2121,11,16,2026-04-01,19
2122,11,16,2026-05-01,16
2123,11,16,2026-06-01,25
2124,11,16,2026-07-01,26
2125,11,4,2025-08-01,5
2126,11,4,2025-09-01,4
2127,11,4,2025-10-01,4
2128,11,4,2025-11-01,4
2129,11,4,2025-12-01,4
2130,11,4,2026-01-01,4
2131,11,4,2026-02-01,3
2132,11,4,2026-03-01,4
2133,11,4,2026-04-01,5
2134,11,4,2026-05-01,3
2135,11,4,2026-06-01,4
2136,11,4,2026-07-01,4
2137,11,21,2025-08-01,37
2138,11,21,2025-09-01,37
2139,11,21,2025-10-01,30
2140,11,21,2025-11-01,25
2141,11,21,2025-12-01,30
2142,11,21,2026-01-01,37
2143,11,21,2026-02-01,30
2144,11,21,2026-03-01,30
2145,11,21,2026-04-01,24
2146,11,21,2026-05-01,42
2147,11,21,2026-06-01,37
2148,11,21,2026-07-01,37
2149,11,8,2025-08-01,2
2150,11,8,2025-09-01,2
2151,11,8,2025-10-01,2
2152,11,8,2025-11-01,2
2153,11,8,2025-12-01,2
2154,11,8,2026-01-01,3
2155,11,8,2026-02-01,2
2156,11,8,2026-03-01,2
2157,11,8,2026-04-01,2
2158,11,8,2026-05-01,2
2159,11,8,2026-06-01,2
2160,11,8,2026-07-01,2
2161,11,13,2025-08-01,2
2162,11,13,2025-09-01,2
2163,11,13,2025-10-01,2
2164,11,13,2025-11-01,2
2165,11,13,2025-12-01,2
2166,11,13,2026-01-01,2
2167,11,13,2026-02-01,2
2168,11,13,2026-03-01,2
2169,11,13,2026-04-01,2
2170,11,13,2026-05-01,2
2171,11,13,2026-06-01,2
2172,11,13,2026-07-01,2
2173,11,3,2025-08-01,2
2174,11,3,2025-09-01,2
2175,11,3,2025-10-01,2
2176,11,3,2025-11-01,2
2177,11,3,2025-12-01,2
2178,11,3,2026-01-01,2
2179,11,3,2026-02-01,2
2180,11,3,2026-03-01,2
2181,11,3,2026-04-01,2
2182,11,3,2026-05-01,2
2183,11,3,2026-06-01,2
2184,11,3,2026-07-01,2
2185,11,17,2025-08-01,25
2186,11,17,2025-09-01,14
2187,11,17,2025-10-01,21
2188,11,17,2025-11-01,16
2189,11,17,2025-12-01,18
2190,11,17,2026-01-01,19
2191,11,17,2026-02-01,19
2192,11,17,2026-03-01,18
2193,11,17,2026-04-01,20
2194,11,17,2026-05-01,18
2195,11,17,2026-06-01,16
2196,11,17,2026-07-01,22
2197,11,15,2025-08-01,30
2198,11,15,2025-09-01,30
2199,11,15,2025-10-01,21
2200,11,15,2025-11-01,28
2201,11,15,2025-12-01,30
2202,11,15,2026-01-01,23
2203,11,15,2026-02-01,27
2204,11,15,2026-03-01,27
2205,11,15,2026-04-01,34
2206,11,15,2026-05-01,35
2207,11,15,2026-06-01,20
2208,11,15,2026-07-01,37
2209,11,2,2025-08-01,3
2210,11,2,2025-09-01,5
2211,11,2,2025-10-01,5
2212,11,2,2025-11-01,3
2213,11,2,2025-12-01,4
2214,11,2,2026-01-01,4
2215,11,2,2026-02-01,4
2216,11,2,2026-03-01,4
2217,11,2,2026-04-01,5
2218,11,2,2026-05-01,4
2219,11,2,2026-06-01,4
2220,11,2,2026-07-01,5
2221,11,5,2025-08-01,4
2222,11,5,2025-09-01,4
2223,11,5,2025-10-01,4
2224,11,5,2025-11-01,3
2225,11,5,2025-12-01,4
2226,11,5,2026-01-01,4
2227,11,5,2026-02-01,4
2228,11,5,2026-03-01,5
2229,11,5,2026-04-01,4
2230,11,5,2026-05-01,5
2231,11,5,2026-06-01,5
2232,11,5,2026-07-01,4
2233,11,25,2025-08-01,85
2234,11,25,2025-09-01,120
2235,11,25,2025-10-01,96
2236,11,25,2025-11-01,99
2237,11,25,2025-12-01,92
2238,11,25,2026-01-01,84
2239,11,25,2026-02-01,76
2240,11,25,2026-03-01,106
2241,11,25,2026-04-01,86
2242,11,25,2026-05-01,142
2243,11,25,2026-06-01,81
2244,11,25,2026-07-01,79
2245,11,10,2025-08-01,1
2246,11,10,2025-09-01,1
2247,11,10,2025-10-01,1
2248,11,10,2025-11-01,1
2249,11,10,2025-12-01,1
2250,11,10,2026-01-01,1
2251,11,10,2026-02-01,1
2252,11,10,2026-03-01,1
2253,11,10,2026-04-01,1
2254,11,10,2026-05-01,1
2255,11,10,2026-06-01,1
2256,11,10,2026-07-01,1
2257,11,20,2025-08-01,22
2258,11,20,2025-09-01,26
2259,11,20,2025-10-01,26
2260,11,20,2025-11-01,28
2261,11,20,2025-12-01,28
2262,11,20,2026-01-01,29
2263,11,20,2026-02-01,25
2264,11,20,2026-03-01,26
2265,11,20,2026-04-01,27
2266,11,20,2026-05-01,26
2267,11,20,2026-06-01,24
2268,11,20,2026-07-01,24
2269,11,14,2025-08-01,2
2270,11,14,2025-09-01,2
2271,11,14,2025-10-01,2
2272,11,14,2025-11-01,2
2273,11,14,2025-12-01,2
2274,11,14,2026-01-01,2
2275,11,14,2026-02-01,2
2276,11,14,2026-03-01,2
2277,11,14,2026-04-01,2
2278,11,14,2026-05-01,2
2279,11,14,2026-06-01,2
2280,11,14,2026-07-01,2
2281,11,24,2025-08-01,193
2282,11,24,2025-09-01,154
2283,11,24,2025-10-01,157
2284,11,24,2025-11-01,168
2285,11,24,2025-12-01,196
2286,11,24,2026-01-01,168
2287,11,24,2026-02-01,137
2288,11,24,2026-03-01,181
2289,11,24,2026-04-01,155
2290,11,24,2026-05-01,214
2291,11,24,2026-06-01,167
2292,11,24,2026-07-01,111
2293,12,23,2025-08-01,191
2294,12,23,2025-09-01,234
2295,12,23,2025-10-01,224
2296,12,23,2025-11-01,231
2297,12,23,2025-12-01,153
2298,12,23,2026-01-01,206
2299,12,23,2026-02-01,161
2300,12,23,2026-03-01,187
2301,12,23,2026-04-01,146
2302,12,23,2026-05-01,164
2303,12,23,2026-06-01,163
2304,12,23,2026-07-01,205
2305,12,7,2025-08-01,2
2306,12,7,2025-09-01,2
2307,12,7,2025-10-01,2
2308,12,7,2025-11-01,2
2309,12,7,2025-12-01,2
2310,12,7,2026-01-01,2
2311,12,7,2026-02-01,2
2312,12,7,2026-03-01,2
2313,12,7,2026-04-01,2
2314,12,7,2026-05-01,1
2315,12,7,2026-06-01,1
2316,12,7,2026-07-01,2
2317,12,3,2025-08-01,2
2318,12,3,2025-09-01,2
2319,12,3,2025-10-01,2
2320,12,3,2025-11-01,2
2321,12,3,2025-12-01,2
2322,12,3,2026-01-01,2
2323,12,3,2026-02-01,2
2324,12,3,2026-03-01,2
2325,12,3,2026-04-01,2
2326,12,3,2026-05-01,2
2327,12,3,2026-06-01,2
2328,12,3,2026-07-01,2
2329,12,21,2025-08-01,12
2330,12,21,2025-09-01,17
2331,12,21,2025-10-01,14
2332,12,21,2025-11-01,9
2333,12,21,2025-12-01,10
2334,12,21,2026-01-01,13
2335,12,21,2026-02-01,16
2336,12,21,2026-03-01,15
2337,12,21,2026-04-01,15
2338,12,21,2026-05-01,19
2339,12,21,2026-06-01,12
2340,12,21,2026-07-01,15
2341,12,10,2025-08-01,1
2342,12,10,2025-09-01,1
2343,12,10,2025-10-01,1
2344,12,10,2025-11-01,1
2345,12,10,2025-12-01,1
2346,12,10,2026-01-01,1
2347,12,10,2026-02-01,1
2348,12,10,2026-03-01,1
2349,12,10,2026-04-01,1
2350,12,10,2026-05-01,1
2351,12,10,2026-06-01,1
2352,12,10,2026-07-01,1
2353,12,1,2025-08-01,3
2354,12,1,2025-09-01,3
2355,12,1,2025-10-01,3
2356,12,1,2025-11-01,3
2357,12,1,2025-12-01,3
2358,12,1,2026-01-01,4
2359,12,1,2026-02-01,3
2360,12,1,2026-03-01,4
2361,12,1,2026-04-01,3
2362,12,1,2026-05-01,3
2363,12,1,2026-06-01,2
2364,12,1,2026-07-01,3
2365,12,6,2025-08-01,4
2366,12,6,2025-09-01,5
2367,12,6,2025-10-01,4
2368,12,6,2025-11-01,5
2369,12,6,2025-12-01,4
2370,12,6,2026-01-01,5
2371,12,6,2026-02-01,4
2372,12,6,2026-03-01,5
2373,12,6,2026-04-01,4
2374,12,6,2026-05-01,4
2375,12,6,2026-06-01,3
2376,12,6,2026-07-01,5
2377,12,18,2025-08-01,26
2378,12,18,2025-09-01,22
2379,12,18,2025-10-01,27
2380,12,18,2025-11-01,25
2381,12,18,2025-12-01,30
2382,12,18,2026-01-01,18
2383,12,18,2026-02-01,22
2384,12,18,2026-03-01,21
2385,12,18,2026-04-01,16
2386,12,18,2026-05-01,27
2387,12,18,2026-06-01,22
2388,12,18,2026-07-01,26
2389,12,2,2025-08-01,5
2390,12,2,2025-09-01,4
2391,12,2,2025-10-01,4
2392,12,2,2025-11-01,4
2393,12,2,2025-12-01,5
2394,12,2,2026-01-01,4
2395,12,2,2026-02-01,4
2396,12,2,2026-03-01,5
2397,12,2,2026-04-01,4
2398,12,2,2026-05-01,3
2399,12,2,2026-06-01,3
2400,12,2,2026-07-01,5
2401,12,8,2025-08-01,5
2402,12,8,2025-09-01,4
2403,12,8,2025-10-01,5
2404,12,8,2025-11-01,5
2405,12,8,2025-12-01,6
2406,12,8,2026-01-01,4
2407,12,8,2026-02-01,4
2408,12,8,2026-03-01,5
2409,12,8,2026-04-01,5
2410,12,8,2026-05-01,5
2411,12,8,2026-06-01,4
2412,12,8,2026-07-01,5
2413,12,19,2025-08-01,38
2414,12,19,2025-09-01,35
2415,12,19,2025-10-01,34
2416,12,19,2025-11-01,33
2417,12,19,2025-12-01,29
2418,12,19,2026-01-01,33
2419,12,19,2026-02-01,39
2420,12,19,2026-03-01,32
2421,12,19,2026-04-01,29
2422,12,19,2026-05-01,31
2423,12,19,2026-06-01,34
2424,12,19,2026-07-01,31
2425,12,14,2025-08-01,2
2426,12,14,2025-09-01,2
2427,12,14,2025-10-01,2
2428,12,14,2025-11-01,2
2429,12,14,2025-12-01,2
2430,12,14,2026-01-01,2
2431,12,14,2026-02-01,2
2432,12,14,2026-03-01,2
2433,12,14,2026-04-01,2
2434,12,14,2026-05-01,2
2435,12,14,2026-06-01,2
2436,12,14,2026-07-01,2
2437,12,22,2025-08-01,180
2438,12,22,2025-09-01,191
2439,12,22,2025-10-01,235
2440,12,22,2025-11-01,206
2441,12,22,2025-12-01,274
2442,12,22,2026-01-01,205
2443,12,22,2026-02-01,191
2444,12,22,2026-03-01,200
2445,12,22,2026-04-01,208
2446,12,22,2026-05-01,213
2447,12,22,2026-06-01,262
2448,12,22,2026-07-01,175
2449,12,13,2025-08-01,3
2450,12,13,2025-09-01,3
2451,12,13,2025-10-01,2
2452,12,13,2025-11-01,3
2453,12,13,2025-12-01,4
2454,12,13,2026-01-01,3
2455,12,13,2026-02-01,3
2456,12,13,2026-03-01,2
2457,12,13,2026-04-01,2
2458,12,13,2026-05-01,3
2459,12,13,2026-06-01,3
2460,12,13,2026-07-01,3
2461,12,12,2025-08-01,2
2462,12,12,2025-09-01,2
2463,12,12,2025-10-01,2
2464,12,12,2025-11-01,2
2465,12,12,2025-12-01,2
2466,12,12,2026-01-01,2
2467,12,12,2026-02-01,2
2468,12,12,2026-03-01,2
2469,12,12,2026-04-01,2
2470,12,12,2026-05-01,2
2471,12,12,2026-06-01,2
2472,12,12,2026-07-01,2
2473,13,11,2025-08-01,4
2474,13,11,2025-09-01,2
2475,13,11,2025-10-01,4
2476,13,11,2025-11-01,3
2477,13,11,2025-12-01,4
2478,13,11,2026-01-01,3
2479,13,11,2026-02-01,3
2480,13,11,2026-03-01,3
2481,13,11,2026-04-01,3
2482,13,11,2026-05-01,3
2483,13,11,2026-06-01,3
2484,13,11,2026-07-01,3
2485,13,16,2025-08-01,26
2486,13,16,2025-09-01,23
2487,13,16,2025-10-01,19
2488,13,16,2025-11-01,20
2489,13,16,2025-12-01,24
2490,13,16,2026-01-01,27
2491,13,16,2026-02-01,29
2492,13,16,2026-03-01,26
2493,13,16,2026-04-01,24
2494,13,16,2026-05-01,26
2495,13,16,2026-06-01,21
2496,13,16,2026-07-01,22
2497,13,19,2025-08-01,24
2498,13,19,2025-09-01,22
2499,13,19,2025-10-01,28
2500,13,19,2025-11-01,28
2501,13,19,2025-12-01,30
2502,13,19,2026-01-01,29
2503,13,19,2026-02-01,28
2504,13,19,2026-03-01,29
2505,13,19,2026-04-01,27
2506,13,19,2026-05-01,29
2507,13,19,2026-06-01,24
2508,13,19,2026-07-01,28
2509,13,15,2025-08-01,30
2510,13,15,2025-09-01,24
2511,13,15,2025-10-01,27
2512,13,15,2025-11-01,24
2513,13,15,2025-12-01,25
2514,13,15,2026-01-01,22
2515,13,15,2026-02-01,32
2516,13,15,2026-03-01,31
2517,13,15,2026-04-01,29
2518,13,15,2026-05-01,35
2519,13,15,2026-06-01,26
2520,13,15,2026-07-01,39
2521,13,5,2025-08-01,5
2522,13,5,2025-09-01,5
2523,13,5,2025-10-01,5
2524,13,5,2025-11-01,5
2525,13,5,2025-12-01,6
2526,13,5,2026-01-01,5
2527,13,5,2026-02-01,6
2528,13,5,2026-03-01,5
2529,13,5,2026-04-01,5
2530,13,5,2026-05-01,4
2531,13,5,2026-06-01,5
2532,13,5,2026-07-01,5
2533,13,10,2025-08-01,2
2534,13,10,2025-09-01,2
2535,13,10,2025-10-01,3
2536,13,10,2025-11-01,2
2537,13,10,2025-12-01,2
2538,13,10,2026-01-01,2
2539,13,10,2026-02-01,2
2540,13,10,2026-03-01,2
2541,13,10,2026-04-01,2
2542,13,10,2026-05-01,2
2543,13,10,2026-06-01,2
2544,13,10,2026-07-01,2
2545,13,12,2025-08-01,1
2546,13,12,2025-09-01,1
2547,13,12,2025-10-01,1
2548,13,12,2025-11-01,1
2549,13,12,2025-12-01,1
2550,13,12,2026-01-01,1
2551,13,12,2026-02-01,1
2552,13,12,2026-03-01,1
2553,13,12,2026-04-01,1
2554,13,12,2026-05-01,1
2555,13,12,2026-06-01,1
2556,13,12,2026-07-01,1
2557,13,24,2025-08-01,208
2558,13,24,2025-09-01,201
2559,13,24,2025-10-01,162
2560,13,24,2025-11-01,147
2561,13,24,2025-12-01,170
2562,13,24,2026-01-01,206
2563,13,24,2026-02-01,210
2564,13,24,2026-03-01,151
2565,13,24,2026-04-01,162
2566,13,24,2026-05-01,169
2567,13,24,2026-06-01,180
2568,13,24,2026-07-01,151
2569,13,23,2025-08-01,108
2570,13,23,2025-09-01,120
2571,13,23,2025-10-01,139
2572,13,23,2025-11-01,113
2573,13,23,2025-12-01,135
2574,13,23,2026-01-01,159
2575,13,23,2026-02-01,110
2576,13,23,2026-03-01,133
2577,13,23,2026-04-01,158
2578,13,23,2026-05-01,128
2579,13,23,2026-06-01,125
2580,13,23,2026-07-01,161
2581,13,9,2025-08-01,3
2582,13,9,2025-09-01,3
2583,13,9,2025-10-01,3
2584,13,9,2025-11-01,3
2585,13,9,2025-12-01,3
2586,13,9,2026-01-01,3
2587,13,9,2026-02-01,3
2588,13,9,2026-03-01,3
2589,13,9,2026-04-01,3
2590,13,9,2026-05-01,3
2591,13,9,2026-06-01,3
2592,13,9,2026-07-01,3
2593,13,3,2025-08-01,5
2594,13,3,2025-09-01,4
2595,13,3,2025-10-01,3
2596,13,3,2025-11-01,5
2597,13,3,2025-12-01,5
2598,13,3,2026-01-01,5
2599,13,3,2026-02-01,5
2600,13,3,2026-03-01,4
2601,13,3,2026-04-01,3
2602,13,3,2026-05-01,3
2603,13,3,2026-06-01,4
2604,13,3,2026-07-01,4
2605,13,13,2025-08-01,2
2606,13,13,2025-09-01,2
2607,13,13,2025-10-01,2
2608,13,13,2025-11-01,2
2609,13,13,2025-12-01,2
2610,13,13,2026-01-01,2
2611,13,13,2026-02-01,2
2612,13,13,2026-03-01,2
2613,13,13,2026-04-01,2
2614,13,13,2026-05-01,2
2615,13,13,2026-06-01,2
2616,13,13,2026-07-01,2
2617,13,14,2025-08-01,3
2618,13,14,2025-09-01,2
2619,13,14,2025-10-01,4
2620,13,14,2025-11-01,3
2621,13,14,2025-12-01,3
2622,13,14,2026-01-01,3
2623,13,14,2026-02-01,3
2624,13,14,2026-03-01,3
2625,13,14,2026-04-01,3
2626,13,14,2026-05-01,2
2627,13,14,2026-06-01,3
2628,13,14,2026-07-01,3
2629,13,21,2025-08-01,43
2630,13,21,2025-09-01,37
2631,13,21,2025-10-01,29
2632,13,21,2025-11-01,42
2633,13,21,2025-12-01,35
2634,13,21,2026-01-01,39
2635,13,21,2026-02-01,33
2636,13,21,2026-03-01,46
2637,13,21,2026-04-01,32
2638,13,21,2026-05-01,35
2639,13,21,2026-06-01,38
2640,13,21,2026-07-01,31
2641,13,1,2025-08-01,6
2642,13,1,2025-09-01,7
2643,13,1,2025-10-01,6
2644,13,1,2025-11-01,6
2645,13,1,2025-12-01,4
2646,13,1,2026-01-01,6
2647,13,1,2026-02-01,6
2648,13,1,2026-03-01,5
2649,13,1,2026-04-01,7
2650,13,1,2026-05-01,6
2651,13,1,2026-06-01,6
2652,13,1,2026-07-01,6
2653,13,25,2025-08-01,108
2654,13,25,2025-09-01,126
2655,13,25,2025-10-01,174
2656,13,25,2025-11-01,104
2657,13,25,2025-12-01,135
2658,13,25,2026-01-01,143
2659,13,25,2026-02-01,192
2660,13,25,2026-03-01,170
2661,13,25,2026-04-01,139
2662,13,25,2026-05-01,182
2663,13,25,2026-06-01,135
2664,13,25,2026-07-01,175
2665,13,2,2025-08-01,3
2666,13,2,2025-09-01,5
2667,13,2,2025-10-01,4
2668,13,2,2025-11-01,3
2669,13,2,2025-12-01,4
2670,13,2,2026-01-01,4
2671,13,2,2026-02-01,4
2672,13,2,2026-03-01,4
2673,13,2,2026-04-01,4
2674,13,2,2026-05-01,4
2675,13,2,2026-06-01,4
2676,13,2,2026-07-01,4
2677,14,19,2025-08-01,21
2678,14,19,2025-09-01,23
2679,14,19,2025-10-01,24
2680,14,19,2025-11-01,29
2681,14,19,2025-12-01,25
2682,14,19,2026-01-01,25
2683,14,19,2026-02-01,30
2684,14,19,2026-03-01,20
2685,14,19,2026-04-01,18
2686,14,19,2026-05-01,17
2687,14,19,2026-06-01,10
2688,14,19,2026-07-01,10
2689,14,18,2025-08-01,21
2690,14,18,2025-09-01,25
2691,14,18,2025-10-01,22
2692,14,18,2025-11-01,23
2693,14,18,2025-12-01,27
2694,14,18,2026-01-01,26
2695,14,18,2026-02-01,21
2696,14,18,2026-03-01,17
2697,14,18,2026-04-01,21
2698,14,18,2026-05-01,18
2699,14,18,2026-06-01,8
2700,14,18,2026-07-01,11
2701,14,7,2025-08-01,4
2702,14,7,2025-09-01,4
2703,14,7,2025-10-01,5
2704,14,7,2025-11-01,4
2705,14,7,2025-12-01,4
2706,14,7,2026-01-01,4
2707,14,7,2026-02-01,3
2708,14,7,2026-03-01,3
2709,14,7,2026-04-01,3
2710,14,7,2026-05-01,3
2711,14,7,2026-06-01,1
2712,14,7,2026-07-01,2
2713,14,6,2025-08-01,4
2714,14,6,2025-09-01,4
2715,14,6,2025-10-01,4
2716,14,6,2025-11-01,4
2717,14,6,2025-12-01,3
2718,14,6,2026-01-01,3
2719,14,6,2026-02-01,3
2720,14,6,2026-03-01,4
2721,14,6,2026-04-01,4
2722,14,6,2026-05-01,3
2723,14,6,2026-06-01,2
2724,14,6,2026-07-01,2
2725,14,23,2025-08-01,142
2726,14,23,2025-09-01,141
2727,14,23,2025-10-01,148
2728,14,23,2025-11-01,118
2729,14,23,2025-12-01,138
2730,14,23,2026-01-01,146
2731,14,23,2026-02-01,143
2732,14,23,2026-03-01,99
2733,14,23,2026-04-01,97
2734,14,23,2026-05-01,38
2735,14,23,2026-06-01,69
2736,14,23,2026-07-01,60
2737,14,17,2025-08-01,26
2738,14,17,2025-09-01,32
2739,14,17,2025-10-01,31
2740,14,17,2025-11-01,20
2741,14,17,2025-12-01,32
2742,14,17,2026-01-01,27
2743,14,17,2026-02-01,31
2744,14,17,2026-03-01,20
2745,14,17,2026-04-01,24
2746,14,17,2026-05-01,20
2747,14,17,2026-06-01,20
2748,14,17,2026-07-01,17
2749,14,8,2025-08-01,2
2750,14,8,2025-09-01,2
2751,14,8,2025-10-01,2
2752,14,8,2025-11-01,2
2753,14,8,2025-12-01,2
2754,14,8,2026-01-01,2
2755,14,8,2026-02-01,2
2756,14,8,2026-03-01,2
2757,14,8,2026-04-01,1
2758,14,8,2026-05-01,1
2759,14,8,2026-06-01,1
2760,14,8,2026-07-01,1
2761,14,9,2025-08-01,4
2762,14,9,2025-09-01,3
2763,14,9,2025-10-01,3
2764,14,9,2025-11-01,3
2765,14,9,2025-12-01,3
2766,14,9,2026-01-01,3
2767,14,9,2026-02-01,2
2768,14,9,2026-03-01,2
2769,14,9,2026-04-01,2
2770,14,9,2026-05-01,1
2771,14,9,2026-06-01,1
2772,14,9,2026-07-01,1
2773,14,15,2025-08-01,45
2774,14,15,2025-09-01,45
2775,14,15,2025-10-01,35
2776,14,15,2025-11-01,39
2777,14,15,2025-12-01,30
2778,14,15,2026-01-01,38
2779,14,15,2026-02-01,40
2780,14,15,2026-03-01,40
2781,14,15,2026-04-01,27
2782,14,15,2026-05-01,34
2783,14,15,2026-06-01,15
2784,14,15,2026-07-01,14
2785,14,24,2025-08-01,175
2786,14,24,2025-09-01,198
2787,14,24,2025-10-01,170
2788,14,24,2025-11-01,157
2789,14,24,2025-12-01,106
2790,14,24,2026-01-01,110
2791,14,24,2026-02-01,148
2792,14,24,2026-03-01,124
2793,14,24,2026-04-01,94
2794,14,24,2026-05-01,109
2795,14,24,2026-06-01,98
2796,14,24,2026-07-01,105
2797,14,11,2025-08-01,4
2798,14,11,2025-09-01,5
2799,14,11,2025-10-01,4
2800,14,11,2025-11-01,4
2801,14,11,2025-12-01,5
2802,14,11,2026-01-01,3
2803,14,11,2026-02-01,5
2804,14,11,2026-03-01,4
2805,14,11,2026-04-01,3
2806,14,11,2026-05-01,3
2807,14,11,2026-06-01,4
2808,14,11,2026-07-01,3
2809,14,4,2025-08-01,3
2810,14,4,2025-09-01,5
2811,14,4,2025-10-01,4
2812,14,4,2025-11-01,4
2813,14,4,2025-12-01,3
2814,14,4,2026-01-01,4
2815,14,4,2026-02-01,3
2816,14,4,2026-03-01,3
2817,14,4,2026-04-01,3
2818,14,4,2026-05-01,4
2819,14,4,2026-06-01,4
2820,14,4,2026-07-01,2
2821,14,22,2025-08-01,173
2822,14,22,2025-09-01,161
2823,14,22,2025-10-01,199
2824,14,22,2025-11-01,163
2825,14,22,2025-12-01,160
2826,14,22,2026-01-01,196
2827,14,22,2026-02-01,144
2828,14,22,2026-03-01,143
2829,14,22,2026-04-01,89
2830,14,22,2026-05-01,134
2831,14,22,2026-06-01,152
2832,14,22,2026-07-01,107
2833,14,10,2025-08-01,2
2834,14,10,2025-09-01,2
2835,14,10,2025-10-01,2
2836,14,10,2025-11-01,2
2837,14,10,2025-12-01,2
2838,14,10,2026-01-01,2
2839,14,10,2026-02-01,2
2840,14,10,2026-03-01,1
2841,14,10,2026-04-01,1
2842,14,10,2026-05-01,1
2843,14,10,2026-06-01,1
2844,14,10,2026-07-01,2
2845,14,20,2025-08-01,28
2846,14,20,2025-09-01,16
2847,14,20,2025-10-01,28
2848,14,20,2025-11-01,26
2849,14,20,2025-12-01,18
2850,14,20,2026-01-01,22
2851,14,20,2026-02-01,25
2852,14,20,2026-03-01,21
2853,14,20,2026-04-01,13
2854,14,20,2026-05-01,18
2855,14,20,2026-06-01,6
2856,14,20,2026-07-01,11
2857,15,1,2025-08-01,6
2858,15,1,2025-09-01,5
2859,15,1,2025-10-01,5
2860,15,1,2025-11-01,6
2861,15,1,2025-12-01,6
2862,15,1,2026-01-01,6
2863,15,1,2026-02-01,5
2864,15,1,2026-03-01,5
2865,15,1,2026-04-01,4
2866,15,1,2026-05-01,4
2867,15,1,2026-06-01,3
2868,15,1,2026-07-01,2
2869,15,3,2025-08-01,3
2870,15,3,2025-09-01,3
2871,15,3,2025-10-01,4
2872,15,3,2025-11-01,4
2873,15,3,2025-12-01,5
2874,15,3,2026-01-01,4
2875,15,3,2026-02-01,4
2876,15,3,2026-03-01,4
2877,15,3,2026-04-01,3
2878,15,3,2026-05-01,3
2879,15,3,2026-06-01,2
2880,15,3,2026-07-01,3
2881,15,23,2025-08-01,135
2882,15,23,2025-09-01,101
2883,15,23,2025-10-01,126
2884,15,23,2025-11-01,153
2885,15,23,2025-12-01,120
2886,15,23,2026-01-01,131
2887,15,23,2026-02-01,123
2888,15,23,2026-03-01,84
2889,15,23,2026-04-01,103
2890,15,23,2026-05-01,58
2891,15,23,2026-06-01,62
2892,15,23,2026-07-01,84
2893,15,2,2025-08-01,2
2894,15,2,2025-09-01,2
2895,15,2,2025-10-01,2
2896,15,2,2025-11-01,2
2897,15,2,2025-12-01,2
2898,15,2,2026-01-01,2
2899,15,2,2026-02-01,2
2900,15,2,2026-03-01,2
2901,15,2,2026-04-01,1
2902,15,2,2026-05-01,1
2903,15,2,2026-06-01,1
2904,15,2,2026-07-01,2
2905,15,19,2025-08-01,6
2906,15,19,2025-09-01,5
2907,15,19,2025-10-01,5
2908,15,19,2025-11-01,6
2909,15,19,2025-12-01,7
2910,15,19,2026-01-01,6
2911,15,19,2026-02-01,7
2912,15,19,2026-03-01,5
2913,15,19,2026-04-01,5
2914,15,19,2026-05-01,3
2915,15,19,2026-06-01,4
2916,15,19,2026-07-01,3
2917,15,20,2025-08-01,24
2918,15,20,2025-09-01,18
2919,15,20,2025-10-01,22
2920,15,20,2025-11-01,22
2921,15,20,2025-12-01,21
2922,15,20,2026-01-01,22
2923,15,20,2026-02-01,18
2924,15,20,2026-03-01,16
2925,15,20,2026-04-01,21
2926,15,20,2026-05-01,18
2927,15,20,2026-06-01,10
2928,15,20,2026-07-01,13
2929,15,22,2025-08-01,213
2930,15,22,2025-09-01,197
2931,15,22,2025-10-01,277
2932,15,22,2025-11-01,179
2933,15,22,2025-12-01,273
2934,15,22,2026-01-01,231
2935,15,22,2026-02-01,213
2936,15,22,2026-03-01,216
2937,15,22,2026-04-01,203
2938,15,22,2026-05-01,133
2939,15,22,2026-06-01,170
2940,15,22,2026-07-01,129
2941,15,6,2025-08-01,3
2942,15,6,2025-09-01,4
2943,15,6,2025-10-01,5
2944,15,6,2025-11-01,5
2945,15,6,2025-12-01,4
2946,15,6,2026-01-01,3
2947,15,6,2026-02-01,4
2948,15,6,2026-03-01,4
2949,15,6,2026-04-01,3
2950,15,6,2026-05-01,3
2951,15,6,2026-06-01,3
2952,15,6,2026-07-01,2
2953,15,8,2025-08-01,3
2954,15,8,2025-09-01,2
2955,15,8,2025-10-01,3
2956,15,8,2025-11-01,3
2957,15,8,2025-12-01,3
2958,15,8,2026-01-01,2
2959,15,8,2026-02-01,3
2960,15,8,2026-03-01,3
2961,15,8,2026-04-01,2
2962,15,8,2026-05-01,2
2963,15,8,2026-06-01,2
2964,15,8,2026-07-01,2
2965,15,7,2025-08-01,3
2966,15,7,2025-09-01,4
2967,15,7,2025-10-01,4
2968,15,7,2025-11-01,4
2969,15,7,2025-12-01,4
2970,15,7,2026-01-01,5
2971,15,7,2026-02-01,5
2972,15,7,2026-03-01,4
2973,15,7,2026-04-01,3
2974,15,7,2026-05-01,4
2975,15,7,2026-06-01,2
2976,15,7,2026-07-01,2
2977,15,24,2025-08-01,67
2978,15,24,2025-09-01,110
2979,15,24,2025-10-01,104
2980,15,24,2025-11-01,124
2981,15,24,2025-12-01,72
2982,15,24,2026-01-01,111
2983,15,24,2026-02-01,85
2984,15,24,2026-03-01,87
2985,15,24,2026-04-01,47
2986,15,24,2026-05-01,82
2987,15,24,2026-06-01,65
2988,15,24,2026-07-01,47
2989,15,4,2025-08-01,3
2990,15,4,2025-09-01,3
2991,15,4,2025-10-01,3
2992,15,4,2025-11-01,3
2993,15,4,2025-12-01,2
2994,15,4,2026-01-01,3
2995,15,4,2026-02-01,3
2996,15,4,2026-03-01,2
2997,15,4,2026-04-01,2
2998,15,4,2026-05-01,2
2999,15,4,2026-06-01,2
3000,15,4,2026-07-01,1
3001,15,16,2025-08-01,22
3002,15,16,2025-09-01,29
3003,15,16,2025-10-01,25
3004,15,16,2025-11-01,33
3005,15,16,2025-12-01,25
3006,15,16,2026-01-01,22
3007,15,16,2026-02-01,28
3008,15,16,2026-03-01,23
3009,15,16,2026-04-01,22
3010,15,16,2026-05-01,21
3011,15,16,2026-06-01,13
3012,15,16,2026-07-01,13
3013,15,25,2025-08-01,142
3014,15,25,2025-09-01,118
3015,15,25,2025-10-01,140
3016,15,25,2025-11-01,175
3017,15,25,2025-12-01,151
3018,15,25,2026-01-01,117
3019,15,25,2026-02-01,100
3020,15,25,2026-03-01,159
3021,15,25,2026-04-01,109
3022,15,25,2026-05-01,85
3023,15,25,2026-06-01,82
3024,15,25,2026-07-01,44
3025,15,18,2025-08-01,35
3026,15,18,2025-09-01,27
3027,15,18,2025-10-01,35
3028,15,18,2025-11-01,29
3029,15,18,2025-12-01,35
3030,15,18,2026-01-01,30
3031,15,18,2026-02-01,30
3032,15,18,2026-03-01,27
3033,15,18,2026-04-01,25
3034,15,18,2026-05-01,21
3035,15,18,2026-06-01,16
3036,15,18,2026-07-01,23
3037,15,12,2025-08-01,3
3038,15,12,2025-09-01,3
3039,15,12,2025-10-01,3
3040,15,12,2025-11-01,3
3041,15,12,2025-12-01,3
3042,15,12,2026-01-01,3
3043,15,12,2026-02-01,3
3044,15,12,2026-03-01,2
3045,15,12,2026-04-01,2
3046,15,12,2026-05-01,2
3047,15,12,2026-06-01,1
3048,15,12,2026-07-01,2
3049,16,11,2025-08-01,3
3050,16,11,2025-09-01,3
3051,16,11,2025-10-01,3
3052,16,11,2025-11-01,2
3053,16,11,2025-12-01,2
3054,16,11,2026-01-01,4
3055,16,11,2026-02-01,2
3056,16,11,2026-03-01,3
3057,16,11,2026-04-01,2
3058,16,11,2026-05-01,2
3059,16,11,2026-06-01,2
3060,16,11,2026-07-01,2
3061,16,10,2025-08-01,1
3062,16,10,2025-09-01,1
3063,16,10,2025-10-01,1
3064,16,10,2025-11-01,1
3065,16,10,2025-12-01,1
3066,16,10,2026-01-01,1
3067,16,10,2026-02-01,1
3068,16,10,2026-03-01,1
3069,16,10,2026-04-01,1
3070,16,10,2026-05-01,1
3071,16,10,2026-06-01,0
3072,16,10,2026-07-01,0
3073,16,16,2025-08-01,33
3074,16,16,2025-09-01,25
3075,16,16,2025-10-01,25
3076,16,16,2025-11-01,27
3077,16,16,2025-12-01,24
3078,16,16,2026-01-01,23
3079,16,16,2026-02-01,26
3080,16,16,2026-03-01,20
3081,16,16,2026-04-01,18
3082,16,16,2026-05-01,16
3083,16,16,2026-06-01,19
3084,16,16,2026-07-01,14
3085,16,14,2025-08-01,2
3086,16,14,2025-09-01,2
3087,16,14,2025-10-01,2
3088,16,14,2025-11-01,2
3089,16,14,2025-12-01,2
3090,16,14,2026-01-01,2
3091,16,14,2026-02-01,2
3092,16,14,2026-03-01,2
3093,16,14,2026-04-01,1
3094,16,14,2026-05-01,1
3095,16,14,2026-06-01,1
3096,16,14,2026-07-01,1
3097,16,22,2025-08-01,206
3098,16,22,2025-09-01,201
3099,16,22,2025-10-01,194
3100,16,22,2025-11-01,213
3101,16,22,2025-12-01,220
3102,16,22,2026-01-01,219
3103,16,22,2026-02-01,175
3104,16,22,2026-03-01,202
3105,16,22,2026-04-01,153
3106,16,22,2026-05-01,150
3107,16,22,2026-06-01,124
3108,16,22,2026-07-01,108
3109,16,21,2025-08-01,9
3110,16,21,2025-09-01,11
3111,16,21,2025-10-01,14
3112,16,21,2025-11-01,9
3113,16,21,2025-12-01,10
3114,16,21,2026-01-01,9
3115,16,21,2026-02-01,8
3116,16,21,2026-03-01,11
3117,16,21,2026-04-01,7
3118,16,21,2026-05-01,6
3119,16,21,2026-06-01,4
3120,16,21,2026-07-01,4
3121,16,24,2025-08-01,89
3122,16,24,2025-09-01,131
3123,16,24,2025-10-01,170
3124,16,24,2025-11-01,113
3125,16,24,2025-12-01,90
3126,16,24,2026-01-01,136
3127,16,24,2026-02-01,97
3128,16,24,2026-03-01,124
3129,16,24,2026-04-01,86
3130,16,24,2026-05-01,70
3131,16,24,2026-06-01,69
3132,16,24,2026-07-01,76
3133,16,6,2025-08-01,2
3134,16,6,2025-09-01,2
3135,16,6,2025-10-01,2
3136,16,6,2025-11-01,2
3137,16,6,2025-12-01,2
3138,16,6,2026-01-01,1
3139,16,6,2026-02-01,2
3140,16,6,2026-03-01,2
3141,16,6,2026-04-01,2
3142,16,6,2026-05-01,2
3143,16,6,2026-06-01,1
3144,16,6,2026-07-01,1
3145,16,17,2025-08-01,22
3146,16,17,2025-09-01,20
3147,16,17,2025-10-01,22
3148,16,17,2025-11-01,21
3149,16,17,2025-12-01,18
3150,16,17,2026-01-01,15
3151,16,17,2026-02-01,19
3152,16,17,2026-03-01,18
3153,16,17,2026-04-01,18
3154,16,17,2026-05-01,10
3155,16,17,2026-06-01,9
3156,16,17,2026-07-01,11
3157,16,12,2025-08-01,3
3158,16,12,2025-09-01,2
3159,16,12,2025-10-01,3
3160,16,12,2025-11-01,2
3161,16,12,2025-12-01,3
3162,16,12,2026-01-01,4
3163,16,12,2026-02-01,4
3164,16,12,2026-03-01,2
3165,16,12,2026-04-01,2
3166,16,12,2026-05-01,2
3167,16,12,2026-06-01,3
3168,16,12,2026-07-01,1
3169,16,2,2025-08-01,3
3170,16,2,2025-09-01,4
3171,16,2,2025-10-01,3
3172,16,2,2025-11-01,3
3173,16,2,2025-12-01,2
3174,16,2,2026-01-01,3
3175,16,2,2026-02-01,2
3176,16,2,2026-03-01,2
3177,16,2,2026-04-01,3
3178,16,2,2026-05-01,2
3179,16,2,2026-06-01,2
3180,16,2,2026-07-01,1
3181,16,4,2025-08-01,3
3182,16,4,2025-09-01,3
3183,16,4,2025-10-01,3
3184,16,4,2025-11-01,2
3185,16,4,2025-12-01,3
3186,16,4,2026-01-01,3
3187,16,4,2026-02-01,3
3188,16,4,2026-03-01,3
3189,16,4,2026-04-01,2
3190,16,4,2026-05-01,2
3191,16,4,2026-06-01,2
3192,16,4,2026-07-01,1
3193,16,19,2025-08-01,28
3194,16,19,2025-09-01,21
3195,16,19,2025-10-01,24
3196,16,19,2025-11-01,25
3197,16,19,2025-12-01,30
3198,16,19,2026-01-01,23
3199,16,19,2026-02-01,26
3200,16,19,2026-03-01,25
3201,16,19,2026-04-01,18
3202,16,19,2026-05-01,16
3203,16,19,2026-06-01,13
3204,16,19,2026-07-01,12
3205,16,8,2025-08-01,5
3206,16,8,2025-09-01,4
3207,16,8,2025-10-01,4
3208,16,8,2025-11-01,3
3209,16,8,2025-12-01,3
3210,16,8,2026-01-01,5
3211,16,8,2026-02-01,4
3212,16,8,2026-03-01,3
3213,16,8,2026-04-01,4
3214,16,8,2026-05-01,3
3215,16,8,2026-06-01,3
3216,16,8,2026-07-01,2
3217,16,13,2025-08-01,2
3218,16,13,2025-09-01,2
3219,16,13,2025-10-01,2
3220,16,13,2025-11-01,2
3221,16,13,2025-12-01,2
3222,16,13,2026-01-01,3
3223,16,13,2026-02-01,2
3224,16,13,2026-03-01,1
3225,16,13,2026-04-01,1
3226,16,13,2026-05-01,2
3227,16,13,2026-06-01,1
3228,16,13,2026-07-01,1
3229,16,15,2025-08-01,32
3230,16,15,2025-09-01,26
3231,16,15,2025-10-01,23
3232,16,15,2025-11-01,27
3233,16,15,2025-12-01,29
3234,16,15,2026-01-01,21
3235,16,15,2026-02-01,22
3236,16,15,2026-03-01,24
3237,16,15,2026-04-01,20
3238,16,15,2026-05-01,21
3239,16,15,2026-06-01,12
3240,16,15,2026-07-01,18
3241,16,23,2025-08-01,143
3242,16,23,2025-09-01,217
3243,16,23,2025-10-01,129
3244,16,23,2025-11-01,145
3245,16,23,2025-12-01,185
3246,16,23,2026-01-01,217
3247,16,23,2026-02-01,168
3248,16,23,2026-03-01,161
3249,16,23,2026-04-01,133
3250,16,23,2026-05-01,92
3251,16,23,2026-06-01,92
3252,16,23,2026-07-01,59
3253,17,9,2025-08-01,2
3254,17,9,2025-09-01,2
3255,17,9,2025-10-01,2
3256,17,9,2025-11-01,2
3257,17,9,2025-12-01,2
3258,17,9,2026-01-01,2
3259,17,9,2026-02-01,2
3260,17,9,2026-03-01,2
3261,17,9,2026-04-01,2
3262,17,9,2026-05-01,2
3263,17,9,2026-06-01,1
3264,17,9,2026-07-01,1
3265,17,20,2025-08-01,24
3266,17,20,2025-09-01,26
3267,17,20,2025-10-01,27
3268,17,20,2025-11-01,25
3269,17,20,2025-12-01,23
3270,17,20,2026-01-01,22
3271,17,20,2026-02-01,16
3272,17,20,2026-03-01,19
3273,17,20,2026-04-01,24
3274,17,20,2026-05-01,12
3275,17,20,2026-06-01,11
3276,17,20,2026-07-01,22
3277,17,25,2025-08-01,142
3278,17,25,2025-09-01,165
3279,17,25,2025-10-01,172
3280,17,25,2025-11-01,173
3281,17,25,2025-12-01,121
3282,17,25,2026-01-01,152
3283,17,25,2026-02-01,106
3284,17,25,2026-03-01,189
3285,17,25,2026-04-01,82
3286,17,25,2026-05-01,82
3287,17,25,2026-06-01,70
3288,17,25,2026-07-01,46
3289,17,24,2025-08-01,114
3290,17,24,2025-09-01,130
3291,17,24,2025-10-01,88
3292,17,24,2025-11-01,76
3293,17,24,2025-12-01,63
3294,17,24,2026-01-01,92
3295,17,24,2026-02-01,83
3296,17,24,2026-03-01,71
3297,17,24,2026-04-01,75
3298,17,24,2026-05-01,70
3299,17,24,2026-06-01,62
3300,17,24,2026-07-01,45
3301,17,14,2025-08-01,2
3302,17,14,2025-09-01,2
3303,17,14,2025-10-01,2
3304,17,14,2025-11-01,2
3305,17,14,2025-12-01,2
3306,17,14,2026-01-01,2
3307,17,14,2026-02-01,1
3308,17,14,2026-03-01,1
3309,17,14,2026-04-01,1
3310,17,14,2026-05-01,2
3311,17,14,2026-06-01,1
3312,17,14,2026-07-01,1
3313,17,5,2025-08-01,4
3314,17,5,2025-09-01,4
3315,17,5,2025-10-01,5
3316,17,5,2025-11-01,4
3317,17,5,2025-12-01,4
3318,17,5,2026-01-01,5
3319,17,5,2026-02-01,4
3320,17,5,2026-03-01,3
3321,17,5,2026-04-01,3
3322,17,5,2026-05-01,3
3323,17,5,2026-06-01,3
3324,17,5,2026-07-01,2
3325,17,21,2025-08-01,23
3326,17,21,2025-09-01,13
3327,17,21,2025-10-01,19
3328,17,21,2025-11-01,19
3329,17,21,2025-12-01,17
3330,17,21,2026-01-01,26
3331,17,21,2026-02-01,17
3332,17,21,2026-03-01,15
3333,17,21,2026-04-01,15
3334,17,21,2026-05-01,7
3335,17,21,2026-06-01,9
3336,17,21,2026-07-01,13
3337,17,22,2025-08-01,142
3338,17,22,2025-09-01,137
3339,17,22,2025-10-01,188
3340,17,22,2025-11-01,189
3341,17,22,2025-12-01,169
3342,17,22,2026-01-01,146
3343,17,22,2026-02-01,139
3344,17,22,2026-03-01,113
3345,17,22,2026-04-01,96
3346,17,22,2026-05-01,82
3347,17,22,2026-06-01,80
3348,17,22,2026-07-01,57
3349,17,10,2025-08-01,1
3350,17,10,2025-09-01,1
3351,17,10,2025-10-01,1
3352,17,10,2025-11-01,1
3353,17,10,2025-12-01,1
3354,17,10,2026-01-01,1
3355,17,10,2026-02-01,1
3356,17,10,2026-03-01,1
3357,17,10,2026-04-01,1
3358,17,10,2026-05-01,1
3359,17,10,2026-06-01,1
3360,17,10,2026-07-01,0
3361,17,16,2025-08-01,31
3362,17,16,2025-09-01,26
3363,17,16,2025-10-01,29
3364,17,16,2025-11-01,30
3365,17,16,2025-12-01,27
3366,17,16,2026-01-01,35
3367,17,16,2026-02-01,36
3368,17,16,2026-03-01,23
3369,17,16,2026-04-01,26
3370,17,16,2026-05-01,17
3371,17,16,2026-06-01,18
3372,17,16,2026-07-01,14
3373,17,13,2025-08-01,3
3374,17,13,2025-09-01,3
3375,17,13,2025-10-01,3
3376,17,13,2025-11-01,3
3377,17,13,2025-12-01,3
3378,17,13,2026-01-01,2
3379,17,13,2026-02-01,3
3380,17,13,2026-03-01,3
3381,17,13,2026-04-01,2
3382,17,13,2026-05-01,3
3383,17,13,2026-06-01,2
3384,17,13,2026-07-01,1
3385,17,18,2025-08-01,22
3386,17,18,2025-09-01,25
3387,17,18,2025-10-01,20
3388,17,18,2025-11-01,27
3389,17,18,2025-12-01,24
3390,17,18,2026-01-01,24
3391,17,18,2026-02-01,24
3392,17,18,2026-03-01,25
3393,17,18,2026-04-01,18
3394,17,18,2026-05-01,15
3395,17,18,2026-06-01,19
3396,17,18,2026-07-01,15
3397,17,19,2025-08-01,26
3398,17,19,2025-09-01,27
3399,17,19,2025-10-01,28
3400,17,19,2025-11-01,28
3401,17,19,2025-12-01,22
3402,17,19,2026-01-01,21
3403,17,19,2026-02-01,21
3404,17,19,2026-03-01,19
3405,17,19,2026-04-01,18
3406,17,19,2026-05-01,21
3407,17,19,2026-06-01,16
3408,17,19,2026-07-01,15
3409,17,12,2025-08-01,1
3410,17,12,2025-09-01,1
3411,17,12,2025-10-01,1
3412,17,12,2025-11-01,1
3413,17,12,2025-12-01,1
3414,17,12,2026-01-01,1
3415,17,12,2026-02-01,1
3416,17,12,2026-03-01,1
3417,17,12,2026-04-01,1
3418,17,12,2026-05-01,1
3419,17,12,2026-06-01,1
3420,17,12,2026-07-01,0
3421,17,6,2025-08-01,2
3422,17,6,2025-09-01,2
3423,17,6,2025-10-01,2
3424,17,6,2025-11-01,2
3425,17,6,2025-12-01,2
3426,17,6,2026-01-01,2
3427,17,6,2026-02-01,2
3428,17,6,2026-03-01,2
3429,17,6,2026-04-01,2
3430,17,6,2026-05-01,1
3431,17,6,2026-06-01,1
3432,17,6,2026-07-01,1
3433,17,3,2025-08-01,3
3434,17,3,2025-09-01,3
3435,17,3,2025-10-01,3
3436,17,3,2025-11-01,3
3437,17,3,2025-12-01,3
3438,17,3,2026-01-01,3
3439,17,3,2026-02-01,3
3440,17,3,2026-03-01,3
3441,17,3,2026-04-01,2
3442,17,3,2026-05-01,2
3443,17,3,2026-06-01,2
3444,17,3,2026-07-01,2
3445,17,8,2025-08-01,2
3446,17,8,2025-09-01,2
3447,17,8,2025-10-01,2
3448,17,8,2025-11-01,1
3449,17,8,2025-12-01,2
3450,17,8,2026-01-01,2
3451,17,8,2026-02-01,2
3452,17,8,2026-03-01,2
3453,17,8,2026-04-01,1
3454,17,8,2026-05-01,1
3455,17,8,2026-06-01,0
3456,17,8,2026-07-01,1
3457,17,7,2025-08-01,4
3458,17,7,2025-09-01,4
3459,17,7,2025-10-01,5
3460,17,7,2025-11-01,5
3461,17,7,2025-12-01,4
3462,17,7,2026-01-01,4
3463,17,7,2026-02-01,4
3464,17,7,2026-03-01,3
3465,17,7,2026-04-01,3
3466,17,7,2026-05-01,2
3467,17,7,2026-06-01,2
3468,17,7,2026-07-01,3
3469,17,23,2025-08-01,300
3470,17,23,2025-09-01,226
3471,17,23,2025-10-01,198
3472,17,23,2025-11-01,184
3473,17,23,2025-12-01,243
3474,17,23,2026-01-01,165
3475,17,23,2026-02-01,225
3476,17,23,2026-03-01,216
3477,17,23,2026-04-01,185
3478,17,23,2026-05-01,145
3479,17,23,2026-06-01,153
3480,17,23,2026-07-01,122
3481,18,25,2025-08-01,111
3482,18,25,2025-09-01,161
3483,18,25,2025-10-01,119
3484,18,25,2025-11-01,141
3485,18,25,2025-12-01,80
3486,18,25,2026-01-01,150
3487,18,25,2026-02-01,144
3488,18,25,2026-03-01,106
3489,18,25,2026-04-01,106
3490,18,25,2026-05-01,96
3491,18,25,2026-06-01,63
3492,18,25,2026-07-01,76
3493,18,17,2025-08-01,18
3494,18,17,2025-09-01,19
3495,18,17,2025-10-01,25
3496,18,17,2025-11-01,24
3497,18,17,2025-12-01,19
3498,18,17,2026-01-01,19
3499,18,17,2026-02-01,17
3500,18,17,2026-03-01,20
3501,18,17,2026-04-01,13
3502,18,17,2026-05-01,15
3503,18,17,2026-06-01,15
3504,18,17,2026-07-01,11
3505,18,20,2025-08-01,32
3506,18,20,2025-09-01,27
3507,18,20,2025-10-01,27
3508,18,20,2025-11-01,24
3509,18,20,2025-12-01,32
3510,18,20,2026-01-01,25
3511,18,20,2026-02-01,27
3512,18,20,2026-03-01,23
3513,18,20,2026-04-01,17
3514,18,20,2026-05-01,16
3515,18,20,2026-06-01,23
3516,18,20,2026-07-01,15
3517,18,10,2025-08-01,3
3518,18,10,2025-09-01,3
3519,18,10,2025-10-01,3
3520,18,10,2025-11-01,5
3521,18,10,2025-12-01,3
3522,18,10,2026-01-01,3
3523,18,10,2026-02-01,3
3524,18,10,2026-03-01,2
3525,18,10,2026-04-01,2
3526,18,10,2026-05-01,3
3527,18,10,2026-06-01,2
3528,18,10,2026-07-01,1
3529,18,1,2025-08-01,4
3530,18,1,2025-09-01,5
3531,18,1,2025-10-01,4
3532,18,1,2025-11-01,3
3533,18,1,2025-12-01,4
3534,18,1,2026-01-01,4
3535,18,1,2026-02-01,4
3536,18,1,2026-03-01,4
3537,18,1,2026-04-01,4
3538,18,1,2026-05-01,3
3539,18,1,2026-06-01,2
3540,18,1,2026-07-01,1
3541,18,23,2025-08-01,93
3542,18,23,2025-09-01,69
3543,18,23,2025-10-01,83
3544,18,23,2025-11-01,90
3545,18,23,2025-12-01,71
3546,18,23,2026-01-01,73
3547,18,23,2026-02-01,78
3548,18,23,2026-03-01,79
3549,18,23,2026-04-01,79
3550,18,23,2026-05-01,66
3551,18,23,2026-06-01,53
3552,18,23,2026-07-01,35
3553,18,6,2025-08-01,3
3554,18,6,2025-09-01,4
3555,18,6,2025-10-01,4
3556,18,6,2025-11-01,4
3557,18,6,2025-12-01,3
3558,18,6,2026-01-01,4
3559,18,6,2026-02-01,4
3560,18,6,2026-03-01,3
3561,18,6,2026-04-01,2
3562,18,6,2026-05-01,4
3563,18,6,2026-06-01,2
3564,18,6,2026-07-01,2
3565,18,2,2025-08-01,2
3566,18,2,2025-09-01,2
3567,18,2,2025-10-01,2
3568,18,2,2025-11-01,3
3569,18,2,2025-12-01,2
3570,18,2,2026-01-01,2
3571,18,2,2026-02-01,2
3572,18,2,2026-03-01,1
3573,18,2,2026-04-01,2
3574,18,2,2026-05-01,1
3575,18,2,2026-06-01,1
3576,18,2,2026-07-01,1
3577,18,5,2025-08-01,3
3578,18,5,2025-09-01,4
3579,18,5,2025-10-01,4
3580,18,5,2025-11-01,3
3581,18,5,2025-12-01,4
3582,18,5,2026-01-01,5
3583,18,5,2026-02-01,5
3584,18,5,2026-03-01,3
3585,18,5,2026-04-01,3
3586,18,5,2026-05-01,3
3587,18,5,2026-06-01,3
3588,18,5,2026-07-01,2
3589,18,8,2025-08-01,2
3590,18,8,2025-09-01,2
3591,18,8,2025-10-01,2
3592,18,8,2025-11-01,2
3593,18,8,2025-12-01,2
3594,18,8,2026-01-01,2
3595,18,8,2026-02-01,2
3596,18,8,2026-03-01,2
3597,18,8,2026-04-01,2
3598,18,8,2026-05-01,1
3599,18,8,2026-06-01,2
3600,18,8,2026-07-01,1
3601,18,3,2025-08-01,6
3602,18,3,2025-09-01,3
3603,18,3,2025-10-01,4
3604,18,3,2025-11-01,4
3605,18,3,2025-12-01,4
3606,18,3,2026-01-01,5
3607,18,3,2026-02-01,3
3608,18,3,2026-03-01,4
3609,18,3,2026-04-01,4
3610,18,3,2026-05-01,3
3611,18,3,2026-06-01,2
3612,18,3,2026-07-01,3
3613,18,22,2025-08-01,141
3614,18,22,2025-09-01,130
3615,18,22,2025-10-01,123
3616,18,22,2025-11-01,123
3617,18,22,2025-12-01,118
3618,18,22,2026-01-01,130
3619,18,22,2026-02-01,110
3620,18,22,2026-03-01,85
3621,18,22,2026-04-01,72
3622,18,22,2026-05-01,67
3623,18,22,2026-06-01,75
3624,18,22,2026-07-01,61
3625,18,18,2025-08-01,17
3626,18,18,2025-09-01,17
3627,18,18,2025-10-01,14
3628,18,18,2025-11-01,20
3629,18,18,2025-12-01,15
3630,18,18,2026-01-01,15
3631,18,18,2026-02-01,16
3632,18,18,2026-03-01,9
3633,18,18,2026-04-01,10
3634,18,18,2026-05-01,13
3635,18,18,2026-06-01,5
3636,18,18,2026-07-01,11
3637,18,13,2025-08-01,4
3638,18,13,2025-09-01,3
3639,18,13,2025-10-01,3
3640,18,13,2025-11-01,4
3641,18,13,2025-12-01,3
3642,18,13,2026-01-01,3
3643,18,13,2026-02-01,2
3644,18,13,2026-03-01,2
3645,18,13,2026-04-01,2
3646,18,13,2026-05-01,2
3647,18,13,2026-06-01,2
3648,18,13,2026-07-01,1
3649,18,16,2025-08-01,21
3650,18,16,2025-09-01,22
3651,18,16,2025-10-01,28
3652,18,16,2025-11-01,33
3653,18,16,2025-12-01,28
3654,18,16,2026-01-01,24
3655,18,16,2026-02-01,27
3656,18,16,2026-03-01,21
3657,18,16,2026-04-01,18
3658,18,16,2026-05-01,14
3659,18,16,2026-06-01,21
3660,18,16,2026-07-01,4
3661,18,14,2025-08-01,2
3662,18,14,2025-09-01,2
3663,18,14,2025-10-01,2
3664,18,14,2025-11-01,3
3665,18,14,2025-12-01,2
3666,18,14,2026-01-01,2
3667,18,14,2026-02-01,2
3668,18,14,2026-03-01,2
3669,18,14,2026-04-01,1
3670,18,14,2026-05-01,1
3671,18,14,2026-06-01,1
3672,18,14,2026-07-01,1
3673,18,15,2025-08-01,34
3674,18,15,2025-09-01,36
3675,18,15,2025-10-01,33
3676,18,15,2025-11-01,31
3677,18,15,2025-12-01,43
3678,18,15,2026-01-01,33
3679,18,15,2026-02-01,29
3680,18,15,2026-03-01,34
3681,18,15,2026-04-01,22
3682,18,15,2026-05-01,20
3683,18,15,2026-06-01,20
3684,18,15,2026-07-01,18
3685,18,4,2025-08-01,3
3686,18,4,2025-09-01,4
3687,18,4,2025-10-01,3
3688,18,4,2025-11-01,2
3689,18,4,2025-12-01,3
3690,18,4,2026-01-01,3
3691,18,4,2026-02-01,3
3692,18,4,2026-03-01,3
3693,18,4,2026-04-01,2
3694,18,4,2026-05-01,2
3695,18,4,2026-06-01,2
3696,18,4,2026-07-01,1
3697,18,12,2025-08-01,3
3698,18,12,2025-09-01,4
3699,18,12,2025-10-01,3
3700,18,12,2025-11-01,3
3701,18,12,2025-12-01,2
3702,18,12,2026-01-01,3
3703,18,12,2026-02-01,2
3704,18,12,2026-03-01,2
3705,18,12,2026-04-01,3
3706,18,12,2026-05-01,2
3707,18,12,2026-06-01,2
3708,18,12,2026-07-01,1
